:020000040800F2
:10000000F0CA002029030008755300087D4300084A
:1000100015530008A1110008A97400080000000091
:10002000000000000000000000000000690200085D
:10003000CD16000800000000C5020008096A00088B
:100040004303000843030008430300084303000878
:100050004303000843030008CF16000843030008C9
:1000600043030008DD160008E316000843030008F8
:100070004303000843030008430300084303000848
:100080004303000843030008430300084303000838
:10009000A51100084303000843030008E9160008FF
:1000A0004303000843030008430300084303000818
:1000B0004303000843030008430300084303000808
:1000C00043030008430300084303000843030008F8
:1000D0004303000835730008430300084D7300080C
:1000E000D516000843030008430300084303000833
:1000F00043030008430300084303000843030008C8
:1001000043030008430300084303000843030008B7
:1001100043030008430300084303000843030008A7
:10012000430300084D130008591300082D1600085A
:100130004303000843030008430300084303000887
:10014000B1110008430300084303000843030008FB
:10015000391600084516000843030008017400081A
:100160004303000843030008430300084303000857
:100170004303000843030008430300080000000095
:10018000430300084303000800F002F800F05CF8A5
:100190000AA090E8000C82448344AAF10107DA45E2
:1001A00001D100F051F8AFF2090EBAE80F0013F0D8
:1001B000010F18BFFB1A43F00103184798220100F2
:1001C000B82201000A444FF0000C10F8013B13F074
:1001D000070408BF10F8014B1D1108BF10F8015BA0
:1001E000641E05D010F8016B641E01F8016BF9D193
:1001F00013F0080F1EBF10F8014BAD1C0C1B09D1EA
:100200006D1E58BF01F801CBFAD505E014F8016B5B
:1002100001F8016B6D1EF9D59142D6D370470000ED
:100220000023002400250026103A28BF78C1FBD8FF
:10023000520728BF30C148BF0B6070471FB510F090
:1002400001FE1FBD10B510BD00F091FA1146FFF779
:10025000F5FF0CF0CBFD00F0AFFA03B4FFF7F2FFAF
:1002600003BC00F0BFFA00002C4B19680868B0E826
:10027000F04F80F30988BFF36F8F4FF0000080F3D9
:10028000118870470000000008480068006880F38B
:1002900008884FF0000080F3148862B661B6BFF39F
:1002A0004F8FBFF36F8F00DF00BF00BF08ED00E08E
:1002B000DFF80C00016841F470010160704700BF75
:1002C00088ED00E0EFF30980BFF36F8F134B1A68DE
:1002D0001EF0100F08BF20ED108A20E9F04F1060CB
:1002E00009B44FF0500080F31188BFF34F8FBFF374
:1002F0006F8F0EF0C1FB4FF0000080F3118809BC36
:1003000019680868B0E8F04F1EF0100F08BFB0EC95
:10031000108A80F30988BFF36F8F70473000002088
:10032000EFF30580704700000948804709480047FF
:10033000FEE7FEE7FEE7FEE7FEE7FEE7FEE7FEE795
:10034000FEE7FEE704480549054A064B70470000F2
:10035000BD6A000889010008F08A0020F0CA002068
:10036000F0AA0020F0AA00209FED1A1AF5EE000A6C
:1003700040EE010ABDEEE00AF5EEC00A10EE100AEA
:10038000F1EE10FA38BF401E00EE100A1349F7EEE6
:10039000001AB8EEC00A30EEC00ADFED0F0A20EEF8
:1003A000200AFCEEC00A10EE900AC0F3080000EE2E
:1003B000900A01EB8000F8EE600A90ED011A70EEF1
:1003C000600A90ED000A71EEE01A21EE800A00EE5C
:1003D000810A704783F9223E000000448819010811
:1003E000DFED190AB5EEC00A60EE200ABDEEE01A94
:1003F00011EE100AF1EE10FA38BF401E00EE100A9E
:100400001349F7EE001AB8EEC00A30EEC00ADFED6D
:100410000F0A60EE200ABCEEE00A10EE100AC0F3EC
:10042000080000EE100A01EB8000B8EE400A90EDE3
:10043000011A70EEC00A90ED000A71EEE01A21EE8A
:10044000800A00EE810A704783F9223E00000044D2
:100450008819010853EA020C00F069802DE9F04B7D
:100460004FF00006002B1FBFB3FA83F503FA05F423
:1004700024FA05F65E4012BF1643B2FA82F502FA7C
:1004800005F4C5F120051EBF22FA05FC44EA0C0460
:10049000203556EA044C4FEA144418BF641C4FF050
:1004A00000084FF00009904271EB030C39D300298A
:1004B00019BFB1FA81F701FA07F6B0FA80F700FA2E
:1004C00007F6C7F120071EBF20FA07FC46EA0C0614
:1004D0002037B6FBF4FCA7EB0507103F07F01F0B16
:1004E000CBF120060CFA0BFB2CFA06F644BFB34600
:1004F0000026202FA4BF5E464FF0000B5BEA060CDF
:1005000008BF4FF0010B19EB0B09ABFB027C48EB6A
:100510000608C01B06FB02CC0BFB03CC71EB0C01E5
:10052000C1E70B46024641464846BDE8F08B13B58D
:100530004FF000004FF00001AFF30080BDE81C4019
:10054000704710B5431C02E010F8011B71B1810720
:10055000FAD14FF0013202C88C1A8C4314EAC2114E
:10056000F9D0C01A0A0603D0C01E10BDC01A10BDB3
:100570000A0401D0801E10BD0902FCD0401E10BD2F
:10058000032A40F2308010F0030C00F0158011F8BF
:10059000013BBCF1020F624498BF11F801CB00F897
:1005A000013B38BF11F8013BA2F1040298BF00F8EB
:1005B00001CB38BF00F8013B11F0030300F02580A8
:1005C000083AC0F0088051F8043B083A51F804CBCF
:1005D000A0E80810F5E7121D5CBF51F8043B40F895
:1005E000043BAFF30080D20724BF11F8013B11F8A0
:1005F00001CB48BF11F8012B24BF00F8013B00F8E4
:1006000001CB48BF00F8012B704710B5203AC0F06D
:100610000B80B1E81850203AA0E81850B1E8185003
:10062000A0E81850BFF4F5AF5FEA027C24BFB1E840
:100630001850A0E8185044BF18C918C0BDE81040B1
:100640005FEA827C24BF51F8043B40F8043B08BFBA
:100650007047D20728BF31F8023B48BF11F8012B81
:1006600028BF20F8023B48BF00F8012B704702F07A
:10067000FF0343EA032242EA024200F002B84FF0CD
:1006800000020429C0F0128010F0030C00F01B805F
:10069000CCF1040CBCF1020F18BF00F8012BA8BF6D
:1006A00020F8022BA1EB0C0100F00DB85FEAC17C31
:1006B00024BF00F8012B00F8012B48BF00F8012BE4
:1006C00070474FF0000200B5134694469646203915
:1006D00022BFA0E80C50A0E80C50B1F12001BFF4FB
:1006E000F7AF090728BFA0E80C5048BF0CC05DF861
:1006F00004EB890028BF40F8042B08BF704748BFAF
:1007000020F8022B11F0804F18BF00F8012B704722
:1007100070477047704710B500F00CF8006810BDC6
:1007200010B5044600F006F8046010BD004870479C
:100730008C8A0020004870478C8A00201FB584B046
:1007400000200A9C06AB04AA02A90094AFF3008023
:1007500018B1DDE9020108B010BD0348204000F0E7
:1007600039F800200146F6E70000207C7047754606
:10077000FFF7DCFFAE4605006946534620F0070050
:10078000854618B020B5FFF7DDFDBDE820404FF0ED
:1007900000064FF000074FF000084FF0000B21F06B
:1007A0000701AC46ACE8C009ACE8C009ACE8C00938
:1007B000ACE8C0098D46704710B50446AFF3008021
:1007C0002046BDE81040FFF748BD002801D000F0EA
:1007D00009B8704710B500F025F8BDE81040FFF7E4
:1007E000F4BF000001491820ABBEFEE7260002005E
:1007F00070B505460C460A2000E06D1C00F068F854
:1008000035B128780028F8D102E0641C00F060F8C7
:1008100014B120780028F8D1BDE870400A2000F01B
:1008200057B8000010B5022803D0410103D50DA12F
:1008300012E0002010BD010101D50FA10CE0C100A4
:1008400001D511A108E0810001D512A104E040000A
:1008500001D513A100E0002115A0FFF7C9FF012079
:1008600010BD0000496E76616C6964204F7065723E
:100870006174696F6E0000004469766964652042A6
:1008800079205A65726F00004F766572666C6F77DB
:1008900000000000556E646572666C6F77000000A2
:1008A000496E657861637420526573756C740000DD
:1008B0005349474650453A2041726974686D6574E2
:1008C000696320657863657074696F6E3A20000013
:1008D00008B569468DF800000320ABBE08BD0000D6
:1008E000464910B54A6822F440324A604A68436873
:1008F0001A434A6001684A6822F480724A600168BB
:100900004A68036942EA03224A6001684A6822F0A1
:1009100040724A6001684A6883681A434A60016805
:100920008A6822F400628A6001688A68C3681A4390
:100930008A60816A6FF07062D14201688A6822F031
:1009400070628A6001688A680CD0836A1A438A6080
:1009500001688A6822F040528A6001688A68C36A26
:100960001A4301E022F040528A6001688A6822F04E
:1009700002028A6001688A68037E42EA43028A6052
:1009800090F82010002901684A680FD042F40062F4
:100990004A6001684A6822F460424A6001684A6815
:1009A000174C436A04EB43331A4301E022F400621C
:1009B0004A600168CA6A22F47002CA620168CA6A9F
:1009C000838B104C04EB03531A43CA6201688A6894
:1009D00022F400728A6001688A6890F8303042EA36
:1009E00043228A6001688A6822F480628A60016812
:1009F0008A68406942EA8020886010BD0023014077
:100A000000E0FFFF0000F0FF06F08ABD07F08CB8A1
:100A1000FFF7AABCF0EE400AF5EEC00AF1EE10FABC
:100A200002DDB0EE600A7047B1EE600AFBE700003D
:100A3000002803D09FED020A80ED000A70470000F5
:100A400000000000002803D0B3EE060A80ED000A83
:100A50007047000070B52DED0C8B84B006460C4637
:100A600015469FED990AF0EE408A9FED970AB0EE89
:100A7000409A9FED950AF0EE40BA9FED930AF0EE92
:100A8000409A9FED910AB0EE40AA0EB104B11DB993
:100A900004B0BDEC0C8B70BD8C48FFF7C9FF8C48CF
:100AA000FFF7D0FF8A48D0ED000A9FED8A1A60EE6A
:100AB000810AB0EE600A00F025F9F0EE408A28EED7
:100AC000A80AF0EE408A8248D0ED000AB0EE001A83
:100AD00060EE810A9FED7F1A60EE810AB0EE600A37
:100AE00000F010F9B0EE409A29EE090AB0EE409AF3
:100AF000DFED790AB7EE000A00EEA80ADFED770A0B
:100B000000EEC90ADFED760A20EE200A754880ED76
:100B1000000A6E4890ED000ADFED730A80EE201A9D
:100B2000B7EE000A31EE000A20EE000A6D48D0ED63
:100B3000000A80EE801A6D4880ED001A94ED000ADC
:100B4000B5EEC00AF1EE10FA0DD194ED010AB5EE42
:100B5000C00AF1EE10FA06D194ED020AB5EEC00A11
:100B6000F1EE10FA46D09FED580AB0EE408A002010
:100B7000019002900390D4ED000A60EEA00A94ED7B
:100B8000011AD4ED011A41EE210A94ED021AD4EDB6
:100B9000021A41EE210AB0EE600A00F0A9F8B0EEA8
:100BA000408A94ED000A20EE080A8DED010A94EDCA
:100BB000010A20EE080A8DED020A94ED020A20EEE9
:100BC000080A8DED030ADDED010AF1EE600AB0EED0
:100BD000600AFFF719FFF0EE409A9DED031AF0EE60
:100BE000410A9DED021AB0EE410AFFF70FFFB0EE89
:100BF00040AA07E09FED340AF0EE409A9FED320ADA
:100C0000B0EE40AA95ED000AB5EEC00AF1EE10FA7A
:100C10000DD195ED010AB5EEC00AF1EE10FA06D13C
:100C200095ED020AB5EEC00AF1EE10FA3CD0B0EE36
:100C3000690A00F067F8B0EE408AB0EE690AFFF783
:100C4000E7FEB0EE40DAB0EE4A0A00F05BF8F0EEF4
:100C500040AAB0EE4A0AFFF7DBFEB0EE40BA28EE3B
:100C60002A0AD5ED010A20EE200AD5ED000A0DEE84
:100C7000200A68EE0B0A95ED021A00EE810AB0EE2A
:100C800040CA95ED010A20EE0B0AD5ED020A0AEEE4
:100C9000E00AF0EE40CAF0EE6C0AB0EE4C0AFFF744
:100CA000B5FEF0EE40BA03E09FED070AF0EE40BA61
:100CB000B0EE4A1AF0EE690AB0EE6B0A304609F05F
:100CC0008FFC00BFE4E600000000000028020020C6
:100CD0002C02002035FA8E3CC1BFAD3B9DF8C536D5
:100CE0002F7C1C4130020020506CC24A340200208C
:100CF00010B508F032FAB7EE001AC1EE000AB0EEF5
:100D0000600A10BDFFF76CBB2DE9F0412DED028BA1
:100D10009AB00546B0EE408A0E4617469846002027
:100D20001790189019901490159016904DB146B1E7
:100D30003FB1B8F1000F04D0B5EEC08AF1EE10FA61
:100D400005D100201AB0BDEC028BBDE8F08196ED14
:100D5000000A8DED170A96ED010A8DED180A96ED41
:100D6000020A8DED190A97ED000A8DED140A97ED30
:100D7000010A8DED150A97ED020A8DED160A17AAE4
:100D800014A9284608F074FE402104A8FFF799FC36
:100D900000200090019002900390002417A904A85D
:100DA0000DF080FB00BF30E004A800EB041090EDD4
:100DB000000AD5ED000A20EE200A04A800EB04107A
:100DC000D0ED010A95ED011A00EE810A04A800EBAE
:100DD0000410D0ED020A95ED021A00EE810A04A873
:100DE00000EB0410D0ED030A95ED031A00EE810A22
:100DF00020EE080AF0EE000A80EE201A684600EBAA
:100E0000840080ED001A601CC4B2042CCCDB0024EA
:100E100010E005EB840090ED000A684600EB8400CA
:100E2000D0ED000A30EE200A05EB840080ED000AC8
:100E3000601CC4B2042CECDB28460CF029FF012016
:100E400080E7000001221021014801F01DBD0000D3
:100E50000000024000221021014801F015BD0000F1
:100E6000000002407047000001221146014801F0D5
:100E70000BBD00000004024000220121014801F0E6
:100E800003BD00000004024030B5437804781B0223
:100E90001BB2234300EE103A1B4CB8EEC00AD4ED4F
:100EA000000A20EE200A81ED000AC37885781B0233
:100EB0001BB22B4300EE103AD4ED000AB8EEC00A84
:100EC00020EE200A81ED010A437904791B021BB24E
:100ED000234300EE103AB8EEC00A20EE200ADFED00
:100EE0000B0A81ED020A017AC3790904807941EA8B
:100EF0000321014300EE101AB8EE400A20EE200A4A
:100F000082ED000A30BD0000FC01002000401C42C0
:100F100070470CF0C5B90AF06BBD000010B54278FF
:100F20000378120212B21A4300EE102A124BB8EEE6
:100F3000C00AD3ED010A20EE200A81ED000AC27832
:100F40008478120212B2224300EE102AD3ED010A75
:100F5000B8EEC00A20EE200A81ED010A427900793C
:100F6000120212B2024300EE102AB8EEC00A20EEBE
:100F7000200A81ED020A10BDFC01002010B5FFF728
:100F800071FFFFF7C5FF09F091FC08B1802402E072
:100F900009F0F8FB044609F057FE10B144F0400098
:100FA00010BD09F0E3FD204310BD00002DE9FC4118
:100FB0000746002016460D4600900190FFF74AFFB5
:100FC000922000F0BDF806226946122000F09AF83F
:100FD000FFF738FF9DF801009DF80010000200B2F5
:100FE000084300EE100A464CB8EEC00AD4ED000AE1
:100FF00020EE200A85ED000A9DF803009DF80210FE
:10100000000200B2084300EE100AD4ED000AB8EE68
:10101000C00A20EE200A85ED010A9DF805009DF822
:101020000410000200B2084300EE100AB8EEC00A35
:1010300020EE200A85ED020AFFF71EFF082269460E
:10104000002000F05FF8FFF70FFF9DF800000F2869
:1010500030D19DF803009DF80210000200B2084351
:1010600000EE100AD4ED010AB8EEC00A20EE200A04
:1010700087ED000A9DF805009DF80410000200B2FB
:10108000084300EE100AD4ED010AB8EEC00A20EEC3
:10109000200A87ED010A9DF807009DF8061000025E
:1010A00000B2084300EE100AB8EEC00A20EE200A93
:1010B00087ED020AFFF7CEFEA22000F041F80222DF
:1010C0006946222000F01EF8FFF7BCFE9DF80000E4
:1010D0009DF80110C00040EA5110B0F5806F01DBAF
:1010E000A0F5006000EE100AB4EE001AF8EEC00A97
:1010F000B3EE070A00EE810A86ED000ABDE8FC8126
:10110000FC01002070B514460D4640F0800000F050
:1011100017F806E0552000F013F8641E05F8010BDF
:10112000E4B2002CF6D170BD10B50C4640F0800042
:1011300000F006F8552000F003F8207010BD000004
:1011400001B582B04FF47A700090012301AA02A980
:10115000024802F03BFB9DF804000EBDA4090020EC
:1011600002784078D20042EA5010B0F5806F01DB7F
:10117000A0F5006000EE100AB4EE001AF8EEC00A06
:10118000B3EE070A00EE810A81ED000A704710B540
:101190000C46FFF7D5FF2046BDE81040FFF7D0BF53
:1011A000FEE70000014800F0A4BD0000E0080020B8
:1011B000014800F09EBD00000809002038B50E4C23
:1011C0004FF4007525600025A560E56008252561C0
:1011D0000A4C050A25706070080AA070E170100AB8
:1011E00020716271180AA071E3716B4622460249B0
:1011F000034800F015FC38BDB4720020BE0000208A
:10120000E008002038B50E4C40F2FF15256000259F
:10121000A560E560082525610A4C050A2570607007
:10122000080AA070E170100A20716271180AA0719A
:10123000E3716B4622460249034800F0F1FB38BDDA
:1012400084720020AE0000200809002038B50D4A45
:1012500040F2FF130824136000239360C2E90334B3
:10126000094A040A14705070080A9070D170137102
:1012700053719371D3716B460249044800F0D0FB5F
:1012800038BD00009C720020B6000020E00800205D
:1012900038B50E4B4FF4007408251C6000249C6088
:1012A000C3E903450A4B050A1D705870080A987077
:1012B000D970100A18715A719C71DC716B46044A1E
:1012C0000249044800F0ACFB38BD0000CC7200209D
:1012D000C6000020080900202DE9F0470024DDE9C0
:1012E0000A95DDE90876DDF830A006E0C4F10208D1
:1012F000641C00F808C0032C04DA11F804C0BCF127
:10130000000FF3D110F8031F21F03801103162F300
:1013100002010170018863F389110180417867F34C
:1013200085014170818866F309018180B0F805204C
:1013300069F38C02A0F80520C18865F34F11C180C4
:1013400002896AF309020281BDE8F087014801F0D1
:1013500031B80000BC0D00202DE9F05FAB48AC4B6C
:10136000AC4CC06CAA4DAB4EA94F0068A849DFF841
:10137000A492DFF89CA2DFF89CB2DFF894E2A54AC1
:10138000483B603418351836303F09F178090AF1C6
:10139000300A4FF4006C0BF1300BAEF1180E88429E
:1013A00023D99B49543926E0A84233D14FF0200875
:1013B0000AE0504535D1E04606E000BF4FF4001882
:1013C00002E000BF4FF0006811EA080F7CD090499E
:1013D000884253D9904205D0984203D0A04201D010
:1013E000A8422FD14FF0200C45E08A49A83188420D
:1013F00003D987495839096805E086494831884248
:101400008549F8D949689042D0D09842CED0A042C0
:10141000CCD0C9E7B042CED0B842CCD04845CAD033
:10142000C7E75845CAD07045C8D0DFF8E88108F151
:1014300090084045C2D0DFF8D88108F148084045FF
:10144000C0D1BBE7B04216D0B84214D0484512D044
:10145000504510D0584509D0704507D06D4990319E
:10146000884203D06A494831884202D14FF4001CB7
:1014700001E04FF0006C66484C382AE06549A8311D
:10148000884229D9904205D0984203D0A04201D089
:10149000A84202D14FF0200C19E0B04217D0B84258
:1014A00015D0484513D0504511D0584509D0704546
:1014B00007D058499031884203D055494831884275
:1014C00003D14FF4001C02E09DE04FF0006C504847
:1014D0005038C0F800C052E04E494831884227D900
:1014E000904205D0984203D0A04201D0A84202D138
:1014F0004FF0200C18E0B04216D0B84214D0484546
:1015000012D0504510D0584509D0704507D04149F8
:101510009031884203D03E494831884202D14FF48D
:10152000001C01E04FF0006C3B48C0F80CC026E006
:10153000904205D0984203D0A04201D0A84202D1E7
:101540004FF0200C18E0B04216D0B84214D04845F5
:1015500012D0504510D0584509D0704507D02D49BC
:101560009031884203D02A494831884202D14FF451
:10157000001C01E04FF0006C2748C0F808C0274C61
:10158000207880070CD5207820F002002070207889
:1015900040F00400207001221146214801F074F946
:1015A0006078204D80070CD5607820F002006070D4
:1015B000607840F00400607001221021284601F09C
:1015C00063F9A07880070CD5A07820F00200A07005
:1015D000A07840F00400A07001221021284601F0FC
:1015E00053F90BF04BFA207840070CD5207820F007
:1015F00004002070207840F0080020700A4801683C
:1016000041F001010160BDE8F09F0000A409002045
:101610005864024010600240006002403001002027
:101620000004024000000240103C0140014800F06C
:10163000C1BE00005C0A0020014800F0BBBE0000F3
:10164000FC0C0020014800F0B5BE00001C0E00207C
:1016500001681823CAB2103AB2FBF3F2054B6FF3DC
:101660000901032A9B5CC36500D9091D81650846F1
:1016700070470000A012010810B5014600208B69D8
:101680008A6A4FF0C07453B1B3F5005F15D072B1E0
:10169000012A0CD0022A0AD0032A09D104E01AB187
:1016A000012A06D0022A03D1C96AC90100D5012046
:1016B00010BDC96AA142FAD010BD002AF7D0012A94
:1016C000F2D0022AF3D0032AF3D010BD70470120D4
:1016D00000F0F6BF4FF4006000F0F2BF082000F009
:1016E000EFBF102000F0ECBF202000F0E9BF7047F2
:1016F0002DE9F04F0024DDE90D95DDE90BB6DDE9BC
:10170000097A06E0C4F10208641C00F808C0032C42
:1017100004DA11F804C0BCF1000FF3D110F8031F74
:1017200021F03801283162F302010170018863F36E
:1017300089110180417867F385014170818866F3E2
:1017400009018180B0F8052069F38C02A0F805201A
:10175000C18865F34F11C180B0F8012010EE101A56
:101760006AF38E12A0F8012042886BF3CF124280F8
:101770008160BDE8F08F000010B558B1084C491EDB
:101780000BD310F8013B5340DBB234F8133083EA3B
:101790001222F4E74FF6FF7010BD104610BD000096
:1017A0005014010810B5054C04E000BF10F8013BCF
:1017B0005340E25C491EF9D2104610BD5013010897
:1017C00010B50AF09DFA032807D0042805D0052893
:1017D00003D0072801D0002010BD012010BD00005B
:1017E00078B50024009490F83C20012A19D00122F9
:1017F00080F83C200A6807230568092A13D9EE6897
:101800000A3A02EB420293409E43EE600B788A68EC
:101810000A3B03EB43039A400368DD682A43DA601E
:1018200010E0022078BD2E6902EB420293409E43F5
:101830002E610B788A6803EB43039A4003681D69A5
:101840002A431A614A681F23072A13D205686E6B60
:10185000521E02EB820293409E436E630B790A880C
:101860005B1E92B203EB83039A4003685D6B2A43CD
:101870005A6327E005680D2A12D22E6BD21F02EBA5
:10188000820293409E432E630B790A88DB1F92B23B
:1018900003EB83039A4003681D6B2A431A6311E02C
:1018A000EE6A0D3A02EB820293409E43EE620B79A0
:1018B0000A880D3B92B203EB83039A400368DD6A0A
:1018C0002A43DA62164B0568144A9D4206D10D6818
:1018D000122D03D1556845F48005556005689D4279
:1018E00018D10B68102B01D0112B13D1536843F47E
:1018F00000035360096810290CD10A490A4A096893
:10190000B1FBF2F101EB8101490000E0491E0091B9
:101910000029FBD180F83C40002078BD0023014025
:10192000002001402C00002040420F0070B5040050
:101930004FF0000503D0206C002610B107E0012015
:1019400070BD204600F01CF8666484F83C60206C92
:10195000C00610D4206C20F4885040F002002064AF
:101960002046FEF7BDFF6664206C20F0020040F0C8
:101970000100206400E0012584F83C60284670BD29
:1019800010B586B0044614216846FEF79AFE174B40
:101990002268002116489A4209D1016841F48071F9
:1019A0000160006800F48070059006B010BD114B16
:1019B0009A42FAD1026842F480620260006800F440
:1019C000806005900A481438026842F020020260E4
:1019D000006800F020000590181500900320CDE964
:1019E00001016946044800F077FEDEE7002001406F
:1019F00044380240002201400014024090F82020A8
:101A0000012A07D0022A05D0416A41F480214162AF
:101A100001207047006842690A4342610020704714
:101A2000F0B590F820500468A468012D05D0022D6F
:101A300003D0416A41F480215DE014F0406F01D190
:101A4000E50055D5C4F30164022C03D9416A41F481
:101A5000000150E00125A5401D608D684FF4C07362
:101A60009DB1CE6835434E6845EAC605066803EB6E
:101A70000417F5514FF4C275076805EB04150E699C
:101A80007E51097D012905D009E00E88CD6845EA1F
:101A90004655EBE701684E5946F480764E51117970
:101AA000D579567941EA056195792D0445EA0625EF
:101AB00029434FF4C676056806EB0416A951117840
:101AC000D57841EA0561957852782D0445EA0222DD
:101AD00011434FF4C475026805EB041551510068B9
:101AE00003EB0411425842F0010242500020F0BDC5
:101AF000416A41F4001141620120F0BD10B590F837
:101B00002020012A07D0022A05D0416A41F4802111
:101B10004162012010BD3B48D0F8002242F0010292
:101B2000C0F80022D0F8002222F47C52C0F8002233
:101B3000D0F800224B6A42EA0322C0F800220A7D54
:101B400002F01F0301229A40D0F81C329343C0F8E0
:101B50001C32CB69B3B9D0F80C329343C0F80C32C5
:101B60008C894B6864F31F434C6900EBC404C4F8D0
:101B700040320C890B6864F31F434C6900EBC404CA
:101B8000C4F84432CB69012B16D1D0F80C32134380
:101B9000C0F80C320C884B6864F31F434C6900EBAF
:101BA000C404C4F840320C89CB6864F31F434C6909
:101BB00000EBC404C4F844328B69002BD0F8043223
:101BC0000ED01343C0F804320B69002BD0F8143246
:101BD00008D01343C0F81432096A012904D008E080
:101BE0009343EFE79343F5E7D0F81C121143C0F895
:101BF0001C12D0F8001221F00101C0F800120020E0
:101C000010BD000000640040704730B590F82040DF
:101C1000012C05D0022C03D0416A41F480215DE003
:101C20000468002955D02469A40754D04FF4D8740F
:101C3000056804EB01142D5915F00405956005683D
:101C40002D594ED0ED08556005682C59C4F3400459
:101C5000D4604FF4DA74056804EB01142D5905F0D3
:101C60000F05156105682D59C5F3072595610568B0
:101C70002C59240C54614FF4DC72046802EB0112FD
:101C8000A4581C700468A458240A5C700468A45802
:101C9000240C9C700468A258120EDA704FF4DE72A5
:101CA000046802EB0112A4581C710468A458240AA9
:101CB0005C710468A458240C9C710468A258120E2C
:101CC000DA71006881B1016941F0200101610020F1
:101CD00030BDE468A8E7416A41F400114162012087
:101CE00030BD6D0D1560AFE7C16841F02001C160E6
:101CF000EDE72DE9F05F0546006800244669D0F85D
:101D000004908768D0F80CB0D0F810A0D0F81880F4
:101D1000F10748D0F90714D001218160B80703D535
:101D2000284600F02EFB0CE0780702D54FF4006443
:101D300007E0380702D54FF4805402E0284600F04F
:101D40001FFBF80516D529684FF480708860B80528
:101D500003D5284600F017FB0CE0780502D544F4C3
:101D6000005407E0380502D544F4804402E02846D8
:101D700000F008FBF80316D529684FF4803088601E
:101D8000B80303D5284600F000FB0CE0780302D529
:101D900044F4004407E0380302D544F4803402E000
:101DA000284600F0F1FA300707D55FEACB6004D58A
:101DB0002968102044F40074C86070074FF00807C9
:101DC00007D55FEA0B7004D52868C760284600F085
:101DD00099F9B00706D52868C068800702D0284660
:101DE00000F092F9700607D55FEACA6004D5296849
:101DF000102044F480640861B00607D55FEA0A70D9
:101E000004D528680761284600F08AFAF00606D54E
:101E100028680069800702D0284600F082FAB003E3
:101E200008D55FEAC96005D52968102048602846B2
:101E300000F078FAF00307D55FEA097004D5286846
:101E40004760284600F0A2FA300446D55FEA4970A0
:101E500040D5F00504D55FEAC87001D044F0010414
:101E6000B00504D55FEA887001D544F0020470051E
:101E700004D55FEA487001D544F00404300529D543
:101E800018F0700F26D008F07000402815D006DC3E
:101E9000102809D020280AD0302816D10AE050286E
:101EA0000ED0602811D10EE044F008040DE044F09B
:101EB00010040AE044F0200407E044F0400404E089
:101EC00044F0800401E044F480742868816921F0C2
:101ED00070018161296804204860002C05D0686A7F
:101EE000204368622846FFF78FFEBDE8F09F70B57B
:101EF000040003D094F8200010B104E0012070BD6C
:101F0000204600F081F82068016821F0020101609C
:101F100000F0C0FC0546052604E000F0BBFC401BB9
:101F20000A2811D8206840688007F6D42068016824
:101F300041F00101016000F0ADFC05460BE000F04E
:101F4000A9FC401B0A2806D9606A40F40030606290
:101F500084F82060D2E720684068C007EFD0207E78
:101F60000128206801683DD021F080010160607E79
:101F700001282068016838D021F040010160A07E6E
:101F800001282068016833D021F020010160E07E43
:101F90000128206801682ED041F010010160207FE7
:101FA00001282068016829D021F008010160607FC4
:101FB00001282068016824D021F004010160D4E9DF
:101FC00002010843D4E90412114308436168491E21
:101FD00008432168C86100206062012084F8200065
:101FE000002070BD41F08001C0E741F04001C5E72D
:101FF00041F02001CAE721F01001CFE741F00801CC
:10200000D4E741F00401D9E7F0B587B004461421C4
:102010006846FEF756FB364B3648DFF8D0E01968C5
:10202000D4F800C0334A03250226092710300024C3
:10203000491CF44522D11960012907D1016841F0FA
:1020400000710160006800F000700590106840F0B9
:10205000080010601068CDE9005600F00800CDE9D6
:10206000047069462448CDE9024500F035FB0022A2
:102070000621142000F012FF142032E0DFF87CE08B
:10208000F44530D1D0F800C04CF0806CC0F800C0EE
:10209000D0F800C001290CF0806CCDF814C0196094
:1020A00007D1016841F000710160006800F0007024
:1020B0000590106840F002001060106802AB00F05C
:1020C000020005906020CDE9000683E8B000694673
:1020D0000B4800F001FB00220621402000F0DEFE4C
:1020E000402000F0CDFE07B0F0BD000000640040CD
:1020F0001C00002030380240000C02400068004004
:10210000000402407047000030B5824A0168824CEA
:10211000126889B004F1500591426FD16B4602AA52
:102120000021FFF772FD00281CD10298A0F20120C7
:10213000062817D2DFE800F00305182A3D4F208853
:102140009BE060896082BDF8000040BA6081BDF804
:10215000020040BAA081BDF8040040BAE0819DF8B9
:102160000600207409B030BDA08AA083BDF800002D
:1021700040BAA082BDF8020040BAE082BDF8040077
:1021800040BA20839DF80600A076EBE7E08BE08460
:10219000BDF8000040BAE083BDF8020040BA2084D8
:1021A000BDF8040040BA60849DF8060084F824005D
:1021B000D8E728882881BDF8000040BA2880BDF8FB
:1021C000020040BA6880BDF8040040BAA8809DF8BB
:1021D0000600A871C6E768896882BDF8000040BAA9
:1021E0006881BDF8020040BAA881BDF8040040BA79
:1021F000E8819DF806002874B4E7FFE7474A1268B3
:102200009142AFD16B4602AA0021FFF7FEFC0028E5
:10221000A8D10298A0F201200828A3D2DFE800F09C
:102220004153660405182B3E9CE7208D2086BDF89F
:10223000000040BA2085BDF8020040BA6085BDF8B4
:10224000040040BAA0859DF8060084F82E0089E7B6
:10225000608E6087BDF8000040BA6086BDF802005D
:1022600040BAA086BDF8040040BAE0869DF806009A
:1022700084F8380076E734F83C0F2081BDF8000080
:1022800040BA2080BDF8020040BA6080BDF804006A
:1022900040BAA0809DF80600A07163E734F8460FAD
:1022A000EBE7A88AA883BDF8000040BAA882BDF871
:1022B000020040BAE882BDF8040040BA28839DF8C5
:1022C0000600A8764EE7E88BE884BDF8000040BA27
:1022D000E883BDF8020040BA2884BDF8040040BA83
:1022E00068849DF8060085F824003BE7288D288641
:1022F000BDF8000040BA2885BDF8020040BA6885E4
:10230000BDF8040040BAA8859DF8060085F82E00A7
:1023100028E70000E0080020E47100200809002000
:10232000704770477047000070B5044690F8200071
:10233000012804D0606A40F40020606218E00220A6
:1023400084F820002068016821F00101016000F09C
:10235000A1FA05460EE000BF00F09CFA401B0A28D7
:1023600008D9606A40F400306062052084F82000DB
:10237000012070BD20684068C007EDD1606270BD6B
:10238000704770477047704770477047704790F8C4
:102390003510022903D080214165012070470521B5
:1023A00080F835100068016821F00101016000200B
:1023B000704700002DE9F84304464FF00009CDF8BE
:1023C000009063484FF41651A56D0068B0FBF1F71B
:1023D0002E6894F85C10082000FA01F131420FD009
:1023E00021680A6852070BD50A6822F004020A60C5
:1023F00094F85C108840A860606D40F00100606552
:1024000094F85C104FF0010808FA01F0304208D04F
:1024100021684969090604D5A860606D40F0020092
:10242000606594F85C1004208840304208D0216830
:102430000968890704D5A860606D40F004006065F4
:1024400094F85C1010208840304218D02168096848
:10245000090714D5A86020680168490304D50068FD
:10246000000308D5A16C07E00168C90503D4016821
:1024700021F008010160216C09B12046884794F8D9
:102480005C1020208840304231D021680968C9069C
:102490002DD5A86094F8350005282068016806D07D
:1024A000490347D5006800031DD4616C1CE021F08E
:1024B000160101602068416921F080014161206CB2
:1024C00008B9A06C20B12068016821F00801016002
:1024D00094F85C103F208840A86084F8349084F819
:1024E0003580216D1FE0E16B09B120468847606DA2
:1024F00000282BD0606DC00714D0052084F835006B
:102500002068016821F0010101600098401C0090E2
:10251000B84203D820680068C007F6D184F8349028
:1025200084F83580E16C002910D001B02046BDE868
:10253000F04308470168C905D5D4016821F01001AE
:10254000016084F8349084F83580CCE7BDE8F883E6
:102550002C0000202DE9F041044600F09BF90646CE
:102560005CB1002584F83450022084F835002068DE
:10257000016821F0010101600DE00120BDE8F0815A
:1025800000F088F9801B052805D92020606503200C
:1025900084F83500F2E720680068C007F0D12268AF
:1025A000116820480140D4E901031843D4E90336F7
:1025B0003343184363691843A3691843E369184315
:1025C000236A18430843616A042903D1D4E90B1331
:1025D00019430843106020684069666A20F00701CB
:1025E00030460E43012704280CD1A06A0643E06A56
:1025F00040B12046FFF740F820B14020606584F8E4
:102600003570BAE7206846612046FFF721F894F854
:102610005C203F2191408160656584F83570002021
:10262000ACE700003F8010F0B0F5006F07D105491E
:1026300031F8542F521C0A804A88521C4A8000F0FC
:1026400003B80000C078002010B51B4C10281AD029
:10265000202821D008282AD0012813D10CF0FCFD15
:1026600001280FD004F10C0120690CF029F9E06871
:10267000002807D011494FF080500860BFF34F8FFA
:10268000BFF36F8F10BD607840F001006070A078DC
:1026900040F00100A07003E0207840F001002070BD
:1026A00020790028EED0BDE810400AF0E7B9E078C4
:1026B00040F00100E07010BD3001002004ED00E0AA
:1026C000044910B50A68024202D00860FFF7ACFF67
:1026D00010BD0000143C01402DE9F84FDFF87CB13B
:1026E00000224FF001084FF0030A4FF00F090BF1E1
:1026F000040E00BF0B6808FA02F42340A3426ED117
:102700004D68022D01D0122D0ED1D50800EB850C9D
:10271000DCF820505607F70E09FA07F6B5430E69A4
:10272000BE402E43CCF82060066855000F790AFAA7
:1027300005FC07F0030726EA0C06AF4037430760A5
:102740004E68012E05D0022E03D0112E01D0122E7C
:102750000ED18668CF6826EA0C06AF403743876003
:102760004668A6430C79C4F3001494403443446093
:10277000C6688C6826EA0C06AC403443C4604C68DA
:10278000E40065D5364C256845F48045256024680D
:1027900022F0030504F480440094324C2E19D6F83C
:1027A000084895072F0F09FA07F5AC432E4DA842AC
:1027B00001D1002524E02D4DA84201D101251FE0C3
:1027C0002B4DA84201D102251AE02A4DA84201D181
:1027D000032515E0284DA84202D1042510E037E07A
:1027E000264DA84201D105250AE0254DA84201D178
:1027F000062505E0234DA84201D1072500E0082564
:10280000BD402543C6F80858DBF800405D464E68D9
:102810009C43F60300D51C432C60DEF8004075464F
:102820004E689C43B60300D51C432C600B4D083505
:102830002C684E689C43F60200D51C432C60074D63
:102840000C352C684E689C43B60200D51C432C60A6
:10285000521C102AFFF44EAFBDE8F88F003C014037
:1028600044380240003001400000024000040240B1
:1028700000080240000C0240001002400014024018
:1028800000180240001C02400AB18161704709042F
:10289000FBE700000148806870470000200000202E
:1028A00070B504001BD094F83D00002520B984F8D1
:1028B0003C50204600F042FA242084F83D00206875
:1028C000016821F00101016000F062FC4D4A61687D
:1028D000914201D84C4900E04C49884201D2012084
:1028E00070BD4B492368B0FBF1F15E6826F03F06EE
:1028F0000E435E606368934206D94FF49673594362
:102900004FF47A73B1FBF3F12368491C1E6A26F079
:102910003F06314319626168914210D84900401E58
:10292000B0FBF1F2521CC2F30B02042A01D20420C4
:1029300022E0B0FBF1F0401CC0F30B001CE0A368E8
:10294000F3B301EBC10202EB0116421EB2FBF6F239
:10295000521C42F48042120549D093B301EBC102EC
:1029600002EB0111401EB0FBF1F0401CC0F30B0064
:1029700040F4804040F400402168CA694CF6FF737F
:102980009A431043C861D4E90701084321680A68E3
:1029900022F0C00210430860D4E90301014320681B
:1029A000826848F2FF339A4311438160D4E90501FC
:1029B00008432168CA6822F0FF021043C86001E0A2
:1029C0000EE016E02068016841F001010160256415
:1029D000202084F83D00256384F83E50002070BD1F
:1029E00001EB4106421EB2FBF6F2521CB3E7012096
:1029F000C2E701EB4101401EB0FBF1F0401CC0F307
:102A00000B00B7E7A086010080841E0000093D008E
:102A100040420F002DE9FF4F83B09A46DDE9119740
:102A200093460446DDF84080FFF734FF054694F8EE
:102A30003D00202870D119230122714920460095BC
:102A400001F098FD0028F5D194F83C00012863D0EE
:102A5000012084F83C0020680168C90703D101689F
:102A600041F0010101602068016821F4006101600A
:102A7000222084F83D00402084F83E000026266491
:102A8000C4F82480A4F82A90608D20855D48E06217
:102A9000CDE9007553465A462046049901F086FC5C
:102AA00000287CD1208DD0B1012821D002282068B7
:102AB00024D0416980690090208D032869D80128BD
:102AC0002BD0514902283B464FF00002009559D0C7
:102AD0008846204601F04EFD002860D13CE0206889
:102AE000416981690091016841F40071016077E0FA
:102AF0002068016821F480610160F0E7016821F439
:102B0000806101602068016841F400610160206813
:102B100041698069009063E06FE02A4639462046AB
:102B200001F0A7FD98BB20680069616A08704EE05B
:102B30002068016841F40071016020680069616AE1
:102B40000870606A401C6062218D491E2185618D7C
:102B5000491E6185216838E02068016821F48061A0
:102B6000016020680069616A0870606A401C6062E8
:102B7000208D401E2085608D401E60853B460022D2
:102B800041460095204601F0F5FC00B9D0E706E08B
:102B9000FFE72A463946204601F06BFD18B10120B7
:102BA00007B0BDE8F08F20680069616A0870606A4C
:102BB000401C6062218D491E2185618D491E618501
:102BC00021684A69D24352070AD409690170606AD0
:102BD000401C6062208D401E2085608D401E6085F7
:102BE000208D00287FF468AF202084F83D0084F811
:102BF0003E6084F83C600020D2E70220D0E700006D
:102C0000020010000000FFFF040001002DE9FF4F4B
:102C100083B09A46DDE9119793460446DDF840807B
:102C2000FFF738FE054694F83D0020287FD1192390
:102C3000012240492046009501F09CFC002876D1F5
:102C400094F83C00012872D0012084F83C002068F0
:102C50000168C90703D1016841F0010101602068E2
:102C6000016821F400610160212084F83D004020CA
:102C700084F83E0000262664C4F82480A4F82A9034
:102C8000608D20852C48E062CDE9007553465A4698
:102C90002046049901F0FEFB70B930E02A4639461F
:102CA000204601F019FD58B1206C042804D1206899
:102CB000016841F400710160012007B0BDE8F08FA8
:102CC000606A216800780861606A401C6062218D3A
:102CD000491E89B22185628D521E62852268536920
:102CE000DB435B070BD469B100781061606A401C5C
:102CF0006062208D401E2085608D401E6085208D85
:102D00000028CBD12A463946204601F00DFC002888
:102D1000CAD154F83D0B016841F4007101602020D4
:102D200004F81E09E67766770020C6E7FFE7022071
:102D3000C3E70000020010000000FFFFF0B587B0FD
:102D4000044614216846FDF7BCFC1A4920688842F5
:102D50002DD11948016841F004010160016801F0BA
:102D600004010591016841F001010160006812242D
:102D700000F0010005904FF40070012503260427A0
:102D80008DE8F10069460D48FFF7A6FC28028DE8A2
:102D9000F10069460A48FFF79FFC074810300168B8
:102DA00041F400010160006800F40000059007B0E4
:102DB000F0BD0000005C00403038024000080240D6
:102DC0000000024002488168027811448160704727
:102DD000200000200B4810B5016841F4007101602B
:102DE000016841F480610160016841F48071016013
:102DF000032000F073F80F2000F006F800F024F82C
:102E0000002010BD003C024070B50D4D04464FF44B
:102E10007A712878B1FBF0F00A490968B1FBF0F04B
:102E200000F0C5FD48B9102C07D200222146501EE3
:102E300000F034F800206C6070BD012070BD00000F
:102E4000200000202C0000200C4882B0016841F4D2
:102E500080410160006800F4804000900748001F36
:102E6000016841F0805101600068002200F080504C
:102E700000900F21901E02B000F010B844380240BC
:102E8000002809DB00F01F02012191404009800069
:102E900000F1E020C0F8001170470000F0B40E4BC4
:102EA0001B680C46C3F30223C3F10705042D00D9A8
:102EB0000425191D072901D2002300E0DB1E01268D
:102EC00006FA05F1491E214099409E40761E1640A3
:102ED0003143F0BC04F014BB0CED00E0064900F0F7
:102EE000070208684FF6FF03184040EA0220034A31
:102EF00010430860704700000CED00E00000FA0588
:102F0000BFF34F8F05480168054A01F4E0611143A2
:102F10000160BFF34F8F00BFFDE700000CED00E044
:102F20000400FA052DE9F843054600684FF0010951
:102F3000C1074FF0000601D1400727D5DFF80C810B
:102F4000C8F86860FFF7A6FC0746414C05E000BFE3
:102F5000FFF7A0FCC01B022857D820680001F7D457
:102F600068688101287A41EA007039498431086033
:102F7000C8F86890FFF78EFC074604E0FFF78AFC6C
:102F8000C01B022841D820680001F7D528788007A7
:102F900052D52F484030016841F0805101600068EF
:102FA0002C4C00F080500090206840F4807020602D
:102FB000FFF770FC074604E0FFF76CFCC01B02281B
:102FC00023D82068C005F7D5214C7034206810F450
:102FD000407020D0A98901F4407181421BD0206843
:102FE0001D4920F44070C1F800900E6020602068F8
:102FF000C00710D0FFF74EFC064641F2883707E0C5
:10300000FFF748FC801BB84202D90320BDE8F883D3
:1030100020688007F4D5E9680D48C1F30122083023
:10302000032A0BD0016821F4F81101602068A989F6
:10303000C1F30B01084320600020E7E70268074B5B
:1030400022F4F81219400A430260EFE700004742F9
:103050000038024000700040400E4742FFFCFF0F66
:103060002DE9F0470E46050065D0DFF81481D8F849
:103070000000F7B200F00F00B04207D288F80070ED
:10308000D8F8000000F00F00B04254D128683D4C41
:10309000810712D5400703D5206840F4E050206036
:1030A0002878000703D5206840F46040206020683D
:1030B000A96820F0F000084320602878C0072DD0D0
:1030C000304968680839012812D0022813D0032833
:1030D00011D00968890700292DDA216821F0030140
:1030E00001432160FFF7D6FB814641F2883A0EE0AA
:1030F00009688903EFE709688901ECE7FFF7CAFB74
:10310000A0EB0901514502D90320BDE8F0872068F2
:10311000696800F00C00B0EB810FEFD1D8F8001017
:10312000404601F00F01B14207D90770006800F076
:103130000F00B04201D00120E7E72878400705D50D
:103140002068E96820F4E0500843206028780007F0
:1031500006D52068296920F4604040EAC10020605B
:1031600000F036F82168084AC1F30311515CC840E9
:10317000064908600F20FFF747FE0020C5E7000062
:10318000003C024008380240A81201082C00002030
:103190000448054900680968044AC1F38221515C6A
:1031A000C84070472C00002008380240B8120108BF
:1031B0000448054900680968044AC1F34231515C7A
:1031C000C84070472C00002008380240B81201089F
:1031D000154810B5006810F00C02144813D01449BB
:1031E000042A0FD0082A0ED10F4C241F226823680E
:1031F00002F03F025B0207D52068C0F38810A0FBF5
:10320000010106E0084610BD2168C1F38811A1FB49
:1032100000010023FDF71EF92168C1F30141491C9B
:103220004900B0FBF1F010BD083802400024F40062
:10323000001BB7002DE9F84F050076D02878DFF89D
:10324000F8B2BE4CC00749D0DBF800105846C1F3B5
:103250008101012908D00068C0F3810002280AD149
:10326000201D0068400206D52068800336D56868B6
:103270000028E2D032E06868B0F5803F10D0B0F5A9
:10328000A02F206810D020F480302060206820F427
:10329000802020606868A0B1FFF7FCFA06460CE0C9
:1032A000206840F48030F4E740F480202060F7E7A5
:1032B000FFF7F0FA801B642873D820688003F7D5E5
:1032C0000CE0FFF7E7FA064605E000BFFFF7E2FA79
:1032D000801B6428F0D820688003F7D42878DFF8B2
:1032E000608280074FF000093ED5DBF80010584699
:1032F00011F00C0F09D00068C0F3810002280BD137
:103300008D48001F0068400206D42068800715D54C
:10331000E868012809D111E0E868B8B10120C8F8CF
:103320000000FFF7B7FA064605E002E1FFF7B2FA40
:10333000801B0228C0D820688007F7D5206829693B
:1033400020F0F80040EAC10020600DE0C8F80090CD
:10335000FFF7A0FA064604E0FFF79CFA801B02285C
:103360001FD820688007F7D42878000722D5724E2E
:10337000744869696C3671B101210160FFF78AFAFE
:10338000074604E0FFF786FAC01B022809D8306818
:103390008007F7D50EE0C0F80090FFF77BFA0746EC
:1033A00005E083E0FFF776FAC01B02287ED830687C
:1033B0008007F7D42878400768D5DFF87CA100277C
:1033C0000AF1380ADAF80000C0000BD4DAF800106D
:1033D00041F08051CAF80010DAF80000012700F02F
:1033E00080500090584E3068C00510D4306840F4CA
:1033F00080703060FFF74EFA009005E0FFF74AFA60
:103400000099401A022851D83068C005F6D54A4EB6
:10341000A868683601280FD00528306810D020F041
:1034200001003060306820F004003060A868B8B156
:10343000FFF730FA00900FE0306840F00100F4E749
:1034400040F004003060F7E7FFF724FA0099411AD2
:1034500041F28830814264D830688007F4D50EE0AC
:10346000FFF718FA009007E0FFF714FA0099411AE5
:1034700041F28830814254D830688007F4D42FB1AB
:10348000DAF8001021F08051CAF80010A869C0B322
:10349000DBF80010C1F3810102294AD00228484616
:1034A00007D0C8F86000FFF7F5F900E039E00546FD
:1034B0003AE04746C8F86000FFF7ECF9064604E03A
:1034C000FFF7E8F9801B02282BD820688001F7D489
:1034D000D5E907010843A96A1C4A490802EB0141E2
:1034E0006A6A41EA8211084395F82C1040EA0161AA
:1034F0001148001F016001203866FFF7CBF905462F
:1035000005E014E0FFF7C6F9401B022809D820683F
:103510008001F7D50BE000BFFFF7BCF9401B022884
:1035200002D90320BDE8F88F20688001F4D4002080
:10353000F8E70120F6E700000838024000380240B2
:1035400000004742800E4742007000400000FFFF2D
:1035500070B5040002D0607F10B106E0012070BD9C
:1035600000202077204600F049F80220607721688B
:10357000CA204862216853204862204601F0FEFFBD
:10358000FF25042618BB206881681B4A1140816012
:103590002168886862681043D4E904231A43104301
:1035A00088602168E068086120680169228941EA31
:1035B000024101612068C16821F08001C16020687A
:1035C0008068800607D4204600F024F818B12068EF
:1035D00045626677C2E72068016C21F480210164AE
:1035E0002068016CA26911430164206845620120D2
:1035F0006077002070BD0000BFFF8FFF00680349A7
:10360000884202D10249012008607047002800402A
:103610003C0E474270B504460068C16821F0A00125
:10362000C160FFF737F905464FF47A7607E000BF2F
:10363000FFF730F9401BB04201D9032070BD20686C
:10364000C0688006F4D5002070BD70B5040005D0B8
:103650000025A56294F8510010B106E0012070BD6C
:1036600084F85050204600F031F8022084F85100D0
:103670002068016821F040010160D4E9010108439C
:10368000D4E903121143084361690843218B01F413
:1036900000710843E1690843216A0843A16A0843AD
:1036A00021680860A069042101EA1040616A0843AA
:1036B000216848602068C16921F40061C1616565C5
:1036C000012084F85100002070BD00002DE9F04178
:1036D00086B0064614216846FCF7F3FF354930688A
:1036E000884264D134480024016841F4805101606B
:1036F000006800F4805005902F481438016841F0AC
:1037000002010160016801F002010591016841F0C8
:10371000010101600068022500F0010005901820F9
:10372000CDE9000502AA03274FF0050882E89001C1
:1037300069462248FEF7D0FF8020CDE9000502AAA5
:10374000694682E890011E48FEF7C6FF1E4D1D48DF
:103750007F062860C5E901744FF48068C5E9034815
:103760006C617812AC61C5E9074028466C62FEF7CF
:10377000F1FE08B1FDF7BBFFF564AE63124D1148D1
:1037800060351830E5E802074020A5E81101C002C5
:1037900045F81449AC61C5E907400B486C626030DC
:1037A000FEF7D8FE08B1FDF7A2FFB564AE6306B020
:1037B000BDE8F0810030014044380240000402407E
:1037C0000000024040640240FC0900202DE9F84F4F
:1037D000044690F8500000270A9E1D4692468B46EC
:1037E0004FF0010901280ED0012084F85000FFF7A6
:1037F00051F8804694F85100616801280CD0B1F569
:10380000827F07D102E00220BDE8F88FA16809B9E4
:10381000042801D00227C2E0BBF1000F27D0BAF183
:10382000000F24D01DB394F85100042802D00520C5
:1038300084F8510000206065C4F838A0E587A587AA
:10384000C4F830B0E586A58620646064206801680D
:10385000490603D4016841F040010160E068B0F519
:10386000006F606805D0E8B3012D46D07FE00127E6
:1038700095E008B1012D39D1206B21680088C8601E
:10388000206B801C2063E08E401EE0862EE02068C6
:10389000816889070FD5E18E69B1B9F1010F0AD1AD
:1038A000216B0988C160206B801C2063E08E401E64
:1038B000E0864FF0000920688168C9070CD0E18FCD
:1038C00051B1C068A16B0880A06B801CA063E08F21
:1038D000401EE0874FF00109FEF7DCFFA0EB080077
:1038E000B04200E009E001D3701C50D1E08E002806
:1038F000CDD1E08F0028CAD13FE0206B216800784D
:103900000873206B401C2063E08E401EE0862EE092
:103910002068816889070FD5E18E69B1B9F1010F7F
:103920000AD1216B09780173206B401C2063E08E63
:10393000401EE0864FF0000920688168C9070CD05E
:10394000E18F51B1C068A16B0870A06B401CA063EF
:10395000E08F401EE0874FF00109FEF79BFFA0EBD0
:103960000800B04202D3701C01D010E07EB1E08E9E
:103970000028CDD1E08F0028CAD1424631462046EA
:1039800002F0CCFF28B101272020606507E0032763
:1039900005E0A06818B92068C1688068009001201F
:1039A00084F85100002084F8500038462CE710B508
:1039B000401EB0F1807F01D3012010BD4FF0E02404
:1039C00060610F21601703F09BFD0020A0610720BC
:1039D0002061002010BD10B590F83C20012A22D0B3
:1039E000012280F83C20CA688C6822F4407222438D
:1039F0004C6822F4806222430C6822F40062224365
:103A00000C6922F4805222434C6922F40052224372
:103A1000C969002322F480420A4301684A6480F89D
:103A20003C30002010BD022010BD70B590F83C2045
:103A3000012A19D0012400F83C4F0222427050F8AC
:103A40003C3C5A689D6822F070060A684968324317
:103A500025F0800529435A6050F83C2C9160447051
:103A600000210170084670BD022070BD10B5040031
:103A700003D094F83D0010B107E0012010BD0020F4
:103A800084F83C00204600F00DF8022084F83D0048
:103A9000211D206803F03CF8012084F83D0000203F
:103AA00010BD000008B52349026823488A4207D1A7
:103AB000016841F001010160006800F001000AE0C6
:103AC0001D491E4B091F9A4207D1086840F00200A9
:103AD000086008681FE0009008BD194B9A4207D1A2
:103AE000086840F004000860086800F00400F2E78D
:103AF000144B9A4207D1086840F008000860086833
:103B000000F00800E7E710498A4207D1016841F058
:103B100002010160006800F00200DCE70B498A4204
:103B2000DAD1016841F400310160006800F400302E
:103B3000D1E700000000014044380240000400408A
:103B400000080040000C0040000401400044014017
:103B500070B5044690F83C00012817D0012584F880
:103B60003C50022084F83D002068826822F07702F1
:103B700022F47F4282600868502830D00DDC202873
:103B80004DD005DC98B310283BD148E0022070BD31
:103B9000302844D0402834D139E0602828D070281B
:103BA00006D0B0F5805F2CD0B0F5005F29D10AE0D7
:103BB000CB68D1E90121206803F01BF820688168F7
:103BC00041F0770109E0CB68D1E90121206803F0D9
:103BD00010F82068816841F48041816011E0CA6872
:103BE0004968206803F0DAF85021206807E016E001
:103BF000CA684968206803F0E2F86021206803F091
:103C000002F884F83D50002084F83C0070BDCA687A
:103C10004968206803F0C2F840212068EFE7226875
:103C200001461046EBE7000030B587B0044614218A
:103C30006846FCF746FD344D2368002433480221D2
:103C40000122AB420FD1036843F010030360006808
:103C500000F01000059008028DE81300CDE9034242
:103C600069462B4811E02B4CA34212D1036843F064
:103C700004030360006800F004000590A0158DE8BF
:103C800007000391049169462348FEF725FD07B01C
:103C900030BD224CA3420FD1036843F008030360F8
:103CA000006800F00800059020148DE807000391DB
:103CB000049169461A48E8E71A4CA34210D10368F8
:103CC00043F080030360006800F0800005904FF42B
:103CD000E0508DE807000391049169461248D4E74B
:103CE000124CA342D3D1036843F020030360006861
:103CF00000F02000059040208DE807000320CDE96A
:103D0000031069460A48C0E700000140303802400D
:103D1000001002400004004000080240000800407B
:103D2000000C0240000C0040001C02400044014016
:103D30000014024070B5044690F83C000D4601287E
:103D40000DD0012684F83C60022084F83D0042B189
:103D5000042A18D0082A2AD00C2A4DD139E0022092
:103D600070BD206802F058FF2068816941F00801A9
:103D700081612068816921F0040181612068816985
:103D80002A69114311E0206802F076FF20688169FA
:103D900041F4006181612068816921F48061816161
:103DA000206881692A6941EA0221816124E0206852
:103DB00002F098FF2068C16941F00801C1612068E4
:103DC000C16921F00401C1612068C1692A691143F8
:103DD00011E0206802F0BAFF2068C16941F4006177
:103DE000C1612068C16921F48061C1612068C16935
:103DF0002A6941EA0221C16184F83D60002084F80B
:103E00003C0070BD10B5040003D094F83D0010B123
:103E100007E0012010BD002084F83C00204600F09F
:103E20000CF8022084F83D00211D206802F070FE8D
:103E3000012084F83D00002010BD704710B50446F5
:103E40000068012202F0C8FE0B492068884202D0B7
:103E50000A49884203D1416C41F400414164206821
:103E6000816801F00701062903D0016841F00101D2
:103E70000160002010BD000000000140000401406E
:103E800010B504460068002202F0A6FE114841F277
:103E9000111221689310814202D00F48814209D14A
:103EA000086A104206D1086A184203D1486C20F40F
:103EB000004048642068016A114206D1016A194233
:103EC00003D1016821F001010160012084F83D0067
:103ED000002010BD000001400004014070470000B8
:103EE00070B5026804461068D168536910F00F0F6E
:103EF00050D003F0010501F4907635435DD0C20740
:103F000005D0CA0503D5E26B42F00102E263420725
:103F100005D5DA0703D0E26B42F00202E2638207C2
:103F200005D5DA0703D0E26B42F00402E263020730
:103F300005D5DA0703D0E26B42F00802E263E26BD8
:103F4000002A33D0800604D5880602D5204602F028
:103F50005EFF20684069E16BC0F38010090700D460
:103F600028B3204602F045FF2068416949061AD56A
:103F7000416921F040014161606BA0B11B490165BD
:103F8000606BFEF704FA002810D0606B016DBDE88D
:103F900070400847830610D58B060ED52046BDE835
:103FA000704002F034BF2046FFF798FF70BD2046F6
:103FB000FFF794FF0020E06370BD030606D50B06F3
:103FC00004D52046BDE8704003F0C2B84006F3D5E2
:103FD0004806F1D5D168204621F04001D16020216A
:103FE00084F8391000F0C9F970BD0000E36D0008D5
:103FF00070B5040004D094F83900002510B106E033
:10400000012070BD84F83850204600F023F82420A9
:1040100084F839002068C16821F40051C16020464D
:1040200002F040FF2068016921F49041016120689D
:10403000416921F02A0141612068C16841F40051C1
:10404000C160E563202084F8390084F83A0000203C
:1040500070BD00002DE9F04F87B005461421684679
:10406000FCF72FFB9148DFF8408214380221D5F885
:1040700000C0DFF83892012203230F040024061544
:104080004FF0070EC4455DD1D9F8008048F0100804
:10409000C9F80080D9F800C00CF0100CCDF814C09D
:1040A000D0F800C04CF0020CC0F800C0D0F800C03E
:1040B0000CF0020CCDF814C0D0F800C04CF0010C8C
:1040C000C0F800C000688B4600F001000590802019
:1040D000CDE9000B0292CDE9033E92469846F146A7
:1040E00069467348FEF7F8FA7010CDE9000BCDF879
:1040F00008A069466F48CDE90389FEF7EDFADFF8BD
:10410000BC816D494046C8F800107104C0E9011433
:10411000C0E90346C8F81440C8F81840C8E9074782
:10412000C8F82440FEF716FA08B1FDF7E0FAC5F822
:104130003480002205212520C8F83850FEF7AEFE55
:1041400025204AE0DFF87881C4454BD1DFF85CC117
:10415000ACF1040CDCF8008048F48028CCF8008036
:10416000DCF800C00CF4802CCDF814C0D0F800C0EE
:104170004CF0040CC0F800C0006800F0040005908A
:104180004FF440608DE80F4069464E48FEF7A4FAB0
:10419000DFF828814C4908F160084046C8F8001053
:1041A0004FF00061C0E90114C0E90346C8F81440AB
:1041B000C8F81840C8E90747C8F82440FEF7CAF90C
:1041C00008B1FDF794FAC5F83480002204212720B5
:1041D000C8F83850FEF762FE2720FEF751FE07B000
:1041E000BDE8F08FDFF8E480C445F8D1D9F800804D
:1041F00048F02008C9F80080D9F800C00CF0200C65
:10420000CDF814C0D0F800C04CF0400CC0F800C08D
:10421000006800F0400005904FF484408DE80F00E6
:104220000820049069462A48FEF756FADFF88C8089
:10423000214908F1C008603940464FF02069C8F8AC
:104240000010C0E90194C0E90346C8F81440C8F85A
:104250001840C8E90747C8F82440FEF77BF908B1C1
:10426000FDF745FA14481B4FC5F834801830C8F8DC
:104270003850E7E80209402051C7800247F8144946
:10428000BC61C7E9074013487C62FEF763F908B1D7
:10429000FDF72DFA2F63002205214720BD63FEF7AD
:1042A000FDFD472099E7000000100140443802401E
:1042B000000402400000024088640240FC0C002020
:1042C00000480040000802402860024000140140FD
:1042D000001802401C0E002090F83A30202B22D10A
:1042E000F9B1F2B190F83830012B1CD0816282858F
:1042F000C2850021C163222280F83A2080F838105C
:104300000168CA6842F48072CA6001684A6942F072
:1043100001024A610068C16841F02001C1600020CB
:104320007047012070470220704700000249884210
:1043300001D106F0C3B870473C0C002090F839302A
:10434000202B18D1A9B1A2B190F83830012B12D08E
:1043500001628284C2840021C163212280F8392055
:1043600080F838100068C16841F08001C160002009
:10437000704701207047022070477047FEE70168D0
:104380004A69D24352050FD46FF480624A6100211A
:1043900040F8301F202242738173026942F0040208
:1043A0000261017301207047002070472DE9F84F2A
:1043B0000446006889460B9D01689846174641F4FB
:1043C000806101602068016841F48071016000959E
:1043D0004FF0011A0022514620460A9B00F0CAF80D
:1043E000002853D1216809F0FE0008610AF1010B91
:1043F0002B46594620460A9A00F0F0F8F0BB206898
:104400004169806900902A4620460A9900F064F9C3
:1044100040B1206C042839D12068016841F4007152
:10442000016033E0FEB2B8F1010F09D02168380A0B
:1044300008612A4620460A9900F04EF90028E8D182
:10444000206806612A4620460A9900F045F90028AE
:10445000DFD12068016841F480710160009500227D
:10446000514620460A9B00F085F838B9216809F0CA
:10447000FF0040F0010008612B4600E006E05946CD
:1044800020460A9A00F0AAF8002800D00120BDE8D2
:10449000F88F00002DE9F843044600680D46DDE979
:1044A000089701689846164641F4807101604B46B2
:1044B00000224FF001112046009700F05BF8E0B9B0
:1044C000216805F0FE0008613B464A461549204632
:1044D00000F084F888B920684169806900903A4604
:1044E0004946204600F0F8F850B1206C042804D169
:1044F0002068016841F4007101600120BDE8F88383
:10450000F5B2B8F1010F09D02168300A08613A46C6
:104510004946204600F0E0F80028E6D12068056111
:104520000020EBE70200010070B516460D46044678
:104530000DE02046FFF723FF08B1012070BD681C85
:1045400005D0FEF7A7F9801BA84207D835B120682F
:104550004069C0434007ECD4002070BD002044F8FF
:10456000300F20216173A073216941F02001216186
:104570002073E2E72DE9F0471E4690460D460446BB
:10458000C1F30747DDF8209008E0701C06D0FEF765
:1045900081F9A0EB0900B0420FD876B12068012F55
:1045A00018D0806925EA00000004000C14D0002116
:1045B0004145EAD00020BDE8F087002044F8300FE4
:1045C00020216173A073216941F0200121612073D2
:1045D0000120F0E74069E5E70121E9E72DE9F0472F
:1045E0009A4691460E46044600254FF02008C1F336
:1045F000074725E020684069C043400514D420687F
:10460000016841F40071016021686FF480604861C5
:10461000256384F83D8084F83E50206C40F004000F
:10462000206484F83C501FE0B9F1FF3F08D0FEF74A
:1046300031F9A0EB0A0149450CD8B9F1000F09D0B6
:104640002068012F13D0806926EA00000004000CC6
:104650000BD0CFE744F8305F84F80D80A573206954
:1046600040F02000206125730120BDE8F0874069FB
:10467000EAE72DE9F041002590460E460446202742
:1046800017E04069C043C0060CD454F8301B6FF0EB
:104690001000486144F810596777A577206A2062B6
:1046A000257717E0FEF7F6F8A0EB0800B04208D82F
:1046B0003EB120684169C9434906E2D40020BDE803
:1046C000F08144F8305F6773A573206940F02000E3
:1046D000206125730120F2E770B516460D460446A9
:1046E0000DE02046FFF74BFE08B1012070BD681CAD
:1046F00005D0FEF7CFF8801BA84207D835B1206857
:104700004069C0430006ECD4002070BD002044F88E
:10471000300F20216173A073216941F020012161D4
:104720002073E2E70EB5072000E0642008F0B8FD32
:10473000FCF724FC0028F8D102E0642008F0B0FD6A
:1047400008F0DAFA0028F8D17F4A101DCDE90102FD
:10475000A2F1100808F10401FCF728FC4346A3F17C
:10476000340208F1480AA2F10C01A1F10C00CDF8C5
:1047700000A008F00DF9DFED750A9FED750A754A86
:10478000002108F1640000F08BFEA8F13402A2F1D0
:104790000C0101F11800FCF75DF9A8F14007A7F141
:1047A000180597ED000AA5F10C0685ED000AA5F1A4
:1047B000180986ED000A89ED000A97ED010A00202C
:1047C00085ED010A86ED010A89ED010A97ED020ADD
:1047D00085ED020A86ED020A89ED020A08F096FDCF
:1047E0000AF0F8FC5C4C5D4920611020C861084665
:1047F000FEF72BFF08B1FCF77AFF5749082220315A
:10480000A1F1080002F012F8012020714FF0FF3BE7
:104810005946012009F012FE0128F9D1207800073D
:1048200008D5207820F0080020704B4801992130ED
:10483000FCF774FB607840070BD5607820F004002B
:104840006070414A08F104011032A2F12A00FCF71D
:104850001BFBA07840070CD5A07820F00400A070C6
:104860003D4802991630FCF77BFC98ED040A08F0ED
:1048700093F9354BCDF800A0103BA3F13402A2F11F
:104880000C01A1F10C0008F083F8D6ED000A9FEDB1
:10489000341AC9ED000A95ED000A2B4B86ED000A8B
:1048A00060EE011A9FED2F0A97ED002A443B40EE7F
:1048B000801ADFED2D0AA3F1240202F10C0101F1AF
:1048C000240042EE201AC5ED001AD6ED011AC9EDFA
:1048D000011A95ED012A86ED012A22EE012A01EE48
:1048E000802AD7ED011A01EEA02A85ED012AD6ED26
:1048F000021AC9ED021A95ED022A86ED022A22EE6D
:10490000011A01EE801A97ED020A00EE201A9FEDBF
:10491000170A85ED021AFCF7F7F90B4B203B1A1F1B
:10492000111FA1F1100007F03DF9E07810F001002F
:10493000E0703FF46DAFE07820F00100E070E078C7
:1049400040F00200E07063E7F07E002000808945BF
:1049500000A08C454413010830010020A409002068
:104960005AF8F63F5D896EBFD5A9183B6F12833A9E
:104970002DE9F04F09ACDDE90C6594E880060024D0
:10498000DDF838B007E000BFC4F10208641C00F88D
:1049900008C0032C04DA11F804C0BCF1000FF3D1F5
:1049A00010F8031F62F302010170018863F389119B
:1049B0000180417867F385014170828869F30902BB
:1049C0008280B0F805206AF38C02A0F80520C18827
:1049D00066F34F11C180B0F8091065F38C01A0F89F
:1049E000091042896BF34F124281BDE8F08F00003D
:1049F0007FB5002415480094019402941249039451
:104A000001604FF48031C0E901140461047680F83C
:104A100020400F49C0E90A140125C561C46080F82F
:104A200030404561FCF782FF08B1FCF760FE1020C2
:104A3000CDE90005694602940448FCF7D1FE002840
:104A400001D0FCF754FE7FBD002001407C0E002009
:104A50000100000F7FB500241548009401940294D2
:104A60001249039401604FF48031C0E901140461DC
:104A7000047680F820400F49C0E90A140125C56179
:104A8000C46080F830404561FCF750FF08B1FCF786
:104A90002EFE0820CDE90005694602940448FCF783
:104AA0009FFE002801D0FCF722FE7FBD00220140BE
:104AB000C40E00200100000F0F4810B50D49016021
:104AC0000321416000214FF410228160C0E90312EC
:104AD0004FF400124261017641768176C17601770A
:104AE0004177FDF704FA002803D0BDE81040FCF739
:104AF000FEBD10BD00640040E00800200F4810B566
:104B00000D4901600321416000214FF410228160B2
:104B1000C0E903124FF400124261017641768176BA
:104B2000C17601774177FDF7E2F9002803D0BDE8AF
:104B30001040FCF7DCBD10BD0068004008090020F3
:104B4000214808B5016841F400110160016801F4D1
:104B500000110091016841F48001016000680022A9
:104B600000F48000009005210C20FEF797F90C203E
:104B7000FEF786F9002205213920FEF78FF939204A
:104B8000FEF77EF9002205213A20FEF787F93A2048
:104B9000FEF776F9002205213B20FEF77FF93B2046
:104BA000FEF76EF9002205214420FEF777F9442034
:104BB000FEF766F9002205214520FEF76FF9BDE8F2
:104BC00008404520FEF75CB93038024010B5B2B05D
:104BD0001C2227496846FBF718FD0021684608F0AB
:104BE0006BFB244C22491C22A0611C3107A8FBF757
:104BF0000CFD002107A808F05FFB1D4960601C2226
:104C000038310EA8FBF701FD00210EA808F054FB77
:104C10001749A0601C22543115A8FBF7F6FC0021AF
:104C200015A808F049FB124920601C2270311CA80D
:104C3000FBF7EBFC00211CA808F03EFB0C492061AF
:104C40001C228C3123A8FBF7E0FC002123A808F0EC
:104C500033FB074960611C22A8312AA8FBF7D5FC69
:104C600000212AA808F028FBE06032B010BD000047
:104C7000DC110108000000202DE9F04387B0142169
:104C80006846FBF71EFD5F480026016841F00201FF
:104C90000160016801F002010591016841F04001E5
:104CA0000160016801F040010591016841F00101D6
:104CB0000160016801F001010591016841F00801FE
:104CC0000160016801F008010591016841F00401EB
:104CD0000160016801F004010591016841F0800163
:104CE0000160016801F080010591016841F0200137
:104CF0000160016801F020010591016841F0100197
:104D000001600068404F00F0100005900122402132
:104D10003846FDF7B9FDDFF8F48001221021404646
:104D2000FDF7B2FDDFF8E890012211464846FDF795
:104D3000ABFD01244020CDE90004029469463846C9
:104D40000394FDF7C9FC334D0920CDE90005694600
:104D500002943846FDF7C0FC0720CDE900062E4F2F
:104D6000694638460296FDF7B7FC1020CDE90004ED
:104D70000226CDE9024669464046FDF7ADFC3020EB
:104D8000CDE90005694602943846FDF7A5FCE0022E
:104D9000CDE90005694602942048FDF79DFCCDE968
:104DA00002460094694648460194FDF795FC0621A9
:104DB00000220846FEF772F80620FEF761F800228E
:104DC00005210920FEF76AF80920FEF759F80022AC
:104DD00005210A20FEF762F80A20FEF751F80022AA
:104DE00005211720FEF75AF81720FEF749F8002290
:104DF00005212820FEF752F82820FEF741F807B0D9
:104E0000BDE8F08330380240001802400000024044
:104E1000000402400000211000080240001002407F
:104E20000D4810B50B4901600C49416000214FF459
:104E300080428160C0E9031241618161C161016208
:104E4000FDF72EFD002803D0BDE81040FCF74FBC55
:104E500010BD0000005C004030090020801A0600F0
:104E60000C4810B50A49016000217C22C0E90112FA
:104E700040F67F42C0E9032141618161FEF768FB92
:104E8000002803D0BDE81040FCF731BC10BD000085
:104E90000028004084090020104810B50E49016028
:104EA0004FF482714160002102228160C0E9031247
:104EB00001224261520282613822C0E90721416227
:104EC00081620A21C162FEF7C0FB002803D0BDE861
:104ED0001040FCF70CBC10BD00300140A4090020BC
:104EE00010B588B01C216846FBF7EBFB144813494A
:104EF0000024C0E9001441F28731C0E90241046195
:104F00008461FEF7B3FD08B1FCF7F1FB0C48FEF736
:104F100079FF08B1FCF7EBFB6020CDE900040294B7
:104F20000022694606480494FEF704FF08B1FCF726
:104F3000DEFB0348FEF778FE08B010BD00440140D8
:104F4000FC0B002010B596B000240F94109411941F
:104F5000129413941C2108A81494FBF7B2FB20218F
:104F60006846FBF7AEFB2A4828490160A721C0E943
:104F7000011444F61F61C0E903148021C0E9054112
:104F8000FEF774FD08B1FCF7B2FB4FF480500F90B0
:104F90000FA91F48FEF7DCFD08B1FCF7A8FB1C4871
:104FA000FEF730FF08B1FCF7A2FB139413A91848D1
:104FB0001494FEF73AFD08B1FCF799FB60200890C5
:104FC0004FF4FA60CDE909040B940C940D9400227F
:104FD00008A90F480E94FEF7ADFE08B1FCF787FB59
:104FE00000944FF40050CDE90440029401940394DE
:104FF000694607480794FEF7EEFC08B1FCF777FB1B
:105000000348FEF711FE16B010BD0000000001407D
:10501000BC0A002010B58EB00024079408940994AF
:105020000A940B941C2168460C94FBF74AFB1E481B
:105030001C49C0E9001442F2CF01C0E902410461F9
:105040008461FEF713FD08B1FCF751FB4FF480506B
:10505000079007A91448FEF77BFD08B1FCF747FB52
:105060001148FEF7CFFE08B1FCF741FB0B940BA9EA
:105070000D480C94FEF7D9FC08B1FCF738FB602012
:10508000CDE9000402940822694607480494FEF71B
:1050900051FE08B1FCF72BFB0348FEF7C5FD0EB02F
:1050A00010BD000000040040FC0A002010B58EB0C6
:1050B00000240794089409940A940B941C216846D0
:1050C0000C94FBF7FEFA1E481C490160A721C0E9B9
:1050D00001144FF6FF71C0E903148461FEF7C6FCAA
:1050E00008B1FCF704FB4FF48050079007A914485F
:1050F000FEF72EFD08B1FCF7FAFA1148FEF782FE22
:1051000008B1FCF7F4FA0B940BA90D480C94FEF7C8
:105110008CFC08B1FCF7EBFA6020CDE900040294A6
:105120000822694606480494FEF704FE08B1FCF71D
:10513000DEFA0348FEF778FD0EB010BD000800400F
:105140003C0B002010B58EB00024079408940994FD
:105150000A940B941C2168460C94FBF7B2FA26487B
:105160002449C0E900144FF6FF71C0E9024104610F
:105170008461FEF77BFC08B1FCF7B9FA4FF480506C
:10518000079007A91C48FEF7E3FC08B1FCF7AFFA4B
:105190001948FEF737FE08B1FCF7A9FA0B940BA9E2
:1051A00015480C94FEF741FC08B1FCF7A0FA60200A
:1051B000CDE900040294002269460F480494FEF7EA
:1051C000B9FD08B1FCF793FA042269460A48FEF7D4
:1051D000B1FD08B1FCF78BFA082269460648FEF7D4
:1051E000A9FD08B1FCF783FA0348FEF71DFD0EB0D8
:1051F00010BD0000000C00407C0B002010B586B0F4
:1052000000241748009401940294039404941349D1
:1052100005940160A721C0E9011444F61F61C0E9AB
:10522000031444618461FEF721FC08B1FCF75FFAC6
:105230004FF48050009069460948FEF789FC08B198
:10524000FCF755FA049404A905480594FEF7EDFB14
:10525000002801D0FCF74BFA06B010BD0004014055
:10526000BC0B00200C4810B50A4901604FF4E13135
:105270004160002181600C22C160C0E9041281619B
:10528000C161FEF7B5FE002803D0BDE81040FCF771
:105290002EBA10BD001001403C0C00200D4810B586
:1052A0000B4901600C49416000214FF4806281602C
:1052B000C0E903120C22C0E90521C161FEF798FE86
:1052C000002803D0BDE81040FCF711BA10BD000063
:1052D000004800407C0C0020A08601000C4810B55E
:1052E0000A4901604FF4E1314160002181600C22E4
:1052F000C160C0E904128161C161FEF779FE002836
:1053000003D0BDE81040FCF7F2B910BD0014014015
:10531000BC0C0020FEE70000154990ED131AD1EDFA
:10532000020A71EE600AC0ED100AF5EEC00AF1EE55
:1053300010FA02DD30EEC00A01E030EE800AB0EE75
:10534000E02AF0EEC01AF4EEC21AF1EE10FA02D220
:1053500080ED110A01E0C0ED110A90ED0E0AD0EDCA
:10536000110A30EE200A80ED0E0A81ED021A704714
:10537000E401002070470000A0B1D0ED101AC0ED8C
:10538000111A90ED0F1A80ED101AC0ED060A80ED8B
:10539000070A30EEC00A80ED0F0A017829B1012911
:1053A0003BD078E09FED3D0A7047D0ED010A60EEFA
:1053B000801AC0ED091AD0ED0A0A90ED022A42EED9
:1053C000000A30EE410AC0ED0A0A90ED0D2A80ED88
:1053D0000E2A90ED0C2A80ED0D2A80ED0C0A90ED3E
:1053E000031A21EE001A80ED0B1A90ED050AF4EE77
:1053F000C00AF1EE10FA09DCB1EE400AF4EEC00A80
:10540000F1EE10FA02D390ED0A0A01E080ED0A0AEB
:1054100031EE800A30EE010A2BE070EE410A90ED89
:10542000012A20EE822A80ED092AD0ED020A60EEE0
:10543000800AC0ED0A0AD0ED0D2A72EE200AC0EDF6
:105440000E2AD0ED0C2AC0ED0D2AF0EE002A01EE56
:10545000620A30EE210A80ED0C0A90ED031A21EE6B
:10546000000A80ED0B0A30EE800AD0ED080A30EE1B
:10547000200A80ED080AD0ED040AB4EEE00AF1EE4D
:1054800010FA06DCF1EE600AB4EEE00AF1EE10FA72
:1054900001D2C0ED080A90ED080A70470000000034
:1054A000002828D0002A26D0017092ED001A80ED45
:1054B000011A92ED011A80ED021A92ED021A80EDA6
:1054C000031A80ED040A9FED0C0AC0ED050A80ED79
:1054D0000E0A80ED0D0A80ED0C0A80ED080A80EDC1
:1054E0000B0A80ED0A0A80ED090A80ED110A80EDB1
:1054F000100A80ED0F0A70470000000030B5144B11
:105500001C68656945F0400565611B68DC6844F00E
:105510001004DC600F4B1C68256825F00105256030
:105520001C682568ED07F7D11D680B4CAC601C6842
:10553000E06018680161186842601868016841F409
:10554000802101601868016841F00101016030BDEF
:105550007C0C00205C0D002004480040002801DC89
:10556000404200B2704710B50446B0F90600FFF79C
:10557000F5FF042801DA0020E08010BD70B5044674
:105580000068C168490614D44FF0FF31C160FDF7CF
:1055900081F905464FF47A7607E000BFFDF77AF906
:1055A000401BB04201D9032070BD2068C06840068E
:1055B000F4D5002070BD00002DE9F74FF84981B007
:1055C0000868026822F001020260F6480268136867
:1055D00023F00103136003E00A6822F001020A606D
:1055E000EF4909680A68D207F6D103E0016821F0A3
:1055F00001010160EB4800680168C907F6D1EA487B
:10560000EA4AEB4BD0F84C90E84CE94DE74EE84FB6
:10561000DFF898E3DFF894C3D9F80000E449483A8A
:10562000603318341835303E78374FF4006A0CF187
:10563000300C704535D9884205D0904203D098424D
:1056400001D0A04201D1202026E0A84205D0B042DE
:1056500003D0B84201D0604501D150461CE0DFF8CC
:10566000508308F13008404511D0DFF84083A8F19D
:10567000180840450BD0DFF8388308F19008404502
:1056800005D0DFF8288308F14808404502D14FF4DF
:10569000001001E04FF00060DFF81083A8F14C0823
:1056A0003AE0DFF80C8308F1A808404537D9884272
:1056B00005D0904203D0984201D0A04201D12020D1
:1056C00026E0A84205D0B04203D0B84201D06045E0
:1056D00001D150461CE0DFF8D88208F1300840457F
:1056E00011D0DFF8C882A8F1180840450BD0DFF8C8
:1056F000C08208F19008404505D0DFF8B08208F17B
:105700004808404502D14FF4001001E04FF000601E
:10571000DFF89882A8F15008C8F8000074E0DFF8BC
:10572000908208F14808404537D9884205D0904218
:1057300003D0984201D0A04201D1202026E0A84207
:1057400005D0B04203D0B84201D0604501D15046E7
:105750001CE0DFF85C8208F13008404511D0DFF82A
:105760004C82A8F1180840450BD0DFF8448208F1BC
:105770009008404505D0DFF8348208F148084045DC
:1057800002D14FF4001001E04FF00060DFF82082FA
:10579000A8F11008C8F80C0036E0884205D0904205
:1057A00003D0984201D0A04201D1202026E0A84297
:1057B00005D0B04203D0B84201D0604501D1504677
:1057C0001CE0DFF8EC8108F13008404511D0DFF82B
:1057D000DC81A8F1180840450BD0DFF8D48108F12E
:1057E0009008404505D0DFF8C48108F148084045DD
:1057F00002D14FF4001001E04FF00060DFF8B081FB
:10580000A8F11008C8F80800D9F800004FF4806B20
:10581000704535D9884205D0904203D0984201D0D6
:10582000A04201D1102026E0A84205D0B04203D00A
:10583000B84201D0604501D158461CE0DFF87081C4
:1058400008F13008404511D0DFF86081A8F1180850
:1058500040450BD0DFF8588108F19008404505D04D
:10586000DFF8488108F14808404502D14FF4801024
:1058700001E04FF08060DFF83481A8F14C083AE095
:10588000DFF82C8108F1A808404537D9884205D0B7
:10589000904203D0984201D0A04201D1102026E0CE
:1058A000A84205D0B04203D0B84201D0604501D132
:1058B00058461CE0DFF8F88008F13008404511D068
:1058C000DFF8E880A8F1180840450BD0DFF8E08049
:1058D00008F19008404505D0DFF8D08008F148086D
:1058E000404502D14FF4801001E04FF08060DFF8B6
:1058F000BC80A8F15008C8F800007AE0DFF8B0805A
:1059000008F14808404537D9884205D0904203D075
:10591000984201D0A04201D1102026E0A84205D033
:10592000B04203D0B84201D0604501D158461CE0D6
:10593000DFF87C8008F13008404511D0DFF86C803A
:10594000A8F1180840450BD0DFF8648008F19008F2
:10595000404505D0DFF8548008F14808404502D1A1
:105960004FF4801001E04FF08060DFF84480A8F130
:105970001008C8F80C003CE0884205D0904203D0E3
:10598000984201D0A04201D110202CE0A84205D0BD
:10599000B04203D0B84201D060450BD1584622E056
:1059A000FC0900205C0A0020A40900205864024081
:1059B00010600240DFF8688940450FD0DFF8648945
:1059C00040450BD0DFF8588908F16008404505D004
:1059D000DFF8508908F16008404502D14FF480108B
:1059E00001E04FF08060DFF83889A8F14008C8F87E
:1059F0000800D9F80000704532D9884205D090429D
:105A000003D0984201D0A04201D1082023E0A8424F
:105A100005D0B04203D0B84201D0604502D14FF466
:105A2000007018E0DFF8F88840450FD0DFF8F48800
:105A300040450BD0DFF8E88808F16008404505D004
:105A4000DFF8E08808F16008404502D14FF40020FB
:105A500001E04FF00070DFF8CC88A8F1340837E09F
:105A6000DFF8BC8808F17808404534D9884205D071
:105A7000904203D0984201D0A04201D1082023E0F7
:105A8000A84205D0B04203D0B84201D0604502D14F
:105A90004FF4007018E0DFF8888840450FD0DFF839
:105AA000848840450BD0DFF8788808F160084045CD
:105AB00005D0DFF8708808F16008404502D14FF446
:105AC000002001E04FF00070DFF85888A8F1380896
:105AD000C8F800006EE0DFF8488808F11808404573
:105AE00034D9884205D0904203D0984201D0A042D8
:105AF00001D1082023E0A84205D0B04203D0B8422B
:105B000001D0604502D14FF4007018E0DFF8108832
:105B100040450FD0DFF80C8840450BD0DFF80088F7
:105B200008F16008404505D0DFF8F88708F1600803
:105B3000404502D14FF4002001E04FF00070DFF843
:105B4000E087A8F14008C8F80C0033E0884205D08F
:105B5000904203D0984201D0A04201D1082023E016
:105B6000A84205D0B04203D0B84201D0604502D16E
:105B70004FF4007018E0DFF8A88740450FD0DFF839
:105B8000A48740450BD0DFF8988708F160084045AE
:105B900005D0DFF8908708F16008404502D14FF446
:105BA000002001E04FF00070DFF87487A8F1400892
:105BB000C8F80800DFF86C87D9F8000008F1180869
:105BC0004FF4807E404531D9884205D0904203D0C1
:105BD000984201D0A04201D1042022E0A84205D081
:105BE000B04203D0B84201D0604501D1704618E000
:105BF000DFF82C8740450FD0DFF8288740450BD0D1
:105C0000DFF81C8708F16008404505D0DFF81487ED
:105C100008F16008404502D14FF4802001E04FF0C8
:105C20008070DFF80087A8F1340836E0DFF8F086EE
:105C300008F17808404533D9884205D0904203D016
:105C4000984201D0A04201D1042022E0A84205D010
:105C5000B04203D0B84201D0604501D1704618E08F
:105C6000DFF8BC8640450FD0DFF8B88640450BD042
:105C7000DFF8AC8608F16008404505D0DFF8A4865F
:105C800008F16008404502D14FF4802001E04FF058
:105C90008070DFF89086A8F13808C8F800006CE042
:105CA000DFF87C8608F11808404533D9884205D0D2
:105CB000904203D0984201D0A04201D1042022E0BA
:105CC000A84205D0B04203D0B84201D0604501D10E
:105CD000704618E0DFF8488640450FD0DFF844866C
:105CE00040450BD0DFF8388608F16008404505D004
:105CF000DFF8308608F16008404502D14FF480207B
:105D000001E04FF08070DFF81886A8F14008C8F86D
:105D10000C0032E0884205D0904203D0984201D076
:105D2000A04201D1042022E0A84205D0B04203D015
:105D3000B84201D0604501D1704618E0DFF8E08537
:105D400040450FD0DFF8DC8540450BD0DFF8D0852B
:105D500008F16008404505D0DFF8C88508F1600803
:105D6000404502D14FF4802001E04FF08070DFF811
:105D7000B085A8F14008C8F80800DFF8A885D9F870
:105D8000000008F118084FF48039404530D98842A6
:105D900005D0904203D0984201D0A04201D1012009
:105DA00021E0A84205D0B04203D0B84201D06045FE
:105DB00001D1402017E0DFF8688540450FD0DFF8BB
:105DC000648540450BD0DFF8588508F160084045F0
:105DD00005D0DFF8508508F16008404501D14846FC
:105DE00001E04FF48000DFF83C85A8F1340835E08D
:105DF000DFF82C8508F17808404532D9884205D073
:105E0000904203D0984201D0A04201D1012021E06C
:105E1000A84205D0B04203D0B84201D0604501D1BC
:105E2000402017E0DFF8F88440450FD0DFF8F48415
:105E300040450BD0DFF8E88408F16008404505D004
:105E4000DFF8E08408F16008404501D1484601E0F0
:105E50004FF48000DFF8CC84A8F13808C8F80000BF
:105E60006AE0DFF8BC8408F11808404532D988425E
:105E700005D0904203D0984201D0A04201D1012028
:105E800021E0A84205D0B04203D0B84201D060451D
:105E900001D1402017E0DFF8888440450FD0DFF8BB
:105EA000848440450BD0DFF8788408F160084045D1
:105EB00005D0DFF8708408F16008404501D14846FC
:105EC00001E04FF48000DFF85884A8F14008C8F8DA
:105ED0000C0031E0884205D0904203D0984201D0B6
:105EE000A04201D1012021E0A84205D0B04203D058
:105EF000B84201D0604501D1402017E0DFF820848E
:105F000040450FD0DFF81C8440450BD0DFF81084EB
:105F100008F16008404505D0DFF8088408F1600802
:105F2000404501D1484601E04FF48000DFF8F0839E
:105F3000A8F14008C8F80800FB48DFF8E883806C47
:105F4000009008F118080068404531D9884205D012
:105F5000904203D0984201D0A04201D1202022E0FB
:105F6000A84205D0B04203D0B84201D0604501D16B
:105F7000504618E0DFF8A88340450FD0DFF8A4832F
:105F800040450BD0DFF8988308F16008404505D004
:105F9000DFF8908308F16008404502D14FF400100B
:105FA00001E04FF00060DFF87C83A8F1340836E0B0
:105FB000DFF86C8308F17808404533D9884205D072
:105FC000904203D0984201D0A04201D1202022E08B
:105FD000A84205D0B04203D0B84201D0604501D1FB
:105FE000504618E0DFF8388340450FD0DFF834839F
:105FF00040450BD0DFF8288308F16008404505D004
:10600000DFF8208308F16008404502D14FF400100A
:1060100001E04FF00060DFF80C83A8F13808C8F801
:1060200000006CE0DFF8F88208F11808404533D929
:10603000884205D0904203D0984201D0A04201D1BD
:10604000202022E0A84205D0B04203D0B84201D0BF
:10605000604501D1504618E0DFF8C48240450FD0BA
:10606000DFF8C08240450BD0DFF8B48208F1600849
:10607000404505D0DFF8AC8208F16008404502D108
:106080004FF4001001E04FF00060DFF89482A8F1B7
:106090004008C8F80C0032E0884205D0904203D096
:1060A000984201D0A04201D1202022E0A84205D090
:1060B000B04203D0B84201D0604501D1504618E04B
:1060C000DFF85C8240450FD0DFF8588240450BD0A6
:1060D000DFF84C8208F16008404505D0DFF84482C3
:1060E00008F16008404502D14FF4001001E04FF084
:1060F0000060DFF82C82A8F14008C8F8080000987A
:10610000DFF820A200680AF1180A504531D9884208
:1061100005D0904203D0984201D0A04201D1102076
:1061200022E0A84205D0B04203D0B84201D0604579
:1061300001D1584618E0DFF8E88140450FD0DFF87C
:10614000E48140450BD0DFF8D88108F16008404574
:1061500005D0DFF8D08108F16008404502D14FF446
:10616000801001E04FF08060DFF8B881A8F13408BA
:1061700036E0DFF8AC8108F17808404533D9884231
:1061800005D0904203D0984201D0A04201D1102006
:1061900022E0A84205D0B04203D0B84201D0604509
:1061A00001D1584618E0DFF8788140450FD0DFF87C
:1061B000748140450BD0DFF8688108F160084045E4
:1061C00005D0DFF8608108F16008404502D14FF446
:1061D000801001E04FF08060DFF84881A8F13808B6
:1061E000C8F800006CE0DFF8388108F11808404575
:1061F00033D9884205D0904203D0984201D0A042C2
:1062000001D1102022E0A84205D0B04203D0B8420C
:1062100001D0604501D1584618E0DFF804814045BF
:106220000FD0DFF8008140450BD0DFF8F48008F193
:106230006008404505D0DFF8EC8008F16008404573
:1062400002D14FF4801001E04FF08060DFF8D08081
:10625000A8F14008C8F80C0032E0884205D090420E
:1062600003D0984201D0A04201D1102022E0A842E0
:1062700005D0B04203D0B84201D0604501D15846A4
:1062800018E0DFF89C8040450FD0DFF8988040454B
:106290000BD0DFF88C8008F16008404505D0DFF8AE
:1062A000848008F16008404502D14FF4801001E07D
:1062B0004FF08060DFF86880A8F14008C8F8080057
:1062C00000980068504536D9884205D0904203D0E6
:1062D000984201D0A04201D1082029E0A84205D06F
:1062E000B04203D0B84201D0604502D14FF40070F3
:1062F0001EE0DFF82C8040450FD0DFF828804045B5
:106300000BD0DFF81C8008F16008404505D0DFF8AD
:10631000148008F16008404508D14FF4002007E0E0
:106320004060024040640240A40900204FF0007029
:10633000DFF8E88439E0DFF8E884404538D988425E
:1063400005D0904203D0984201D0A04201D108204C
:1063500027E0A84205D0B04203D0B84201D0604542
:1063600002D14FF400701CE0DFF8B484A8F1780883
:10637000404511D0DFF8A48408F1340840450BD023
:10638000DFF89C84A8F11808404505D0DFF88C841C
:1063900008F19408404502D14FF4002001E04FF08D
:1063A0000070DFF87884A8F10408C8F8000076E0EF
:1063B000DFF86C84A8F16008404538D9884205D0E0
:1063C000904203D0984201D0A04201D1082027E09A
:1063D000A84205D0B04203D0B84201D0604502D1F6
:1063E0004FF400701CE0DFF83884A8F178084045CD
:1063F00011D0DFF8288408F1340840450BD0DFF8CD
:106400002084A8F11808404505D0DFF8108408F171
:106410009408404502D14FF4002001E04FF0007095
:10642000DFF8FC83A8F1B808C8F80C0037E0884210
:1064300005D0904203D0984201D0A04201D108205B
:1064400027E0A84205D0B04203D0B84201D0604551
:1064500002D14FF400701CE0DFF8C483A8F1780883
:10646000404511D0DFF8B48308F1340840450BD023
:10647000DFF8AC83A8F11808404505D0DFF89C830D
:1064800008F19408404502D14FF4002001E04FF09C
:106490000070DFF88C83A8F1B808C8F808000098ED
:1064A0000068504533D9884205D0904203D09842C5
:1064B00001D0A04201D1042026E0A84205D0B0427C
:1064C00003D0B84201D0604501D170461CE0DFF82E
:1064D0005083A8F17808404511D0DFF8408308F1D7
:1064E000340840450BD0DFF83883A8F11808404540
:1064F00005D0DFF8288308F19408404502D14FF415
:10650000802001E04FF08070DFF8108338E0DFF882
:106510001083404537D9884205D0904203D0984235
:1065200001D0A04201D1042026E0A84205D0B0420B
:1065300003D0B84201D0604501D170461CE0DFF8BD
:10654000E082A8F17808404511D0DFF8D08208F148
:10655000340840450BD0DFF8C882A8F11808404540
:1065600005D0DFF8B88208F19408404502D14FF415
:10657000802001E04FF08070DFF8A082A8F10408CD
:10658000C8F8000074E0DFF89882A8F16008404580
:1065900037D9884205D0904203D0984201D0A0421A
:1065A00001D1042026E0A84205D0B04203D0B84271
:1065B00001D0604501D170461CE0DFF86482A8F18B
:1065C0007808404511D0DFF8548208F1340840457E
:1065D0000BD0DFF84C82A8F11808404505D0DFF851
:1065E0003C8208F19408404502D14FF4802001E03C
:1065F0004FF08070DFF82882A8F1B808C8F80C00C6
:1066000036E0884205D0904203D0984201D0A042A3
:1066100001D1042026E0A84205D0B04203D0B84200
:1066200001D0604501D170461CE0DFF8F481A8F18B
:106630007808404511D0DFF8E48108F1340840457E
:106640000BD0DFF8DC81A8F11808404505D0DFF851
:10665000CC8108F19408404502D14FF4802001E03C
:106660004FF08070DFF8B881A8F1B808C8F80800CA
:1066700000980068504529D9884205D0904203D03F
:10668000984201D0A04201D101201DE0A84205D0CE
:10669000B04203D0B84201D0604501D1402013E0A0
:1066A0005F49783988420BD05C493431884207D041
:1066B0005B491839884203D058499431884201D146
:1066C000484601E04FF4800054492DE0DFF8508146
:1066D00040452BD9884205D0904203D0984201D042
:1066E000A04201D101201DE0A84205D0B04203D054
:1066F000B84201D0604501D1402013E048497839C3
:1067000088420BD045493431884207D04449183972
:10671000884203D041499431884201D1484601E082
:106720004FF480003D49091F08605CE0DFF8F0800D
:10673000A8F1600840452BD9884205D0904203D08B
:10674000984201D0A04201D101201DE0A84205D00D
:10675000B04203D0B84201D0604501D1402013E0DF
:106760002F49783988420BD02C493431884207D0E0
:106770002B491839884203D028499431884201D1E5
:10678000484601E04FF480002549B839C8602AE046
:10679000884205D0904203D0984201D0A04201D156
:1067A00001201DE0A84205D0B04203D0B84201D07C
:1067B000604501D1402013E01949783988420BD057
:1067C00016493431884207D015491839884203D018
:1067D00012499431884201D1484601E04FF48000CB
:1067E0000F49B83988600F4802990268D1600E4994
:1067F000019A0B68DA600368039A5A600B68039A7F
:106800005A600068026842F001020260086801688C
:1068100041F001010160BDE8FF8F00000C640240FF
:10682000B8600240FC0900205C0A00202DE9F04F0E
:106830008346344803685C6844F002045C60036883
:106840005C6844F001045C600068036843F0400346
:1068500003602D4803681C6824F001041C60036871
:106860001C68E407F7D1294E294C284D4C3EDFF82F
:10687000A0A0274FB83C4FF4001CA6F10409AAF1D0
:10688000600AAB4202D9C6F800C00BE0BB4202D995
:10689000C9F800C006E0534502D9C4F80CC001E0B5
:1068A000C4F808C0DFF86CC0C3F808C00368D9603A
:1068B00001684A600068016841F0100101601648F3
:1068C00001680B6823F001030B6001680B68DB07AC
:1068D000F7D14FF00063A94201D9336009E0B94212
:1068E00002D9C9F8003004E0514501D9E36000E065
:1068F000A360C1F808C00368C3F80CB00068426028
:10690000BDE8F08FA4090020FC0900205864024073
:10691000B86002400C3001405C0A002038B50446E3
:106920001248134B0068B0FBF3F04FF47A735843EE
:1069300000906068B0F5827F0DD10B460092002276
:106940008021204600F016F870B1606D40F0200004
:106950006065032038BD009830B1401E009020686B
:106960008068C0430006F6D5002038BD2C0000200A
:1069700000366E012DE9F0411D4617460E460446CD
:10698000DDF8188008E0681C06D0FBF783FFA0EB59
:106990000800A8420BD255B12068806836EA000092
:1069A00030D00020B842EED10020BDE8F081206850
:1069B000416821F0E00141606068B0F5827F0BD151
:1069C000A068B0F5004F02D0B0F5806F04D1206808
:1069D000016821F040010160A06AB0F5005F09D1B3
:1069E0002068016821F4005101602068016841F4C9
:1069F00000510160012084F85100002084F850000B
:106A00000320D2E70120CDE710B5FCF7DBF908F051
:106A100023FC012803D0BDE8104008F007B910BDE1
:106A200030B597B030216846F9F74BFE14210CA819
:106A3000F9F747FE00251E481195129513951495F8
:106A4000016841F080510160006800F080501590AD
:106A50001848016841F4804101600068022400F494
:106A60008040159001200090000401908001CDE944
:106A7000064006200890A820CDE9090407200B90C5
:106A80006846FCF7D7FB0CA90F2081E831004FF4D2
:106A9000A0500F90E002109005210CA8FCF7E0FA3E
:106AA00005481490119411A8FCF73CFA17B030BDBA
:106AB000403802400070004000031E00104801688A
:106AC00041F4700101600F48016841F0010101606B
:106AD0000C4A00210832116002680B4B1A40026018
:106AE000031D0A4A1A60026822F4802202600548E7
:106AF0000C30016002495806803908607047000078
:106B000088ED00E000380240FFFFF6FE1030002460
:106B1000F0B50268254C264D264E274F274B4FF0E7
:106B2000804CA04209D0604507D0A84205D0B042B1
:106B300003D0B84201D0984204D122F0700E4A68C6
:106B400042EA0E02A0421BD0604519D0A84217D0DD
:106B5000B04215D0B84213D0984211D0184DA84277
:106B60000ED0184DA8420BD0174DA84208D0174D93
:106B7000A84205D0164DA84202D0164DA84203D116
:106B800022F44075CA682A434D6922F080022A43E4
:106B900002608A68C2620A688262A04201D098429A
:106BA00001D10969016301214161F0BD000001408B
:106BB0000004004000080040000C004000040140B8
:106BC00000400140004401400048014000180040DE
:106BD000001C00400020004010B501F01F030121FF
:106BE000046A99408C430462016A9A40114301622D
:106BF00010BD10B5846842EA032224F47F440A439E
:106C00002243826010BD826822F070020A4342F083
:106C10000701816070470000F0B5026A22F00102AE
:106C20000262036A42688469124E24F073050C689C
:106C30002C4323F002058B682B430D4DA84201D055
:106C4000B04205D123F00807CB683B4323F004038F
:106C5000A84201D0B04205D14D6922F440721543DB
:106C60008A692A4342608461496841630362F0BDD6
:106C70000000014000040140F0B5026A22F0100259
:106C80000262026A436884690D6824F4E64444EAB7
:106C900005248D6822F0200242EA05120F4D104EA5
:106CA000A84201D0B04206D1CF6822F0800242EA69
:106CB000071222F04002A84201D0B04207D14D692C
:106CC00023F4406343EA85038D6943EA8503436007
:106CD0008461496881630262F0BD000000000140E8
:106CE00000040140F0B5026A22F480720262026A76
:106CF0004368C46922F4007224F073050C68124ED4
:106D00002C438D6842EA05220E4DA84201D0B042C4
:106D100006D1CF6822F4006242EA072222F48062A0
:106D2000A84201D0B04207D14D6923F4405343EA51
:106D300005138D6943EA05134360C4614968C16363
:106D40000262F0BD000001400004014030B5026A5B
:106D500022F480520262046A4268C3690D6823F417
:106D6000E64343EA05238D6824F4005444EA0534DD
:106D7000084DA84202D0084DA84204D14D6922F422
:106D8000804242EA85124260C3614968016404623C
:106D900030BD0000000001400004014010B5036A4E
:106DA000046A24F001040462846924F0F00444EAD3
:106DB000021423F00A020A438461026210BD10B576
:106DC000036A23F0100303628369046A23F47043A7
:106DD00043EA023224F0A00343EA01118261016216
:106DE00010BD10B5806B0021C185C184FDF776F818
:106DF00010BD0168CA6822F49072CA6001684A69CD
:106E000022F001024A61202180F83A10704710B543
:106E100090F83A10222901D0022010BD8168B1F506
:106E2000805F11D00169002901681FD0496801F015
:106E30007F03816A4A1C82620B70C18D491E09045E
:106E4000090CC18518D02BE00269816A002A02680A
:106E5000526805D0D2B20A80816A491C8162ECE78F
:106E6000C2F308020A80816A891CF7E74A68816ACE
:106E70004B1C83620A70E0E70168CA6822F02002B6
:106E8000CA600168CA6822F48072CA6001684A69EF
:106E900022F001024A61202180F83A10FDF746FAFB
:106EA000002010BD2DE9F041044600680169E26848
:106EB00021F44051114301612169A068E26908434E
:106EC0006169114322680843D16849F20C63994310
:106ED0000143D16020684169A26921F440711143E6
:106EE0004161E2696425B2F5004F974897492268ED
:106EF0004FF032083FD08A4201D082427CD1FCF769
:106F000057F900EBC00101EB001061688900B0FB8C
:106F1000F1F6FCF74DF900EBC00101EB00106168E0
:106F20008900B0FBF1F0B0FBF5F06FF018014843B9
:106F300006EB800108EB0110B0FBF5F000F0F00665
:106F4000FCF736F900EBC00101EB00106168890025
:106F5000B0FBF1F0B0FBF5F006EB0016FCF728F9FA
:106F600000EBC00101EB001061688900B0FBF1F794
:106F7000FCF71EF9D2E08A4201D082423DD1FCF7F3
:106F800017F900EBC00101EB001061684900B0FB8C
:106F9000F1F0B0FBF5F00601FCF70AF900EBC001D7
:106FA00001EB001061684900B0FBF1F7FCF700F954
:106FB00000EBC00101EB001061684900B0FBF1F08B
:106FC000B0FBF5F06FF01801484307EB800108EBC8
:106FD000C100B0FBF5F000F0F80006EB4006FCF74E
:106FE000E7F800EBC00101EB001061684900B0FB5D
:106FF000F1F7FCF7DDF83CE055E0FCF7C9F800EBF1
:10700000C00101EB001061684900B0FBF1F0B0FB7A
:10701000F5F00601FCF7BCF800EBC00101EB001035
:1070200061684900B0FBF1F7FCF7B2F800EBC00172
:1070300001EB001061684900B0FBF1F0B0FBF5F026
:107040006FF01801484307EB800108EBC100B0FB6B
:10705000F5F000F0F80006EB4006FCF799F800EBBD
:10706000C00101EB001061684900B0FBF1F7FCF7CB
:107070008FF800EBC00101EB001061684900B0FB24
:10708000F1F0B0FBF5F06FF01801484307EB800119
:1070900008EBC100B0FBF5F000F0070021683044B8
:1070A0008860BDE8F081FCF773F800EBC00101EBEC
:1070B000001061688900B0FBF1F6FCF769F800EB9D
:1070C000C00101EB001061688900B0FBF1F0B0FB7A
:1070D000F5F06FF01801484306EB800108EB011052
:1070E000B0FBF5F000F0F006FCF752F800EBC00141
:1070F00001EB001061688900B0FBF1F0B0FBF5F026
:1071000006EB0016FCF744F800EBC00101EB0010A1
:1071100061688900B0FBF1F7FCF73AF800EBC001B9
:1071200001EB001061688900B0FBF1F0B0FBF5F0F5
:107130006FF01801484307EB800108EB0110B0FB2A
:10714000F5F000F00F00A9E7001401400010014025
:1071500090F83910212901D0022070478168B1F5DB
:10716000805F016A0BD04A1C026202680978516094
:10717000C18C491E0904090CC1840ED017E009888E
:107180000268C1F30801516001690029016A02D057
:10719000491C0162ECE7891CFBE70168CA6822F020
:1071A0008002CA600068C16841F04001C1600020EF
:1071B000704700000FB44FF6FF70F0B589B0444D32
:1071C000ADF80000A5208DF80C000E9803ACC0EBC4
:1071D0000010801DADF80D0028788DF80F000FAE5F
:1071E000FF2204212046FAF7DDFA8DF8100040F264
:1071F0000130ADF811000E9801280BD002280CD0F8
:10720000052837D0072838D04FF0FF3009B0F0BC40
:107210005DF814FB40F2011001E04FF48170ADF80D
:107220000400A888ADF806006888ADF80800BDF82D
:10723000002007212046FAF79FFAADF80000024629
:1072400001A80621FAF798FAADF8000003AB002474
:10725000187800F01FF95B1C641C072CF8D301ABF5
:107260000024187800F016F95B1C641C062CF8D377
:1072700000271CE040F20310D1E74FF48270CEE704
:10728000304605AC0FC884E80F001036BDF800206A
:107290000F212046FAF770FAADF80000002320789D
:1072A00000F0F8F85B1C641C0F2BF8D37F1C0E98C1
:1072B0008742E5DB6B460024187800F0EBF85B1C96
:1072C000641C022CF8D32878401C287000209DE70D
:1072D000DC01002010B504F013FD154903280ED081
:1072E000042811D0052814D0672817D068281AD090
:1072F000692803D1888040F26910488010BD0320BE
:10730000888040F20310F8E7042088804FF48270F0
:10731000F3E70520888040F20510EEE767208880BB
:1073200040F26710E9E7682088804FF4B470E4E722
:10733000DC01002010B50448FCF7D2FD02496FF0D3
:1073400020000968086010BD3C0C0020264818B4D5
:1073500000680168890604D501684068009018BC7F
:10736000704722490968C906F9D501684068204A72
:107370000090106801684FF024030C031D49046855
:1073800024F00104046016D410684468C4F1240495
:10739000A4B20C8043601068016841F400210160D0
:1073A0001068016841F001010160122CD7D1124927
:1073B00001F1500015E014686068C0F1240080B24B
:1073C000088063600D498B6A23F400238B62116887
:1073D0000A6842F001020A601228C0D1064901F190
:1073E000740018BC06F0CCBD7C0C002000480040A6
:1073F0005C0D0020AC0000204C71002000600240B9
:107400001F4818B40068C00637D51E4801680A68CE
:1074100049680091416B09680A681B4B12030A68AE
:107420004FF4007422F001020A60416B09684A6857
:10743000C2F5007292B21A804C60416B09680B6809
:107440000CD443F400230B60406B0068016841F0EA
:10745000010101600D4901F580600BE023F4002378
:107460000B60406B0068016841F001010160084950
:1074700001F5007018BC04F002BB18BC7047000096
:1074800000140140BC0C0020D60100209880002090
:107490009882002003490A685206FCD50149091D5B
:1074A0000860704700140140FEE703B401984100F2
:1074B000009850EAC12018BF04204A0D18BF40F0C0
:1074C000010040F2FF72B2EB515F08BF40F00200D2
:1074D000012808BF052002B070474100080218BF0C
:1074E00004200A0E18BF40F001004FF07F4232EA3C
:1074F000010108BF40F00200012808BF05207047C5
:107500000907090E002804DB00F1E02080F80014D0
:10751000704700F00F0000F1E02080F8141D704764
:1075200010B54FF00E402DED028BB0EE408A18EEF4
:10753000104A00EB4400B0F1506F4AD84FF0FC40C5
:10754000B0EB440F22D2B0EEC80AF7EE000A30EEDC
:10755000C00AF6EE000A60EE208A18EE900A06F0E5
:10756000B0FE01EE100A14F0004F1DBFDFED2D0A32
:107570009FED2D0AB1EE411ADFED2C0A08BF9FEDF9
:107580002C0AF8EE001A21EE218A05E0DFED290A27
:1075900068EE088AB0EE600A9FED271ADFED271A21
:1075A00030EE080A48EE811A9FED251A08EEA11A5E
:1075B000DFED241A48EE811A9FED231A08EEA11A76
:1075C00068EE281ABDEC028B01EE810A30EE200A2B
:1075D00010BD4FF0E440B0EB440F0CD918EE100A88
:1075E000FFF77BFF042808BF02F028FAB0EE480A34
:1075F000BDEC028B10BD4FF07F40B0EB440F07D2C3
:10760000B0EE480ABDEC028BBDE8104002F008BAAB
:107610000120F9F785F8BDEC028BBDE8104002F0BF
:1076200005BA00000000C9BF22AAFDB90000C93F89
:1076300022AAFD390000000024FE1C3DC78AD83C68
:107640001E67383D1B93993DAFAA2A3E00000000FB
:1076500070B59B482DED020B2DED068B079D25F097
:107660000044A04218DC9748844202DC0AD1069804
:1076700040B19DED060BBDEC068B02B0BDE870403D
:1076800002F08AB9002DCCBF9FED8F0B9FED900BC0
:10769000BDEC068B02B070BD8F48A04215DD8F484F
:1076A000A042D8BF4FF0FF3458DD9DED060B51ECE2
:1076B000100BFFF7FAFE042808BF02F0A1F99DEDB8
:1076C000060BBDEC068B02B070BD9DED060B51ECB8
:1076D000100B04F0A7F9CDE9060181489FED828BDC
:1076E000A0423CDD8248A0421FDD00249FED82AB1A
:1076F0009DED060B53EC1A2B51EC100B08F0DEF845
:107700009DED060B41EC190B53EC1A2B51EC100BB1
:1077100008F0E4FC53EC182B08F0DCFF53EC192BB9
:1077200008F00CFACDE9060149E09DED060B0124B5
:1077300053EC182B51EC100B08F0C0F89DED060B24
:1077400041EC190B53EC182B51EC100B08F0C2FF55
:1077500053EC192B08F0F2F9CDE906012FE0684847
:10776000A0421FDD02249FED689B9DED060B53ECAC
:10777000192B51EC100B08F0B1FC53EC182B08F04E
:107780009DF89DED060B41EC180B53EC192B51ECB9
:10779000100B08F09FFF53EC182B08F0CFF9CDE940
:1077A00006010CE09DED060B032453EC102B9FED1E
:1077B000580B51EC100B08F0C1F9CDE906019DED15
:1077C000060B53EC102B51EC100B08F087FC41EC2E
:1077D000180B53EC182B08F081FC41EC190B4E48A8
:1077E0000621B0EE490AF0EE690A784401F0A8FFDC
:1077F00053EC182B51EC100B08F070FC41EC180BFB
:107800004648B0EE490AF0EE690A0521784401F0D5
:1078100097FF53EC192B51EC100B08F05FFC41EC77
:10782000100B51EC180B53EC102B002C0EDA08F057
:1078300045F89DED061B53EC112B08F04FFC9DED18
:10784000061B53EC112B08F019FE35E008F036F852
:107850009DED061B53EC112B08F040FC41EC100B86
:107860002F48784400EBC40090ED001B51EC100B46
:1078700053EC112B08F02EFF9DED061B53EC112B42
:1078800008F028FF41EC100B2648784400EBC400B8
:1078900090ED001B51EC100B53EC112B08F0EEFD9A
:1078A00041EC100B002DA2BFBDEC068B02B070BDE9
:1078B00051EC100B07F094FE41EC100B01E70000B7
:1078C000000010440000F07F182D4454FB21F93FC4
:1078D000182D4454FB21F9BF0000DC3F0000203E7E
:1078E0000000F33F00000000000000000000F03F37
:1078F0000000E63F00000000000000000000004023
:107900000080034000000000000000000000F83F7D
:10791000000000000000F0BF0AAA0000C0A900009B
:107920004AA9000002A9000070B56F4E2DED040BAE
:107930002DED048B82B0DDF824C0DDE907235C4225
:107940002CF000411C4341EAD474069D22F0004013
:10795000B44205D86C422C4340EAD474B4420BD9EB
:107960009DED081B9DED060B02B0BDEC048B04B031
:10797000BDE8704002F01AB8ACF14054A4F17F6445
:107980001C430BD0022404EAAC7444EAD2740543CD
:107990009FED578B9FED582B07D015E09DED060B03
:1079A00051EC100B02F0E6FE42E0002C11BF012C5E
:1079B0009DED060B02B0BDEC048B04BF04B070BD9E
:1079C000022C38D0032C3BD00B439FED4D1B9FED79
:1079D0004E0B0AD0B14218D1B04209D121F08041FA
:1079E00020F08040099107900FE0002A15DA10E09E
:1079F000474B7B44002C08BF93ED000B0DD0012CAE
:107A000010D0022C17D0032C1AD0B0421DD1002A5E
:107A100003DAB0EE410AF0EE610A02B0BDEC048B6D
:107A200004B070BD93ED000B51EC100B07F0D8FDC6
:107A300041EC100BF1E7B0EE480AF0EE680AECE713
:107A4000B0EE420AF0EE620AE7E7401A00159FED39
:107A5000329B3C28C8BF8DED000B17DCBCF1000F3A
:107A6000BCBF10F13C0F8DED009B0FDB9DED080BB3
:107A700053EC102B9DED060B51EC100B08F05EF84B
:107A800003F0D0FF02F076FECDE90001B4B1012C85
:107A900010D0022C9FED220B53EC102B9DED000B10
:107AA00051EC100B19D008F015FE53EC182B08F010
:107AB00011FEBDE7019880F0004001909DED000BA4
:107AC00053EC192B51EC100B08F0F6F904BF02200F
:107AD000F8F726FE9DED000B9FE708F0FBFD53EC49
:107AE000182B08F0CBFCA3E70000F07F000000009B
:107AF000182D4454FB210940182D4454FB2109C082
:107B0000182D4454FB21F9BF182D4454FB21F93F93
:107B100022A900000000000000000000000000009A
:107B2000075C143326A6A13C70B54FF068422DEDDA
:107B3000048BF0EE408A18EE900AB0EE608A18EEE0
:107B4000101A02EB4003B3F1654F3CBF02EB410258
:107B5000B2F1654F7DD200BFC0F3C753C1F3C75226
:107B60009A1A1B2A09DD10F0004F14BF9FED830AFB
:107B70009FED830ABDEC048B70BD12F11A0F36DA4B
:107B800011F0004F09D010F0004F0CBF9FED7D0A9F
:107B90009FED7D0ABDEC048B70BD88EE889A19EECE
:107BA000100AFFF79AFC042808BF01F047FF18EEFF
:107BB000900AFFF792FC054618EE100AFFF78DFCBD
:107BC000044619EE100AFFF788FC042D18BF052D96
:107BD00008D1042C18BF052C04D1002804BF0220B2
:107BE000F8F79EFDB0EE490ABDEC048B70BD420073
:107BF000B2EB410F3AD910F0004F19BFDFED630A25
:107C00009FED630ADFED630A9FED630AB0EE481A49
:107C10000A46B1EE688A80F00041F0EE418A1046D3
:107C20000A1A5200B2F1807F34D2484010F0004F5F
:107C3000DFED5A1A9FED5A2A1DBFBEEE001A70EEF4
:107C4000E10A30EE420AB6EE001A08BF70EEA10A51
:107C500000E040E008BF30EE020AB0EE682A01EE14
:107C6000482A08EE818AC2EE081A15E011F0004F8A
:107C700004BF9FED4C0AF0EE400AD1D010F0004F47
:107C800019BFDFED490A9FED490ADFED490A9FED73
:107C9000490AC5E7C8EE881A21EEA11A9FED462AC7
:107CA000DFED462A41EE022A9FED452A01EE222A07
:107CB000DFED442A41EE022A9FED432ABDEC048BFE
:107CC00001EE222A21EE811A01EE020A30EE210A8B
:107CD00030EE200A70BD4FF07F42B2EB400F28BF5C
:107CE000B2EB410F09D2F0EE480AB0EE680ABDECE3
:107CF000048BBDE8704001F096BE40EA01035B00D2
:107D000008BF41F0FF410BD0B2EB400F08BFB2EB10
:107D1000410F08D120F0804008EE900A21F0804108
:107D200008EE101A18E7B2EB400F12BF5FEA4103EA
:107D300040F0FF4001F000413FF40EAFB2EB410FC5
:107D400012BF5FEA400200F0004041F0FF413FF403
:107D500003AF4A0092EA40033FF5FEAE002AACBFF3
:107D60009FED1A0A9FED1A0A68EE808A28EE008AB3
:107D700018EE900A18EE101AEEE60000DB0FC9BFED
:107D8000DB0FC93FDB0F4940DB0F49C00000C9BF13
:107D900022AAFDB90000C93F22AAFD390060ED3ECC
:107DA000C30ACE3700000000000049C022AA7DBAF5
:107DB0000000494022AA7D3A2DAD65BD8FB8D53D62
:107DC0000FB511BE61C84C3EA8AAAABE0000804FE4
:107DD0000000802F10B54FF00E412DED028BB0EE5C
:107DE000408A18EE100A01EB4001B1F1145F5CD239
:107DF0004FF0FE41B1EB400F24BF9FED400AF0EE83
:107E0000400A12D210F0004F19BFDFED3D0A9FED7E
:107E10003D0ADFED3D0A9FED3D0AFFEE001A81EEBF
:107E2000881AB0EE418A18EE100A4FF0FC41B1EB0F
:107E3000400F1BD210F0004FDFED351A9FED352AB1
:107E40001DBFBEEE001A70EEE10A30EE420AB6EE39
:107E5000001A04BF70EEA10A30EE020A38EE412A81
:107E6000F7EE001A48EE011A82EE218ADFED2A1A97
:107E70009FED2A2A28EE081A01EE212ADFED281AA2
:107E800041EE021A9FED272A01EE212ADFED261A84
:107E900041EE021A28EE011A01EE210A30EE080A1C
:107EA000BDEC028B30EE200A10BD4FF0E441B1EB87
:107EB000400F0CD918EE100AFFF70FFB042808BF7B
:107EC00001F0BCFDB0EE480ABDEC028B10BD4FF0D6
:107ED0007F41B1EB400F07D2B0EE480ABDEC028BF8
:107EE000BDE8104001F09CBD10F0004F14BF9FEDA5
:107EF0000F0A9FED0F0ABDEC028B10BD00000000C1
:107F00000000C9BF22AAFDB90000C93F22AAFD395D
:107F10000060ED3EC30ACE372DAD65BD8FB8D53DAF
:107F20000FB511BE61C84C3EA8AAAABEDB0FC9BFDF
:107F3000DB0FC93F0000000010B52F499FED2C1B3F
:107F40002DED020B84B0059820F000408842D8BF88
:107F50009DED040B2DDD2949884209D1049840B9D3
:107F60004FF00100F8F7DCFB01F02AFD06B010BD70
:107F700005DB9DED040B01F00FFD06B010BD68465A
:107F80009DED040B01F008F910F0030004BF9DED16
:107F9000021B9DED000B0CD001280ED09DED021BA5
:107FA0009DED000B022817D0012001F045FC06B022
:107FB00010BD01F00DFB06B010BD9DED021B9DED47
:107FC000000B012001F038FC51EC100B07F008FB0E
:107FD00006B041EC100B10BD01F0FAFA51EC100B99
:107FE00007F0FEFA06B041EC100B10BD00000000D7
:107FF0000000000000000000FB21E93F0000F07FCE
:1080000070B5D94B00242DED020B2DED108BDDE961
:108010001010984205DA20F000429A4201D809D1A6
:1080200041B19DED100BBDEC108B02B0BDE870406E
:1080300001F0B2BCB0F5801F26DA11430BD0002846
:1080400013DA0120F8F76CFBBDEC108B02B0BDE831
:10805000704001F0B5BC0220F8F762FB01F084FC2F
:1080600051EC100B07F0BCFA9EE06FF035049FED69
:10807000C00B53EC102B9DED100B51EC100B08F0C6
:108080002DF8CDE91001084604EB2051C0F313048C
:10809000B948A1F2FF31204400F4801080F07F62E3
:1080A00082F04052224301EB20559FEDB50B119217
:1080B00053EC102B9DED100B51EC100B08F00AFB4C
:1080C00041EC180BA01CC0F313009FEDAFDB9FED3C
:1080D000B0EBB14E7E4403286CD296ED000B51EC10
:1080E000180B53EC102B07F0E7FE1DD1002D01BF3C
:1080F00096ED000BBDEC108B02B070BD284607F06A
:1081000079FF41EC180B53EC1D2B07F0E7FF41EC16
:10811000190B53EC1E2B51EC180B07F0DFFF53EC3F
:10812000192B07F0CBFB3FE09FED9D0B51EC180B9B
:1081300053EC102B07F0D2FF9FED9B1B53EC112B40
:1081400008F09CF941EC190B53EC182B51EC180B6F
:1081500007F0C4FF53EC192B07F0C0FF41EC190BDB
:10816000002D04BF53EC192B51EC180B1AD02846E4
:1081700007F040FF41EC1A0B53EC1D2B07F0AEFF4C
:1081800053EC192B08F07AF953EC182B08F0A2FAEB
:1081900041EC180B53EC1E2B51EC1A0B07F09EFF11
:1081A00053EC182B08F096FABDEC108B02B041ECA2
:1081B000100B70BD9FED7E0B51EC180B53EC102B88
:1081C00007F07CFB41EC100B51EC180B53EC102B1F
:1081D00007F0B4FC41EC190B284607F00BFF41EC0B
:1081E0001B0B53EC192B51EC190B07F077FF41ECEB
:1081F0001A0B714853EC1A2B261851EC1A0B07F086
:108200006DFF41EC1F0B6D48C4F1510404F5D724F8
:10821000B0EE4F0AF0EE6F0A0321784401F090FAB5
:1082200053EC1F2B51EC100B07F058FF41EC1C0BCB
:108230006348B0EE4F0AF0EE6F0A0421784401F073
:108240007FFA53EC1A2B51EC100B07F047FF344325
:1082500053EC1C2B07F032FB41EC1C0B002C4CDDCB
:108260009FED510B51EC180B53EC102B07F036FF20
:1082700053EC182B07F032FF41EC1A0B55B353ECBB
:108280001D2B51EC1B0B07F029FF41EC1D0B53EC90
:108290001C2B51EC1A0B07F011FB53EC192B07F0B8
:1082A0001DFF53EC1D2B07F009FB53EC1A2B08F0B4
:1082B000E5F853EC182B08F00DFA41EC180B53ECD1
:1082C0001E2B51EC1B0B07F009FF53EC182B08F089
:1082D00001FA69E753EC1C2B51EC1A0B07F0EEFA8C
:1082E00053EC192B07F0FAFE53EC1A2B08F0C6F8E2
:1082F00053EC182B08F0C2F856E735B353EC1D2B9E
:1083000051EC1B0B07F0EAFE41EC1A0B53EC1C2B53
:1083100051EC180B08F0DEF953EC192B07F0DEFED8
:1083200053EC1A2B08F0D6F953EC182B08F0D2F9BD
:1083300041EC180B53EC1E2B51EC1B0B07F0CEFE3F
:1083400053EC182B08F0C6F92EE753EC1C2B51EC1C
:10835000180B08F0BFF953EC192B07F0BFFE53ECD4
:10836000182B08F08BF81FE70000F07F00000000DA
:108370000000000000005043645F0900000000009E
:10838000000000000000F03F763C7935EF39EA3D0F
:108390000000E0FE422EE63F40A200000000000088
:1083A000555555555555D53F000000000000E03F9C
:1083B000000000000000004086EBF9FF0AA000006A
:1083C00000A00000000000002DE9F04D2DED040B91
:1083D0002DED0E8B96B0DDE92550279CDDF890A0A1
:1083E00025F0004624F00048BAF1000F14BF012127
:1083F000002101EB4502FC4953184A1093422AD34D
:10840000002814BF0123002303EB44030B44F74966
:108410008B4220D358EA00019FEDF59B76D0DFF820
:10842000D8B35D4503D1BAF1000F05D188E0BAF1A8
:10843000000F08BF002100D0012101EB450111F51B
:10844000001F08D8002814BF0121002101EB4401BE
:1084500011F5001F0BD99DED261B9DED240B16B0C9
:10846000BDEC0E8B04B0BDE8F04D01F09FBA0027C3
:10847000002DBCBFE149884521DAE1498845A8BF04
:1084800002271CDAC3451ADCDE4901EB2851142906
:1084900008DDC1F1340220FA02F101FA02F282424F
:1084A0000DD108E058B9C1F1140228FA02F101FA1D
:1084B00002F2424503D101F00101C1F1020756EA7F
:1084C0000A0124D1002C22DA002D18BF022F01D07E
:1084D000012F0AD00220F8F723F916B0BDEC0E8B5D
:1084E00004B0BDE8F04D01F03FBA0220F8F718F9EA
:1084F00001F03AFA51EC100B07F072F841EC100B56
:1085000016B0BDEC0E8B04B0BDE8F08D18E09FED09
:10851000BEAB9FEDBF8B002871D1B848804522D1FA
:1085200005F1804010F5801008BFBAF1000F07D0A8
:10853000B3450ADC002CA8BF9DED260BE0DA0DE068
:10854000B0EE490AF0EE690ADAE7002C06DA9DED92
:10855000260B51EC100B07F043F86FE0AE4878445F
:1085600090ED000BCCE7D8454DD1002C48DA2EB168
:1085700086423AD1BAF1000F42D126E0BAF1000F9B
:1085800013D00220F8F7CCF801F02AFA8DED020B97
:108590009DED240B8DED000B10EE900A039961F315
:1085A0001E0003909DED020BAAE78DED02AB9DED41
:1085B000240B1AEE901A10EE900A8DED000B61F369
:1085C0001E0003909DED020B9AE78DED028B9DED51
:1085D000240B18EE901A10EE900A8DED000B61F34B
:1085E0001E0003909DED020B8AE709DA9DED240B36
:1085F00051EC190B53EC102B07F0A0FA1EE020E011
:108600009DED240B7CE786421BDAB4F1804F0DD040
:10861000A4F10050B0F1FF5013D1002D11DB9DEDFE
:10862000240B51EC100B05F015FE07E09DED240B1B
:1086300053EC102B51EC100B00F0C2BC41EC100BB2
:108640005EE79DED240B51EC100B03F0EBF9BAF152
:10865000000FCDE90E0142D19FED710B46B3A6F19B
:10866000E040B0F17F600CD05E4538D1002D00DADB
:10867000A7B3022F0CBF01204FF0FF3007F0BAFC68
:10868000DCE7002D01DD002C0DDA002D01DD002CD2
:108690001FDB002D16DA002C14DB012F08BF9FED25
:1086A000620B3FF42DAFB0EE4A0AF0EE6A0A27E7FC
:1086B000022F18BF002D0CD0012F0AD1002DFFF67C
:1086C0001FAF06E0002DB8BF002C08DA012F3FF4E1
:1086D00017AFB0EE480AF0EE680A11E71BE0012080
:1086E00000EBE57050EA070115D0791EB0EE498A1B
:1086F000F0EE698A084308BF9FED4D8B4E48002578
:10870000804570DD4D494E48884514DDB0420DDB93
:10871000002C19DB2FE00120F8F702F816B0BDECB1
:108720000E8B04B0BDE8F04D01F04AB9B34502DC50
:10873000002C09DC1FE0864202DA002C1BDA03E081
:108740005E452BDD002C16DD0220F7F7E9FF01F076
:1087500047F98DED020B53EC1A2B51EC180B07F077
:10876000BDFCCDE900010399019861F31E0003905F
:108770009DED020BC4E60220F7F7D2FF01F040F9AD
:1087800010EE901A18EE900A8DED020B8DED008B15
:1087900061F31E0003909DED020BB1E69DED0E0B03
:1087A00053EC192B51EC100B07F094FF9FED260BA7
:1087B000CDE9080153EC102B9DED080B51EC100B8B
:1087C00007F08CFC9FED221B53EC112B07F056FE9B
:1087D0009DED081B53EC112B07F080FC9FED1E1B39
:1087E00053EC112B3CE08CE0FFFF1F00FFFF0F005C
:1087F000000000000000F03F0000F03F0000F07FAC
:108800000000404301FCFFFF000000000000F07F7B
:108810000000000000000000B69D00000000000005
:108820000000000000000080000000000000F0FFD9
:10883000000000000000F0BF0000E0410000F04335
:10884000FFFFEF3F00000000000000000000D03FED
:10885000555555555555D53F000000000000E03FE7
:1088600007F00CFE9DED080B41EC1A0B53EC102B9E
:1088700051EC100B07F032FC53EC1A2B07F02EFCD6
:1088800041EC1A0B9FEDFE0B53EC102B9DED080BEA
:1088900051EC100B07F022FC41EC1B0B9FEDFA0B87
:1088A00051EC1A0B53EC102B07F018FC41EC1A0B8F
:1088B0009FEDF70B53EC102B9DED080B51EC100BBB
:1088C00007F00CFC53EC1A2B07F004FF41EC1A0BD9
:1088D00051EC1B0B53EC1A2B06F0F0FF0690CDE980
:1088E00006519DED060B53EC1B2B51EC100B07F0C2
:1088F000F1FE53EC1A2B07F0C1FD41EC100B00F018
:10890000A1B90020B6F5801F0EDA9FEDE30B53EC02
:10891000102B9DED0E0B51EC100B07F0DFFBCDE99A
:108920000E016FF034000E4600EB2650A0F2FF3728
:10893000C6F31300DA4940F07F6646F0405688429D
:10894000D8BF002408DDD7498142C8BF012403DC19
:108950000024A6F580167F1CD348784400EBC400A1
:108960000F9690ED00CB9DED0E0B53EC1C2B51ECB4
:10897000100B07F0AFFE9DED0E0B41EC1B0B53EC03
:108980001C2B51EC100B06F099FF41EC100B51EC35
:10899000190B53EC102B07F0D1F841EC1D0B51ECE7
:1089A0001B0B53EC1D2B07F099FB41EC1A0BBF4836
:1089B0008DED10AB7844109590ED000B4FF000500A
:1089C00040EA660000EB84408DED080B00F50020C6
:1089D00009909DED080B53EC1C2B51EC100B07F08C
:1089E00079FE9DED0E1B53EC112B07F047FD41EC7A
:1089F000100B53EC102B9DED100B51EC100B07F0EE
:108A00006DFB9DED080B41EC1C0B53EC102B9DED09
:108A1000100B51EC100B07F061FB53EC1B2B07F014
:108A20002DFD53EC1C2B07F055FE53EC1D2B07F0CE
:108A300055FB41EC1C0B53EC1A2B51EC1A0B07F0B5
:108A40004DFB41EC1B0B9A480621B0EE4B0AF0EEB1
:108A50006B0A784400F074FEB0EE401AF0EE601A33
:108A6000B0EE41DAF0EE61DA53EC1B2B51EC1B0B4C
:108A700007F034FB53EC1D2B07F030FB9DED100B82
:108A800041EC1B0B53EC1A2B51EC100B06F016FFAC
:108A900053EC1C2B07F022FB53EC1B2B06F00EFFB4
:108AA0009DED100B41EC1B0B53EC102B51EC100BFC
:108AB00007F014FB41EC1D0B9FED7FEB53EC1E2BDD
:108AC00006F0FCFE53EC1B2B06F0F8FE0890CDE9F7
:108AD00008519DED080B53EC1E2B51EC100B07F0C9
:108AE000F9FD53EC1D2B07F0F5FD53EC1B2B07F0A4
:108AF000C5FC9DED080B41EC1D0B53EC102B9DEDBF
:108B0000100B51EC100B07F0E9FA41EC1B0B53EC86
:108B10001A2B51EC1D0B07F0E1FA9DED080B41EC0F
:108B20001A0B53EC102B51EC1C0B07F0D7FA53EC3B
:108B30001A2B06F0C3FE41EC1A0B51EC1B0B53EC45
:108B40001A2B06F0BBFE0C90CDE90C519DED0C0BE1
:108B500053EC1B2B51EC100B07F0BCFD53EC1A2B04
:108B600007F08CFC41EC1B0B9FED550B53EC102BCD
:108B70009DED0C0B51EC100B07F0B0FA41EC1A0B09
:108B80009FED510B51EC1B0B53EC102B07F0A6FA89
:108B900041EC1B0B9FED4E0B53EC102B9DED0C0B82
:108BA00051EC100B07F09AFA53EC1B2B06F086FEE3
:108BB00041EC100B4848784400EBC40090ED001BDA
:108BC00051EC100B53EC112B06F078FE41EC1B0B13
:108BD000384607F00FFACDE9080153EC1B2B51EC96
:108BE0001A0B06F06BFE41EC100B3C48784400EB8E
:108BF000C40090ED00CB51EC100B53EC1C2B06F095
:108C00005DFE9DED081B53EC112B06F057FE069000
:108C1000CDE906519DED080B53EC102B9DED060B95
:108C200051EC100B07F056FD53EC1C2B07F052FDD6
:108C300053EC1A2B07F04EFD53EC1B2B07F01EFCD8
:108C400041EC100B9DED261B53EC102B8DED001B02
:108C500000959DED260B51EC100B07F03FFA9DEDB2
:108C6000000B41EC1A0B53EC102B9DED260B51EC35
:108C7000100B07F02FFD9DED061B53EC112B2FE081
:108C8000000000604715F73FFE822B654715F73F50
:108C900044DF5DF80BAE543E00000000000040438E
:108CA0008E9803007AB60B000299000060990000CC
:108CB0003A9800000000000000000000000008409A
:108CC000000000E009C7EE3FFD033ADC09C7EE3FB4
:108CD000F5015B14E02F3EBEC696000080960000B2
:108CE00007F0FCF953EC1A2B06F0E8FD9DED060B9E
:108CF00041EC1A0B53EC102B9DED000B51EC100BBB
:108D000007F0ECF9CDE90C019DED0C0B51EC1A0BC1
:108D100053EC102B06F0D2FDCDE902010C46AA4916
:108D20008C422FDB611A084318D19DED0C0B53ECDC
:108D3000102B9DED020B51EC100B07F0CBFC41EC1E
:108D40001B0B9FEDA30B51EC1A0B53EC102B06F0F1
:108D5000B5FD53EC1B2B07F060FB2DD20220F7F77B
:108D6000DFFC00F03DFE10EE901A18EE900A8DED3B
:108D7000020B8DED008B61F31E0003909DED020B45
:108D8000FFF7BEBB944A24F00041914214D39349AB
:108D9000214408437FF4EFAC9DED0C0B53EC102BFA
:108DA0009DED020B51EC100B07F094FC53EC1A2BC9
:108DB00007F033FB7FF6DFAC24F000408849894A96
:108DC000002601EB205182422BDA481C4FF480111F
:108DD00021FA00F02044844AC0F30A517A44A1F2F7
:108DE000FF3192ED000B814A8DED080BCA4020EA5D
:108DF0000202C0F3130040F48010C1F1140120FA04
:108E000001F60992002CB8BF76429DED080B53EC99
:108E1000102B9DED0C0B51EC100B07F05BFCCDE91A
:108E20000C019DED0C0B51EC1A0B53EC102B06F0C2
:108E300045FD9FED6F0B0890CDE9085153EC102BC9
:108E40009DED080B51EC100B07F048F941EC1B0BA2
:108E50009FED690B53EC102B9DED080B51EC100BA3
:108E600007F03CF99DED0C0B41EC1C0B53EC102B67
:108E70009DED080B51EC100B07F02CFC53EC1A2B5A
:108E800007F0FCFA9FED5E1B53EC112B07F026F95F
:108E900053EC1C2B06F012FD41EC1A0B51EC1B0B92
:108EA00053EC1A2B06F00AFDCDE902019DED020BF1
:108EB00053EC1B2B51EC100B07F00CFC53EC1A2B52
:108EC00007F0DCFA9DED020B41EC1A0B53EC102B72
:108ED00051EC100B07F002F9CDE908014A489DED6D
:108EE000080B0521784400F02BFC9DED081B51EC8C
:108EF000100B53EC112B07F0F1F89DED021B53EC16
:108F0000112B07F0BBFACDE906019DED020B53ECE6
:108F10001A2B51EC100B07F0E1F853EC1A2B06F06A
:108F2000CDFC9FED3B0B41EC1A0B53EC102B9DED50
:108F3000060B51EC100B07F0CDFB9DED060B41EC41
:108F40001B0B53EC102B9DED020B51EC100B07F09B
:108F5000C5F853EC1B2B06F0F1FD53EC1A2B07F070
:108F6000B9FB9DED021B53EC112B07F0B3FB53EC47
:108F7000192B07F083FACDE9020101EB0650011528
:108F80000029C8BF039015DC9DED020B324651EC61
:108F9000100B08F059F8FEF788FA042808BF00F013
:108FA0002FFD32469DED020B51EC100B08F04CF8F2
:108FB000CDE902019DED020B51EC180B53EC102B87
:108FC00007F08CF8FFF73ABB00009040000000006B
:108FD000FE822B654715973C00CC904000346F3FD4
:108FE00001FCFFFF0000E03F38950000FFFF0F008D
:108FF00000000000432EE63F396CA80C615C20BEE7
:10900000EF39FAFE422EE63FD89300000000000040
:10901000000000000000004010B52F499FED2C1B00
:109020002DED020B84B0059820F000408842DCBF93
:1090300000209DED040B32DD2849884209D10498B7
:1090400040B94FF00100F7F76BFB00F0B9FC06B038
:1090500010BD05DB9DED040B00F09EFC06B010BDBD
:1090600068469DED040B00F097F810F0030011D056
:10907000012818D09DED021B9DED000B02281AD08F
:1090800000F0A6FA51EC100B06F0AAFA06B041EC7B
:10909000100B10BD9DED021B9DED000B012000F09B
:1090A000CBFB06B010BD9DED021B9DED000B00F04B
:1090B0008FFA06B010BD012000F0BEFB51EC100B82
:1090C00006F08EFA06B041EC100B10BD0000000057
:1090D0000000000000000000FB21E93F0000F07FDD
:1090E00000B52DED048BB0EE409AF0EE609A83B09F
:1090F00051EC190B07F0EAF941EC180B18EE100AC5
:1091000018EE901A8DED008B002818BF012008433F
:1091100020F00040C0F17F6000F1E040C00F14D0AB
:1091200019EE101A19EE900A8DED009B002918BF58
:109130000121084320F00040C0F17F6000F1E040D1
:10914000C00F04BF0120F7F7EBFAB0EE480A03B0F6
:10915000F0EE680ABDEC048B00BD10B52DED028B5E
:10916000B1EEC08A18EE100A20F00040C0F1FF40B6
:10917000C00F0AD010EE100A20F00040C0F1FF40EE
:10918000C00F04BF0120F7F7CBFAB0EE480ABDECE0
:10919000028B10BD000000002DE9F14F04462DEDBB
:1091A000020B2DED088B8AB09FEDE70B80ED020BD3
:1091B000139EE74826F0004585420ADC9DED120B20
:1091C000002084ED000B0AB0BDEC088B03B0BDE8B5
:1091D000F08FE0489FEDE0AB9FEDE1BBA84247DD9B
:1091E000E14F9FEDE39B9FEDE48B9DED120B53EC64
:1091F0001A2B51EC100B002E1CDD07F06BFA41EC22
:10920000100BBD4208D053EC1B2B51EC100B07F098
:1092100061FAC4E900010BE053EC192B51EC100B7F
:1092200007F058FA53EC182B07F054FAC4E9000180
:109230000120C8E706F042FB41EC100BBD4208D00C
:1092400053EC1B2B51EC100B06F038FBC4E900016A
:109250000BE053EC192B51EC100B06F02FFB53ECE9
:10926000182B06F02BFBC4E900014FF0FF30AAE7F2
:10927000C348A84279DB9DED120B51EC100B02F0B4
:10928000D1FB41EC180B9FEDC00B53EC102B06F0FB
:1092900025FF9FEDBF1B53EC112B06F00FFB06F0D3
:1092A00045FE074606F0A6FE41EC190B53EC1A2BBF
:1092B00006F014FF53EC182B07F0E0F841EC180B04
:1092C00053EC1B2B51EC190B06F008FFDFF8C8A27A
:1092D00041EC100B4FEA15580125FA4453EC102BC2
:1092E00051EC180B07F0F6F9032DC4E900013DD04D
:1092F000C1F30A5005EB4511A8EB0000113981427A
:1093000034DA0AEB051BB0EE48AA9BED000BF0EE39
:1093100068AA53EC102B51EC190B06F0DFFE41EC60
:109320001B0B51EC1A0B53EC1B2B07F0D3F941EC40
:10933000180B51EC1A0B53EC182B07F0CBF953EC2C
:109340001B2B07F0C7F99BED020B41EC1A0B53ECFA
:10935000102B51EC190B06F0C1FE53EC1A2B07F041
:10936000B9F941EC100B6D1CB8E70EE0002EA8BF58
:109370003846BFF628AF94ED000B51EC100B06F009
:109380002FF9C4E9000178421DE7C6F3130040F449
:10939000801EC6F30A50A0F2F530471100F01F05F9
:1093A000C5F12000DDF848B0089000200690079035
:1093B0000520EC467949002D07EB0002794408BFEF
:1093C00051F8221009D051F8223001EB8201AB4054
:1093D0004A68089922FA01F11943A1FB0E26A1FB64
:1093E0000B131A449A4234BF0123002303EB0608EF
:1093F0000CEB8003D3E901A60E448E4234BF012159
:10940000002192448A4411B1924502D903E0924569
:1094100001D2012100E00021C3E901A641444CF83A
:109420002010011EA0F10100C4DC029800F10050E0
:10943000850F0298DDE903678000DDF8148006F0EF
:10944000D9FD41EC1A0B304606F0F8FD9FED541B98
:1094500053EC112B06F042FE41EC1B0B384606F094
:10946000EDFD9FED511B53EC112B06F037FE41EC47
:10947000180B404606F0E2FD9FED4D1B53EC112BFF
:1094800006F02CFE41EC190B51EC180B53EC192B88
:1094900006F014FA53EC1B2B06F010FA53EC1A2BBF
:1094A00006F00CFACDE90801002008909DED080BAC
:1094B00053EC1A2B51EC100B07F00CF953EC1B2B4F
:1094C00007F008F953EC182B07F004F953EC192BAB
:1094D00006F0D4FF9FED381B53EC112B06F0FEFD78
:1094E0009FED370B41EC180B53EC102B9DED080B47
:1094F00051EC100B06F0F2FD53EC182B06F0DEF9E0
:109500009FED310B41EC180B53EC102B9DED080B2C
:1095100051EC100B06F0E2FD53EC182B06F0CEF9DF
:1095200041EC100B139810F0004F06D06D4251EC37
:10953000100B06F055F841EC100B284684ED000B9B
:1095400041E60000000000000000000000000000F4
:10955000FB21E93F7CD9024000004054FB21F93F48
:109560003163621A61B4D03DFB21F93F0000000075
:109570000000601A61B4D03D7370032E8A19A33BBA
:10958000FB2139410000000083C8C96D305FE43F12
:10959000000000000000E03F42900000908F0000BB
:1095A000000000000000103E000000000000103C21
:1095B000000000000000103A182D4454FB21F93D32
:1095C0003326A611460B113C00000054FB21F93D47
:1095D00010B52DED040B2DED088B82B0B0EE419A45
:1095E000F0EE619A0B9820F000449FED4BABB4F184
:1095F000795F11DA9DED0A0B51EC100B06F096FC29
:10960000002801BFB0EE4A0AF0EE6A0A02B0BDECD3
:10961000088B04BF04B010BD9DED0A0B53EC102B5A
:1096200051EC100B06F05AFD41EC180B3C4806219A
:10963000B0EE480AF0EE680A784400F081F853EC86
:10964000182B51EC100B06F049FD9DED0A0B41EC77
:109650001B0B53EC192B51EC100B06F03FFD41ECAA
:10966000190B53EC1B2B51EC180B06F037FD53EC88
:10967000192B07F02FF89FED2C0B41EC190B53EC35
:10968000102B51EC180B06F029FD41EC100B28486B
:10969000844210DA53EC192B51EC100B07F01AF836
:1096A00053EC1A2B06F0EAFE41EC100B02B0BDECB5
:1096B000088B04B010BD1F48A042BCBF9FED1E1B0D
:1096C0008DED001B06DBA4F500100190002000903A
:1096D0009DED001B51EC100B53EC112B06F0FAFF23
:1096E0009DED000B41EC180B53EC102B51EC1A0BB9
:1096F00006F0F0FF41EC1A0B53EC192B51EC180B50
:1097000006F0E8FF53EC1A2B06F0B8FE41EC100B04
:10971000CCE7000000000000000000000000F03F67
:10972000AC8C000000000000000000000000E03FE2
:109730003333D33F0000E93F000000000000D23F78
:1097400070B504462DED028B4D1E00EBC500B0EE4A
:10975000408AF0EE608A90ED000B35F0060017D0DD
:1097600053EC182B51EC100B06F0B8FC41EC100B2D
:109770006D1E04EBC50090ED001B51EC100B53EC7B
:10978000112B06F09BF841EC100B35F00600E7D1E9
:10979000022D36D0042D1CD0062D1CBFBDEC028B33
:1097A00070BD53EC182B51EC100B06F097FC94EDA8
:1097B0000A1B53EC112B06F081F853EC182B06F022
:1097C0008DFC94ED081B53EC112B06F077F841EC5F
:1097D000100B53EC182B51EC100B06F07FFC94EDA2
:1097E000061B53EC112B06F069F853EC182B06F00E
:1097F00075FC94ED040B53EC102B06F05FF841EC74
:10980000100B53EC182B51EC100B06F067FC94ED89
:10981000021B53EC112B06F051F853EC182B06F0F9
:109820005DFC94ED001B53EC112B06F047F8BDECEA
:10983000028B41EC100B70BD31B504462DED040BCD
:109840002DED0A8BB0EE41BAF0EE61BA0B989DEDAA
:109850000A0B20F00040B0F1795F0DDA51EC100BEB
:10986000FDF723FE042808BF00F0CAF89DED0A0B9F
:10987000BDEC0A8B05B030BD53EC102B51EC100B36
:1098800006F02CFC41EC180B9DED0A0B53EC182B49
:1098900051EC100B06F022FC41EC190B2C48B0EEF9
:1098A000480AF0EE680A05217844FFF749FF9FED6A
:1098B0002ACBB0EE40AAF0EE60AA9CB353EC1C2B6E
:1098C00051EC190B06F00AFC41EC1C0B53EC1A2B63
:1098D00051EC190B06F002FC9FED210B41EC190B2A
:1098E00053EC102B51EC1B0B06F0F8FB53EC192B2F
:1098F00006F0F0FE53EC182B06F0F0FB53EC1B2B9C
:1099000006F0E8FE53EC1C2B06F0E4FE9DED0A1B6E
:1099100053EC112B06F0B2FDBDEC0A8B05B041EC07
:10992000100B30BDFFE753EC1A2B51EC180B06F06F
:10993000D5FB53EC1C2B05F0C1FF53EC192B06F0A3
:10994000CDFB9DED0A1B53EC112B05F0B7FFE3E7B0
:109950003C8B000000000000495555555555C5BFCA
:10996000000000000000E03F9FED070B10B553EC36
:10997000102B9FED070B51EC100B06F0DFF841ECBC
:10998000100B10BD000000000000000000000000EF
:10999000000000000000F03F10B553EC102B51EC1C
:1099A000100B05F08BFF41EC100B10BD10B553EC04
:1099B000112B51EC100B05F081FF41EC100B10BD89
:1099C0009FED050B10B553EC102B51EC100B06F06E
:1099D000B5F841EC100B10BD0000000000000000C5
:1099E0009FED050B10B553EC102B51EC100B06F04E
:1099F00075FB41EC100B10BD000000000000007072
:109A00009FED050B10B553EC102B51EC100B06F02D
:109A100065FB41EC100B10BD0000000000000010C1
:109A200030EE000A704730EE200A7047DFED020A80
:109A300080EEA00A70470000000000009FED020ABF
:109A400020EE000A7047000000000010D0ED000A70
:109A5000F4EEC00AF1EE10FA06DCB1EE400AF4EEC4
:109A6000C00AF1EE10FA01D280ED000A7047000042
:109A700070B52DED028B8AB005460C4616460DB129
:109A800004B11EB90AB0BDEC028B70BD94ED000AA2
:109A9000B5EEC00AF1EE10FA0DD194ED010AB5EE63
:109AA000C00AF1EE10FA06D194ED020AB5EEC00A32
:109AB000F1EE10FA7DD09FED600AB0EE408A0020F2
:109AC0000790089009900490059006905B4A07CA99
:109AD00001AB07C395ED010AD5ED030A20EE200A7C
:109AE000D5ED000A95ED021A00EEC10AF0EE000A6B
:109AF00020EE200A8DED070A95ED000AD5ED010A4A
:109B000020EE200AD5ED020A95ED031A00EE810A37
:109B1000F0EE000A20EE200A8DED080A95ED000A0D
:109B200020EE000AD5ED030A95ED031A00EE810A36
:109B3000F7EE000AB0EE001A51EE000ACDED090A68
:109B400001AB22463146284600F07AF8D4ED000AEF
:109B500060EEA00A94ED011AD4ED011A41EE210A3B
:109B600094ED021AD4ED021A41EE210AB0EE600A19
:109B7000F7F7BEF8B0EE408A94ED000A20EE080A2E
:109B800084ED000A94ED010A20EE080A84ED010A32
:109B900094ED020A20EE080A84ED020A94ED010A0F
:109BA000DDED090A20EE200AD4ED020A9DED081A27
:109BB00000E03EE000EEC10A8DED040A94ED020AD9
:109BC000DDED070A20EE200AD4ED000A9DED091A0A
:109BD00000EEC10A8DED050A94ED000ADDED080ADC
:109BE00020EE200AD4ED010A9DED071A00EEC10A0D
:109BF0008DED060A96ED000ADDED010A9DED041AD1
:109C000000EE810A86ED000A96ED010ADDED020AFA
:109C10009DED051A00EE810A86ED010A96ED020A15
:109C2000DDED030A9DED061A00EE810A86ED020ABB
:109C300000BF00BF26E70000000000007C190108FB
:109C40002DE9F0412DED048B07460D4614461E46C6
:109C50009FED580AB0EE409A9FED560AB0EE408A4A
:109C60009FED540AF0EE408AD4ED000A60EEA00A9F
:109C700094ED011AD4ED011A41EE210A94ED021A75
:109C8000D4ED021A41EE210AB0EE600AF7F730F87F
:109C9000F7EE000A80EE801AB0EE419AD5ED000A88
:109CA000B0EE600AF6F7B6FEF0EE409AD5ED010A86
:109CB000B0EE600AF6F7AEFE79EE809AD5ED020AB4
:109CC000B0EE600AF6F7A6FE39EE800AF0EE408AA2
:109CD0003948D0ED000A79EE600AB0EE600AF6F776
:109CE00099FEB0EE408A9FED350AB4EEC08AF1EEDF
:109CF00010FA06DC9FED320AF4EEC08AF1EE10FA9B
:109D000053DD9FED2C2AB0EE420A9FED2A2AF0EE99
:109D1000421AB7EE002AF0EE420A9FED262AB0EE74
:109D2000421AB5EEC08AF1EE10FA05DD9FED232A46
:109D3000C2EE082AB0EE620A9FED222AB4EEC20AF1
:109D4000F1EE10FA03D29FED1B2AB0EE420AF5EEB7
:109D5000C08AF1EE10FA05DD9FED192AC2EE282A1D
:109D6000F0EE621AB7EE002AB4EEC20AF1EE10FA73
:109D700003D220EE802AF0EE420AB7EE002AF4EE7B
:109D8000C21AF1EE10FA03D220EEA12AF0EE420A36
:109D90009FED0D2A20EE822AB0EE421A86ED001ABF
:109DA00086ED011A86ED021A00BFBDEC048BBDE8FA
:109DB000F08100000000000034020020CDCCCC3D3A
:109DC0008FC2F53D9A99993ECDCC4C3E10B50446D4
:109DD00000F04EFBD4F8110000EE100AB5EEC00AF8
:109DE000F1EE10FA27D1D4F8150000EE100AB5EE06
:109DF000C00AF1EE10FA1ED1D4F8190000EE100AD4
:109E0000B5EEC00AF1EE10FA15D1D4F81D0000EE3F
:109E1000100AB5EEC00AF1EE10FA0CD1206890EDF0
:109E2000010A84ED250A90ED020A84ED260A90EDE0
:109E3000000A84ED240A10BD70B504462DED068B92
:109E4000F7F7BEFC002894F8400002D040F0010073
:109E500001E020F0010084F84000D4F81110D4EDA6
:109E6000200A00EE101AB4EE600AF1EE10FA01D0EA
:109E7000032200E004226273C4F88010D4F81510A5
:109E8000C4F88410227B8749022A01D14B781BB188
:109E90004B78012B06D009E040F0020084F8400026
:109EA000012005E020F0020084F840000AB90020FB
:109EB000487020680168C4F8491090ED010AB1EEBD
:109EC000400A10EE101AC4F845108068C4F841002A
:109ED0001C2104F13F0000F039FC73491C2201F100
:109EE0005D00F6F74DFBD4F83100D4F82D5000EEAC
:109EF000100AD4F835006D4900EE900A30EE200AC1
:109F0000F6EE000A20EE208A00EE105AB0EEC00AEB
:109F100010EE100A884202DD9FED658A23E000EE14
:109F2000105A6449B0EEC00A10EE100A88421ADDD9
:109F3000D4F81D0000EE905A00EE100A94ED1B1AA2
:109F40005D4A00EE810AB0EEC00A10EE101A91428E
:109F500009DD00EE100ADFED590A30EE600A10EE5E
:109F6000100AC4F81D00D4F82100D4ED1B8A00EEBD
:109F7000100A20EE280A10EE100A06F0ADFE41ECA1
:109F8000190BD4F81D0000EE905A00EE100A00EEF6
:109F9000A80A10EE100A06F09FFE41EC100BFDF728
:109FA000CBFFB0EE40AAF0EE60AA18EE100A06F061
:109FB00093FE53EC1A2B06F091F841EC1A0BD4F8EF
:109FC000110006F089FE53EC1A2B06F083FB53ECCC
:109FD000192B05F073FC05F00FFB2067D4F8250062
:109FE000D4ED1B8A00EE100A20EE280A10EE100AAB
:109FF00006F072FE41EC190BD4F81D0000EE100AB9
:10A00000D4F82D0000EE900A00EEA80A10EE100A17
:10A0100006F062FE41EC100BFEF7FEFFB0EE40AA28
:10A02000F0EE60AA18EE100A06F056FE53EC1A2B5A
:10A0300006F054F841EC180BD4F8150006F04CFE6D
:10A0400053EC182B06F046FB53EC192B05F036FCAD
:10A0500005F0D2FA00EE100A84ED1D0AD4ED1C0AB8
:10A0600020EE000A60EEA00A30EE800AFFF775F8D5
:10A07000D4F81900DFED121A00EE900AD4F8390076
:10A0800001EE100A41EE610A94ED1B1A03F090F9FB
:10A09000DFED0C0A30EE200A84ED1F0ABDEC068BC2
:10A0A00070BD0000D0010020CB7F00200000C04028
:10A0B0000000000000009040DB0F493FDB0FC93F6C
:10A0C000CDCCCC3DCDCCCCBD70B5644D04462DED92
:10A0D0000E8B686F06F000FE41EC100B9FED609B4D
:10A0E000B0EE491AF0EE691AFEF76EF9B0EE408A4A
:10A0F000F0EE608A286F06F0EFFD41EC100BB0EE39
:10A10000491AF0EE691AFEF75FF9B0EE402AF0EE58
:10A11000602A53EC182B51EC120B05F0CFFB41ECED
:10A12000100BFEF7DDFF51EC100B05F065FA0AEE9F
:10A13000900AD5F8250006F0CFFD41EC100BB0EEEB
:10A14000491AF0EE691AFEF73FF9B0EE408AF0EED8
:10A15000608AD5F8210006F0BFFD41EC100BB0EE8F
:10A16000491AF0EE691AFEF72FF953EC182B51EC4F
:10A17000100B05F0A3FB41EC100BFEF7B1FF51EC07
:10A18000100B05F039FAB3EE0AEAF7EE008ACAEED0
:10A190008E9A9FED350AB0EE688A0AEE100A9FED9E
:10A1A00033DBDFED34EA344E002509EE808A29EEF8
:10A1B0008A9A00BFC4ED009A19EE100A06F08CFDD1
:10A1C00041EC1C0B1AEE900A06F086FD41EC1B0BCD
:10A1D00018EE100A06F080FD41EC100BFDF710FFA1
:10A1E00053EC1D2B51EC100B05F078FF53EC1B2B9F
:10A1F00006F070FA53EC1C2B06F06CFA05F0FCF933
:10A2000000EE100AB0EE681A84ED020AD4ED000ADE
:10A2100000EEAE1ACEEE011A31EECA1A84ED031A20
:10A22000C0EE011A30EEE10A84ED010A70EE600A18
:10A23000F0EEE00A10EE900AB04209DDDFED0F0A01
:10A2400030EE200ADFED0E0A30EE200A84ED040A1B
:10A250006D1C322DAEDBBDEC0E8B70BD8C7F0020F3
:10A2600000000000000000400B176941000000C022
:10A27000348EFC3F84F23E3DACC527370AD7233DE0
:10A280000AD723BD10B50446017F3C48012903D0FD
:10A29000002900D1018110BD0189491C0904090C64
:10A2A0000181F8D060683649D0ED250AE06890ED6C
:10A2B000010A30EEC01AB0EEC11A11EE100A88423F
:10A2C00002DAC4ED3F0A01E084ED3F0A94ED401A42
:10A2D000D4ED3F0A94ED0F0A04F5087001F02AFD51
:10A2E00084ED410AF0EE400A94ED400A04F5EC706A
:10A2F000FBF742F884ED4D0A60682249D0ED240A4C
:10A30000E06890ED000A30EEC01AB0EEC11A11EE0E
:10A31000100A884204DAC4ED270AB0EE600A01E0B0
:10A3200084ED270A9FED181ADFED180A02F03AFDB6
:10A3300084ED270AE068F0EE400ADFED151A90ED93
:10A34000000AE06FB0F9020001EE100A04F5267071
:10A35000B8EEC11A01EE610A94ED281A01F0EAFC88
:10A3600084ED290AF0EE400A94ED280A04F51470F1
:10A37000FBF702F884ED350A10BD00002001002033
:10A38000DB0F493FDB0FC93EDB0F4940DB0F49C004
:10A390006F12033A10B5044601F0F8FB206001F09B
:10A3A000A7FC606001F0F6FBA06001221A491B487F
:10A3B000F9F792FF18481C21401F81703021C170AD
:10A3C0005A2084F83F00F7F7FBF9002894F8400082
:10A3D00002D040F0010001E020F0010020F0FC007C
:10A3E00040F0020084F840001C2104F13F0000F01E
:10A3F000ADF90B491C2201F15D00F6F7C1F80849DF
:10A400001C225D310548F9F799FF14F8400F20F040
:10A410000200207010BD0000D50100203C0C00207F
:10A42000CB7F002001490873704700008C7F00201B
:10A4300020EE000A10B500EEA00A2DED028BB0EE62
:10A44000418A10EE100A06F047FC41EC100BFEF7B3
:10A4500047FE51EC100B05F0CFF800EE900A88EEA5
:10A46000200ABDEC028BBDE81040FDF7B3BC000034
:10A4700010B504462DED028B90ED1F1AD0ED1D0A8C
:10A4800090ED1C0A00F074F8F0EE400A94ED1F1AEB
:10A49000B0EE608AD4ED1D0A94ED1C0AFFF7C8FFE8
:10A4A000DFED050A78EE200AC4ED240A84ED250AC2
:10A4B000BDEC028B10BD0000A69B44BB70B5012211
:10A4C00018491948F9F708FF164C1849641F002568
:10A4D000207850B1012810D002280DD13021134826
:10A4E00004F0F8FA012815D01AE06079A52803D104
:10A4F000012222700870227170BD6279A52A0FD0E6
:10A5000020790A54401CC0B220713028F4D10220B6
:10A51000207070BD05493022A1F1A900F6F730F88E
:10A52000257070BDD50100203C0C00204480002027
:10A530004FF47A7004F090F90B48FFF72BFF0A4CA8
:10A540005C342046FFF7C0FD0748FFF775FC06485E
:10A55000FFF73CFC04491C229C310448F9F7EEFE4D
:10A56000282004F079F9ECE78C7F00203C0C0020D7
:10A5700010B52DED028BB0EE608AF0EE408A88EEC9
:10A58000280A10EE100A06F0A7FB41EC100BFDF7AD
:10A590005FF851EC100B05F02FF800EE100ADFED1C
:10A5A0000F0AF5EEC08AF1EE10FA09D2B5EEC08AB4
:10A5B000F1EE10FA04DD30EE200ABDEC028B10BD86
:10A5C000F5EEC08AF1EE10FAF7D2B5EEC08AF1EEE0
:10A5D00010FAF2D230EE600AEFE70000DB0F4940DC
:10A5E00010B52DED048B86B00446B0EE408AF0EE37
:10A5F000608AB0EE419A002003900490059000908C
:10A6000001900290B0EE000AC8EE000AF0EE609AE7
:10A61000B0EE690AF6F7FCF98DED030AB0EE000A18
:10A62000C8EE800AF0EE609AB0EE690AF6F7F0F92B
:10A630008DED040AB0EE000AC9EE000AF0EE609A51
:10A64000B0EE690AF6F7E4F98DED050AB0EE000AFE
:10A65000C8EE000AF0EE609AB0EE690AF6F752FB17
:10A660008DED000AB0EE000AC8EE800AF0EE609AA6
:10A67000B0EE690AF6F746FB8DED010AB0EE000A6E
:10A68000C9EE000AF0EE609AB0EE690AF6F73AFBFE
:10A690008DED020A9DED050ADDED040A20EE200A8B
:10A6A000DDED030A20EE200ADDED020A9DED011A20
:10A6B00060EE810A9DED001A00EE810A84ED000A29
:10A6C0009DED020ADDED040A20EE200ADDED030A0D
:10A6D00020EE200ADDED050A9DED011A60EE810AEB
:10A6E0009DED001A00EEC10A84ED010A9DED050AF8
:10A6F000DDED010A20EE200ADDED030A20EE200A3E
:10A70000DDED020A9DED041A60EE810A9DED001A4E
:10A7100000EE810A84ED020A9DED050ADDED040AD2
:10A7200020EE200ADDED000A20EE200ADDED020A0F
:10A730009DED011A60EE810A9DED031A00EEC10A3B
:10A7400084ED030A06B0BDEC048B10BD30B50C4699
:10A7500005000CD0022C0AD90548A11E0288284603
:10A7600001F0F0F9291901F8020D000A487030BD16
:10A77000F801002010B541EC100BFCF769FF51EC1B
:10A78000100B10BDF8B500208DF800000446F6F758
:10A7900061FB8020F6F7D4FC5520F6F7D1FC55205C
:10A7A000F6F7CEFC8DF80000F6F74CFB9620F6F796
:10A7B000B2FBF6F74FFB8020F6F7C2FC5520F6F708
:10A7C000BFFC5520F6F7BCFC8DF80000F6F73AFB0D
:10A7D0009620F6F7A0FBF6F73DFBB6217E20F6F7B4
:10A7E000D6FCF6F72FFB5020F6F793FBF6F732FB7B
:10A7F0008020F6F7A5FC5520F6F7A2FC5520F6F7C9
:10A800009FFC8DF80000F6F71DFB9620F6F783FB02
:10A81000F6F720FB8020F6F793FC5520F6F790FC26
:10A820005520F6F78DFC8DF80000F6F70BFB96200F
:10A83000F6F771FB9DF800001E2801D0FF20F8BD3F
:10A84000194D00BFF6F706FB04EB44067719A85D27
:10A850007978F6F79CFCF6F7F5FA9620F6F75BFBAD
:10A86000F6F7F8FAA85D40F08000F6F769FC55208D
:10A87000F6F766FC5520F6F763FC8DF80000F6F756
:10A88000E1FA9620F6F747FB78789DF800108842A9
:10A8900004D004EB440028448078F8BD641CE4B282
:10A8A000062CCFD30020F8BD04020020F0B587B0FD
:10A8B0000020019002908DF800000546F6F7CAFAD4
:10A8C0008020F6F73DFC5520F6F73AFC5520F6F7C8
:10A8D00037FC8DF80000F6F7B5FA9620F6F71BFB6B
:10A8E000F6F7B8FA8020F6F72BFC5520F6F728FC8F
:10A8F0005520F6F725FC8DF80000F6F7A3FA962010
:10A90000F6F709FBF6F7A6FAB6217E20F6F73FFC2C
:10A91000F6F798FA5020F6F7FCFAF6F79BFA802043
:10A92000F6F70EFC5520F6F70BFC5520F6F708FC61
:10A930008DF80000F6F786FA9620F6F7ECFAF6F7AF
:10A9400089FA8020F6F7FCFB5520F6F7F9FB552035
:10A95000F6F7F6FB8DF80000F6F774FA9620F6F796
:10A96000DAFA9DF800001E2802D0FF2007B0F0BDE3
:10A970007D4C00BFF6F76EFA05EB45063719A05D72
:10A980007978F6F704FCF6F75DFA9620F6F7C3FA45
:10A99000F6F760FAA05D40F08000F6F7D1FB552095
:10A9A000F6F7CEFB5520F6F7CBFB8DF80000F6F757
:10A9B00049FA9620F6F7AFFA78789DF800108842A9
:10A9C00004D005EB450020448078CFE75020F6F70F
:10A9D000A0FA6D1CEDB2042DCCD30025F6F73AFA9F
:10A9E00005EB45073E19717B307BF6F7D0FBF6F798
:10A9F00029FA9620F6F78FFAF6F72CFA307B40F01A
:10AA00008000F6F79DFB5520F6F79AFB5520F6F7E8
:10AA100097FB8DF80000F6F715FA9620F6F77BFA0B
:10AA2000707B9DF80010884204D005EB450020445F
:10AA3000807B9BE75020F6F76CFAF6F70BFA922032
:10AA4000F6F77EFB062201A91220F6F75BFBF6F76C
:10AA5000F9F99DF805009DF804106D1C41EA0020ED
:10AA600003A9EDB221F817009DF807009DF8062014
:10AA700001EB470142EA002048809DF809009DF85B
:10AA80000820022D42EA00208880A7D3F6F7E2F9D9
:10AA900000216D20F6F77BFBF6F7D4F99620F6F748
:10AAA0003AFAF6F7D7F9ED20F6F74AFB5520F6F714
:10AAB00047FB5520F6F744FB8DF80000F6F7C2F986
:10AAC0009620F6F728FA9DF8000008B104204DE71B
:10AAD000F6F7C0F9B6217E20F6F759FBF6F7B2F982
:10AAE0005020F6F716FABDF90C00BDF91210411A04
:10AAF00040F2555081420EDBBDF90E10BDF9142015
:10AB0000891A814207DBBDF91000BDF91610401A01
:10AB1000B0F52A7F01DA802028E7F6F79BF980203C
:10AB2000F6F70EFB5520F6F70BFB5520F6F708FB62
:10AB30008DF80000F6F786F99620F6F7ECF9F6F7AF
:10AB400089F98020F6F7FCFA5520F6F7F9FA552036
:10AB5000F6F7F6FA8DF80000F6F774F99620F6F796
:10AB6000DAF9002002E7000068190108F8B50024AE
:10AB70008DF80040F6F780F969460020F6F7D4FA20
:10AB8000F6F772F99620F6F7C6F9F6F775F9694601
:10AB90000020F6F7C9FAF6F767F99620F6F7BBF941
:10ABA000F6F76AF9B6211420F6F7F1FAF6F75CF930
:10ABB0005020F6F7AEF9F6F75FF969460020F6F790
:10ABC000B3FAF6F751F99620F6F7A5F9F6F754F926
:10ABD00069460020F6F7A8FAF6F746F99620F6F748
:10ABE0009AF99DF800000F2801D0FF20F8BD154DFF
:10ABF000F6F742F904EB44067719A85D7978F6F781
:10AC0000C6FAF6F731F99620F6F785F9F6F734F932
:10AC1000A85D6946F6F788FAF6F726F99620F6F762
:10AC20007AF978789DF80010884204D004EB44004B
:10AC300028448078F8BD641CE4B2062CD8D30020E8
:10AC4000F8BD00001602002038B500208DF8000085
:10AC50000446F6F711F969460020F6F765FAF6F7AB
:10AC600003F99620F6F757F9F6F706F9694600203A
:10AC7000F6F75AFAF6F7F8F89620F6F74CF9F6F7E1
:10AC8000FBF8B6211420F6F782FAF6F7EDF850201B
:10AC9000F6F73FF9F6F7F0F869460020F6F744FAC0
:10ACA000F6F7E2F89620F6F736F9F6F7E5F8694692
:10ACB0000020F6F739FAF6F7D7F89620F6F72BF9D1
:10ACC000F6F7DAF801213C20F6F761FAF6F7CCF84E
:10ACD0005020F6F71EF900BFF6F7CEF869463C2083
:10ACE000F6F722FAF6F7C0F89620F6F714F9641C86
:10ACF0009DF80000E4B2800701D40A2CECD30A2CA2
:10AD000003D09DF80000400701D5402038BD002049
:10AD100038BD000000B58BB000200121CDE906014F
:10AD2000089100900190029003900590049069466C
:10AD30000C48F6F7E3FE0B48F7F7F6FA022109484C
:10AD4000F6F75CFE0E200990059069460648F6F776
:10AD5000D5FE0548F7F7E8FA02210348F6F74EFE5C
:10AD60000BB000BDE0080020080900202DE9F041EB
:10AD700004006AD004F5AF65204695EC030A04F59B
:10AD8000806500F007FD05F5BC75204695EC030ACB
:10AD900000F0A8FB5FF0000505EBC50004EB8007A1
:10ADA00004EBC006D7ED1E0A97ED1D0A06F1F80068
:10ADB000FAF7E2FAC5EBC50087ED1F0A00EB0510B4
:10ADC00004EB800705EB450004EB001097ED981AA3
:10ADD000D7ED920A97ED8C0A00F5956003F090FA92
:10ADE00087ED8F0AF0EE400A97ED980A06F562703B
:10ADF000FAF7C2FA6D1C87ED9B0A042DCCDB2046C6
:10AE000000F084FA5FF0000000EBC00104EB810168
:10AE100091ED1F0ABDEEC00A10EE102AA1F88020A5
:10AE2000C0EBC00101EB001104EB8101401C91ED6E
:10AE30009B0A0428BDEEC00A10EE102AA1F8702269
:10AE4000E2DB94F8680584F86905BDE8F08100004C
:10AE500010B500284FD000219FED2F1A9FED2F0A2B
:10AE600001EBC10300EB830200EBC303946EB4F962
:10AE7000024000EE904AF8EEE00A60EE810AC2ED70
:10AE80001D0AD3ED4A0A60EE800AC2ED1B0AC1EB2F
:10AE9000C10202EB011200EB8202491CD2F8183207
:10AEA000C9B20429B3F9024000EE904AF8EEE00A74
:10AEB000C2ED980A1B8800EE903AF8EE600AC2EDE7
:10AEC0008C0ACDD3002180F86A1500BFC1EBC10206
:10AED00002EB011200EB8202D2F8182292795AB1E9
:10AEE00001EBC10200EB8202926E92797AB1491CA9
:10AEF000C9B20429EAD310BD01EBC10100EB810105
:10AF0000896E897909B1022102E0032100E0012163
:10AF100080F86A1510BD00003B672E380000FA4328
:10AF200070B505002DED068B6CD0002085F8680506
:10AF300000F0E2FE286000F0D7FE686000F0A6FE98
:10AF4000DFED328A9FED329A9FED328ADFED329A41
:10AF50009FED32AADFED32AA0024A860204600F05F
:10AF600099FE04EBC40605EB86018866201DC0B27D
:10AF700000F0AAFEC4EBC40101EB041105EB810152
:10AF800005EBC606C1F8180206F1F800F0EE680AF3
:10AF9000B0EE490A234A0021FAF782FA04EB440092
:10AFA000F0EE481AF0EE4A2AB0EE6A3A05EB0010CD
:10AFB000B0EE612AB0EE691AF0EE620AB0EE430A12
:10AFC00000F5956003F0DCF9164A06F56270F0EEC4
:10AFD000620AB0EE430A0C320021FAF761FA641CEF
:10AFE000E4B2042CBAD3F0EE480ABDEC068B05F1AE
:10AFF00020000C4ABDE8704018329FED0B0A00217A
:10B00000FAF74EBABDEC068B70BD00000000FA44A2
:10B0100000007A4600000000CDCCCC3E00409C45AC
:10B020000060EA46C012010800401C4670B50446A4
:10B0300090F86805964D07287DD008287BD0062813
:10B040002068B0F9060077D000EB8000800000EEA9
:10B05000100A6FF01301B8EEC01A85ED041A2068CB
:10B06000808810FB01F000EE100AF8EEC00AC5ED72
:10B07000050A2068007D00F0010100EE101AF8EECC
:10B08000401A9FED840AC0F3400002EE100A61EE00
:10B09000801AB8EE422A42EE401A31EE811A85ED4E
:10B0A000041A2068007DC0F3C001494201EE101A65
:10B0B000C0F3800001EE900AB8EEC11AF8EE611AF2
:10B0C00021EE001A01EE801A31EE200A85ED050A04
:10B0D0002068007DC0060DD5D5ED040AB0EE080A43
:10B0E00060EE800AC5ED040AD5ED050A20EE800A5F
:10B0F00085ED050A606890ED180ADFED670A20EE1D
:10B10000200ADFED660A20EE200A84ED070AC06FF0
:10B11000B0F9020000EE900AF8EEE00A9FED601A26
:10B1200000EE810ADFED5F0A30EE600A84ED070A67
:10B13000B1EE400A01E02BE032E0F5F715F985EDBC
:10B14000020A94ED070AB1EE400AF5F749F985EDD8
:10B15000030AD5ED021A95ED041AD5ED050A04F59A
:10B16000806621EE812A00EE202A61EEA00A40EEE0
:10B17000410A86ED5E2AC6ED5F0A94F868159FEDD8
:10B180004A0A04F1200001294DD002294BD051E098
:10B19000A06890ED060A85ED040A90ED070A95E790
:10B1A00000EB4000400000EE100AF8EEC00AC5EDCA
:10B1B000040A2068B0F90400A0EB8000400000EE13
:10B1C000100AB8EEC01A85ED051A2068007D00F05F
:10B1D000010100EE101AC0F3400002EE100AF8EE72
:10B1E000401A9FED320AB8EE422A61EE801A42EE12
:10B1F000401A71EEA00AC5ED040A2068007DC0F374
:10B20000C001494200EE901AC0F3800001EE900A9E
:10B21000F8EEE00AF8EE611A60EE800A41EE800A6C
:10B2200030EE810A52E76168D1ED180AFAF7A4F806
:10B2300086ED600A94F86805062816D120689FED0F
:10B240001C0A007D800614D51A4AD6F88001012117
:10B25000904201DD2A784AB1174A904205D92878F0
:10B26000002802D186ED600A297070BD9FED130A97
:10B27000F8E7D6ED600A1249F0EEE00A10EE900A07
:10B28000884202DA86ED600A70BD0020287070BD29
:10B29000D000002000002F450000343D35FA8E3CE0
:10B2A000A69B443CDB0F49BF0000000000803B45EB
:10B2B00000606A460AD7233C0AD723BC00606AC6EE
:10B2C00000606A46016800F580606FF01303B1F911
:10B2D000062002EB8202920000EE102AB8EEC00AAD
:10B2E00080ED5E0A8A8812FB03F200EE102AB8EEA7
:10B2F000C00A80ED5F0A098811FB03F100EE101A05
:10B30000B8EEC00A80ED600A7047000010B5044630
:10B310002DED028B82B09FED528A8DED008A8DED6E
:10B32000018A00F0EDFC022819D00C2817D0B0B12A
:10B3300001A9684600F0BAFCDDED010A494910EEAA
:10B34000900A9FED490A884211DA10EE900A4749A7
:10B35000884207DDDFED461A80EEA11A04E09FED7A
:10B36000450A22E09FED441A21EE000A1DE0DDEDC2
:10B37000000A424910EE900A884214DD10EE900A4D
:10B380003F49884208DA9FED3F1ADFED3F1A31EE60
:10B39000601AC1EE210A01E0F0EE480A9FED3B1A67
:10B3A00000EE810A01E09FED3A0A002000EBC001A7
:10B3B00004EB8101D1ED1F0AC0EBC00101EB0011CC
:10B3C00004EB8101F0EEE00A91ED9B1A70EE880A21
:10B3D000401CB0EEC11AC0B231EE208A0428E5D379
:10B3E000B4EEC08AF1EE10FA35DDC0EE080A94ED35
:10B3F0001F0A20EE200A84ED1F0A94ED280A20EE91
:10B40000200A84ED280A94ED310A20EE200A84ED0A
:10B41000310A94ED3A0A20EE200A84ED3A0AB0EEA1
:10B42000040A94ED9B1A20EE800A61EE000AC4ED36
:10B430009B0AD4EDB20A60EE800AC4EDB20AD4EDE4
:10B44000C90A60EE800AC4EDC90AD4EDE00A20EE14
:10B45000800A84EDE00A02B0BDEC028B10BD000052
:10B46000000000000000484200007A460000A040B2
:10B470000000484200007A47CDCCCC3D000020427D
:10B480000000A0420000A0420000204200409C4674
:10B4900000A00C4710B50446FFF7C8FD9FED030A56
:10B4A00004F5806484ED600A10BD00000000000017
:10B4B000002815D090F8681503290DD001290DD06A
:10B4C00002290BD0072905D0062907D0082905D065
:10B4D000042905D1FFF7DEBFFFF7F4BEFFF7A6BDD5
:10B4E0007047000010B504462DED0C8BF0EE408A3D
:10B4F000B6EE000AB0EE608A21EE00CAB0EE481A3D
:10B50000DFED84CA0CEE2C1A11EE100AF0EE41AAFF
:10B5100005F0E2FBB0EE682A41EC190B0CEE6C2A48
:10B5200012EE100AB0EE42AA05F0D6FB41EC100B69
:10B53000B0EE491AF0EE691AFCF7F6F99FED769B2A
:10B5400051EC100B53EC192B04F0C8FD9FED74BBAC
:10B5500053EC1B2B04F0F2FA53EC192B04F0AEF968
:10B5600004F04AF8B0EE6A1AC4F8340211EE100A78
:10B5700005F0B2FB4CEE2C8A41EC1D0B18EE900A44
:10B5800005F0AAFB41EC100BB0EE4D1AF0EE6D1A6F
:10B59000FCF7CAF953EC192B51EC100B04F09EFD8B
:10B5A00053EC1B2B04F0CAFA53EC192B04F086F968
:10B5B00004F022F80CEE6C8AC4F8900218EE100A1F
:10B5C00005F08AFB41EC1C0BB0EE4A2A12EE100A81
:10B5D00005F082FB41EC100BB0EE4C1AF0EE6C1A49
:10B5E000FCF7A2F953EC192B51EC100B04F076FD8B
:10B5F00053EC1B2B04F0A2FA53EC192B04F05EF968
:10B6000003F0FAFFC4F8EC0218EE100A05F064FB30
:10B6100041EC1A0B18EE900A05F05EFB41EC100BA2
:10B62000B0EE4A1AF0EE6A1AFCF77EF953EC192BC9
:10B6300051EC100B04F052FD53EC1B2B04F07EFA7E
:10B6400053EC192B04F03AF903F0D6FFC4F8480381
:10B6500094ED8C0A94ED8D1ADFED330ABDEEC00A2D
:10B66000002210EE100A9FED310A01B201EE200A0D
:10B67000BDEEC00A10EE100A00B201F00FFC84ED1E
:10B68000920A94EDA30A94EDA41A0122BDEEC00A19
:10B6900010EE100A9FED260A01B201EE200ABDEE5F
:10B6A000C00A10EE100A00B201F0F8FB84EDA90AFE
:10B6B00094EDBA0A94EDBB1A0222BDEEC00A10EE58
:10B6C000100A9FED1C0A01B201EE200ABDEEC00A6D
:10B6D00010EE100A00B201F0E1FB84EDC00A94ED17
:10B6E000D10A94EDD21A0322BDEEC00A10EE100A60
:10B6F0009FED110A01B201EE200ABDEEC00A10EE64
:10B70000100A00B201F0CAFB84EDD70ABDEC0C8B25
:10B7100010BD0000F704353F0000000000806640C7
:10B7200000000060FB210940610BB64100C0FB44F2
:10B730000090E94500B893450080EB451348FFF7BA
:10B74000EFFB124C124D6068C07F84F868050F480B
:10B75000FFF77EFB0D48FFF7ABFE0C48FFF706FB3B
:10B76000002394F868051A4619461846F5F726FD91
:10B7700000231A4619461846F5F744FD052003F044
:10B780006BF8002002F03CFF6860DCE7E472002008
:10B79000D000002070B504462DED0E8BF0EE608ACF
:10B7A000F0EE40DA9FED829BB6EE000AB0EE6D8AB5
:10B7B00061EE00AA9FED80DA0AEECD8A18EE100A3B
:10B7C00005F08AFA41EC100B9FED7CCBB0EE4C1AE1
:10B7D000F0EE6C1AFCF7F8FDB0EE68AAB0EE40BAD5
:10B7E0000AEE8DAAF0EE60BA1AEE100A05F074FAAD
:10B7F00041EC100BB0EE4C1AF0EE6C1AFCF7E4FDC5
:10B8000053EC1B2B51EC100B04F058F841EC100BCF
:10B81000FDF766FC6B4DB0EE40BAF0EE60BAB5F9DC
:10B82000000004F0E7FB53EC1B2B04F057FC53EC37
:10B83000192B04F053FC03F0DFFE44F8780F18EEE8
:10B84000100A05F049FA41EC100BB0EE4C1AF0EE7C
:10B850006C1AFCF7B9FDB0EE68EAB0EE40BA0AEE39
:10B86000CDEAF0EE60BA1EEE100A05F035FA41ECB2
:10B87000100BB0EE4C1AF0EE6C1AFCF7A5FD53EC71
:10B880001B2B51EC100B04F019F841EC100BFDF7D9
:10B8900027FCB0EE408AF0EE608AB5F9020004F0B1
:10B8A000A9FB53EC182B04F019FC53EC192B04F0F2
:10B8B00015FC03F0A1FE4AEE8DDA60621DEE900ADF
:10B8C00005F00AFA41EC100BB0EE4C1AF0EE6C1ACF
:10B8D000FCF77AFDB0EE408AF0EE608A1EEE100AA8
:10B8E00005F0FAF941EC100BB0EE4C1AF0EE6C1AC0
:10B8F000FCF76AFD53EC182B51EC100B03F0DEFF44
:10B9000041EC100BFDF7ECFBB0EE408AF0EE608AE4
:10B91000B5F9040004F06EFB53EC182B04F0DEFBC9
:10B9200053EC192B04F0DAFB03F066FEA0641DEE65
:10B93000900A05F0D1F941EC100BB0EE4C1AF0EE84
:10B940006C1AFCF741FDB0EE408AF0EE608A1AEE08
:10B95000100A05F0C1F941EC100BB0EE4C1AF0EEF4
:10B960006C1AFCF731FDB0EE401AF0EE601A53ECA1
:10B97000182B51EC110B03F0A1FF41EC100BFDF75C
:10B98000AFFBB0EE408AF0EE608AB5F9060004F035
:10B9900031FB53EC182B04F0A1FB53EC192B04F0F2
:10B9A0009DFB03F029FEE066BDEC0E8B70BD000030
:10B9B000000000A061D2003FF704353F0000000006
:10B9C00000000040E8000020064801680648B1FB7E
:10B9D000F0F2064802704FF47A72B1FBF2F1416066
:10B9E000704700002C00002040420F00A4000020FF
:10B9F00070B54FF0E024002265690949A369097810
:10BA00004843A1699942FCD002D2A3EB010302E0B2
:10BA1000A5EB010633441A440B468242F1D370BDB4
:10BA2000A400002082B0CDE9000121F00040019087
:10BA30009DED000B02B051EC100B7047EFF310813D
:10BA400072B6436802699A4201D90268026112F82B
:10BA5000013B02618268521C8260C268521E81F3FF
:10BA60001088C260184670478B185B1E0160C0E9E1
:10BA700001320022C0E903214161104670472DE9DF
:10BA8000F0475FEA01080546EFF3108672B62FD043
:10BA9000AC686CB369686869884201D928686861D4
:10BAA000944200DD14460F1A7F1CA74206DB224693
:10BAB0004146F4F765FD686920440DE0A4EB0709F1
:10BAC0003A464146F4F75CFD08EB07014A46286810
:10BAD000F4F756FD286848446861A868001BA86010
:10BAE000E8682044E860204686F31088BDE8F087C7
:10BAF00086F310884FF0FF30F8E7C0687047000009
:10BB000070B506465FF0000404EB840000EBC4004F
:10BB100006EB800504EBC40006EBC000D5ED610A1E
:10BB200095ED600A00F5A460F9F726FC85ED630A3F
:10BB3000BDEEC00A641C022C10EE100AA5F8A0018C
:10BB4000E2DB70BD10B558B1084C491E0BD310F89C
:10BB5000013B5340DBB234F8133083EA1222F4E79E
:10BB60004FF6FF7010BD104610BD00005C170108B5
:10BB700010B5054C04E000BF10F8013B5340E25CF7
:10BB8000491EF9D2104610BD5C16010800487047E6
:10BB9000C87E002000487047B87E002000487047EB
:10BBA0008C7F00202DE9F04104460D4616461F46C5
:10BBB00014B10DB106B10FB9BDE8F081D4ED010AA1
:10BBC00094ED031A60EE810A94ED001AD4ED021A86
:10BBD00041EE610AB8EE001A60EE810AB0EE600A2A
:10BBE000F4F712FF86ED000A94ED001A21EE011A17
:10BBF000D4ED011A94ED012A01EE821AF7EE001A33
:10BC0000B0EE002A52EE011AF0EE610A94ED001A2D
:10BC1000D4ED031A21EE211AD4ED011A94ED022A73
:10BC200001EE821AF0EE001A21EE211AB0EE410A5E
:10BC3000F4F7ECFE85ED000A94ED001A21EE011AEE
:10BC4000D4ED031A94ED032A01EE821AF7EE001ADE
:10BC5000B0EE002A52EE011AF0EE610A94ED001ADD
:10BC6000D4ED011A21EE211AD4ED021A94ED032A23
:10BC700001EE821AF0EE001A21EE211AB0EE410A0E
:10BC8000F4F7C4FE87ED000A00BF95E7004870474F
:10BC900074800020024900EB800001EB40007047F7
:10BCA000E471002000487047E4720020054A5368A0
:10BCB0000360108900EE100AB8EE400A81ED000A18
:10BCC0007047000093780020024900EB800001EBF0
:10BCD00040007047E4710020024900EB800001EB56
:10BCE000400070473472002000487047C078002040
:10BCF00000487047947E0020004870474C71002037
:10BD0000014800787047000084780020034A1289B7
:10BD1000028002480F3040890880704784780020F4
:10BD2000034900EB800001EB400014307047000035
:10BD30003472002010B5040036D084ED040A30EED1
:10BD4000C00AC4ED030A04F1240084ED050AD4ED11
:10BD5000000A60EE800AC4ED080AD4ED090AD4EDA9
:10BD6000011A41EE800AC4ED090A94ED020A20EEA0
:10BD7000010A84ED0A0A94ED070AFDF767FE94EDC7
:10BD8000080AD4ED090A04F12C0030EE200AD4EDA3
:10BD90000A0A30EE200A84ED0B0A94ED060AFDF73C
:10BDA00055FE94ED0B0A10BD9FED010A10BD000079
:10BDB0000000000000280BD080EC031A9FED051A4C
:10BDC00080ED051A80ED041AC0ED070A80ED060A21
:10BDD000704700000000000010B50446C07F012835
:10BDE0000ED002280CD007280AD0062804D0082834
:10BDF00002D0042804D014E0204600F093FD02E0B5
:10BE0000204600F065FDE07F062807D0022805D017
:10BE1000042803D0072801D0082802D1207F012858
:10BE20000FD19FED290A84ED230A84ED3B0AD4ED5E
:10BE3000100AC4ED0C0AD4ED0F0AC4ED0D0A84ED0E
:10BE4000110AE07F01280CD003280AD006280CD064
:10BE500002280AD0042808D0072806D0082804D0D1
:10BE600006E0204600F032F802E0204600F07AFAC0
:10BE7000204601F05BFA204602F099FA2046FFF7CF
:10BE80003FFE2046FEF7FEF994ED4D0ABDEEC00AD6
:10BE900010EE100AA4F8380194ED350ABDEEC00A80
:10BEA00010EE100AA4F8D80094F826000B2802D04F
:10BEB0000A2803D004E000F06DFF01E000F062FF0B
:10BEC000E07F84F8200010BD0000000010B590ED68
:10BED0001D0ADFED170A044630EE200A80ED270A1E
:10BEE000D0ED260ABDEEC00AFDEEE00A10EE900A83
:10BEF00001B210EE100A00B200F0B1FF84ED2C0A7E
:10BF0000F0EE400A94ED321A94ED260A04F56270C0
:10BF1000FFF710FF84ED290AF0EE400A94ED320A93
:10BF200004F55070F9F728FA84ED350A10BD0000C9
:10BF300000D0164510B504002DED028B7DD0E068D1
:10BF400090ED020A84ED0E0A90ED010A84ED0F0ACD
:10BF500090ED000AE06FB0F9020000EE900AF8EEF2
:10BF6000E00A9FED3D1A04F1300000EEC10A84EDB5
:10BF7000100A00F0C5F9E06FB0F9021000EE101AD7
:10BF8000B8EEC00A84ED320A008800EE100AB8EE5E
:10BF9000400A84ED260AD4F8DC00B0F9021000EE65
:10BFA000101AB8EEC00A84ED4A0A008800EE100AA2
:10BFB000B8EE400A84ED3E0AD4F83C01B0F9021014
:10BFC00000EE101AB8EEC00A84ED530A008800EEA5
:10BFD000100A0020B8EE400A84ED590A00EB8001F7
:10BFE00001EBC00104EB8101401CD1F87021022853
:10BFF000B2F9023000EE103AB8EEC00A81ED600AE4
:10C00000128800EE102AB8EE400A81ED660AE5DBE0
:10C01000207FFEF707FA6068407B607794ED3C0A6A
:10C02000F4F7A2F92069D0ED020A20EE208A94EDFF
:10C030003C0AF4F7D5F9206900E009E0D0ED000AE8
:10C0400000EE608A84ED288A90ED010A84ED400AB2
:10C05000BDEC028B10BD00006F12033A70B50400F6
:10C060002DED088B7ED002F073F89FED978A0020AB
:10C0700084ED188A84ED198AA4F854009FED930A80
:10C08000934984ED3D0A0978012900D10220E07727
:10C09000092084F828000A2084F82600072084F864
:10C0A0002500042084F824000120A077FFF76EFD0E
:10C0B000E060FFF71DFE2061FFF770FD6060FFF795
:10C0C0001BFE2060FFF7E2FDA0600020FFF704FEEA
:10C0D000E0670120FFF700FEC4F8DC000020FFF756
:10C0E0001FFEC4F83C010120FFF71AFEC4F87001DE
:10C0F0000220FFF715FEB0EE482AF0EE481AB3EE24
:10C100000C1ADFED749AF0EE690A9FED73BAC4F869
:10C11000A40104F50870B0EE4B0AFFF74BFE9FED4B
:10C120006F9AF0EE490A9FED6EAA6E4A0021B0EEBA
:10C130004A0A04F5EC70F9F7B3F9B0EE482AF0EECC
:10C14000481AB2EE0E1AF3EE0E0AB0EE4B0A04F5E0
:10C150002670FFF72FFEF0EE490ADFED63AAB0EE7E
:10C160006A0A00E0ACE05F4A00210C3204F514706A
:10C17000F9F796F9B0EE482AF0EE481AB2EE0C1A2A
:10C18000F3EE0E0AB0EE4B0A04F54470FFF712FE10
:10C19000544AF0EE490AB0EE6A0A1832002104F55A
:10C1A0003270F9F77DF9B0EE482AF0EE481AB3EE96
:10C1B000091AF0EE690AB0EE6A0A04F56270FFF738
:10C1C000F9FDF0EE490ADFED498A464A0021B0EE5A
:10C1D000680A243204F55070F9F762F9B0EE482A83
:10C1E000F0EE481AB3EE091AF0EE490AB0EE6A0A08
:10C1F00004F58060FFF7DEFD3A4AF0EE490A9FED54
:10C200003C0A3032002104F56E70F9F749F9B0EEBE
:10C21000482AF0EE481AB3EE091AF0EE690AB0EEB9
:10C220004B0A04F58F60FFF7C5FD2E4AF0EE490A70
:10C23000B0EE4A0A3C32002104F58660F9F730F985
:10C24000B0EE482AF0EE481AB3EE041AF0EE690A8E
:10C250009FED280A04F59E60FFF7ACFD214ADFED53
:10C26000260AB0EE680A4832002104F59560F9F715
:10C2700017F9002505EBC5001A4A04EBC000F0EEE3
:10C28000490AB0EE680A5432002100F5A460F9F7BB
:10C2900007F96D1C022DEDDB00F060FB94ED100A38
:10C2A000DFED160A30EE200A84ED0C0A94ED0F0A39
:10C2B00084ED0D0ABDEC088BBDE8704000F05CBD5C
:10C2C000BDEC088B70BD00000000000000808945B7
:10C2D0002001002000004842007C924800007A447F
:10C2E00000409C46E41201080060EA4600401C46FB
:10C2F0000000FA4500803B4500409C45DB0F49406B
:10C3000090ED040ADFED130A144A30EE200A80EDA6
:10C31000040A9FED110AD0ED050A90ED041A03E01E
:10C3200031EE001A80ED041A70EEC11A11EE901A67
:10C330009142F5DC0A4A00BF70EEC11A11EE901A64
:10C34000914204D931EE401A80ED041AF4E780EDF1
:10C35000051A7047DB0F4940DB0FC940DB0F49402E
:10C36000DB0F49C010B50446007F002823D194EDAF
:10C37000230AD4ED1D0A9FED101A04F5447000EE57
:10C38000810A84ED230AD4ED0C0A70EE800AC4ED14
:10C39000270A94ED281A94ED100AFFF7CBFC84EDE0
:10C3A000290AF0EE400A94ED280A04F53270F8F7F5
:10C3B000E3FF84ED350A10BDBD37063690ED001A57
:10C3C000B4EEC01AF1EE10FA02DD80ED000A7047FB
:10C3D000B4EEE01AF1EE10FAF9D2C0ED000A70479F
:10C3E00000286FD0C27F9AB3017F01293AD0072A73
:10C3F00040D0082A3ED00168FBEE0B0AB0EE081AC6
:10C40000B1F90C3000EE103AB1F90030B8EEC00AC4
:10C4100020EE200A00EE903AF8EEE00A00EEC10AA3
:10C42000F3EE0B0A80ED1D0AB1F902209FED300AF0
:10C4300001EE102AB1F90E10B8EEC11A21EE000A71
:10C4400001EE101AB8EEC11A01EE600A80ED1E0A64
:10C4500090F8262027499FED280A0B2A12D00A2A95
:10C4600019D01EE0416891ED240A80ED1D0A91ED7E
:10C47000250AEBE7816891ED010A80ED1D0A91ED37
:10C48000020AE3E7DFED1D0AC1ED610ADFED1C0AD8
:10C49000C1ED6E0A05E081ED610A81ED6E0A81ED64
:10C4A000540A90F8251031B1DFED160A01290AD09F
:10C4B000032908D00BE090F826200B2A07D19FED26
:10C4C000120A04E012E090F826200B2A09D080ED31
:10C4D000550A00BF90F8262000F5A873273001F018
:10C4E00053BEC0ED550A90ED550AF3E770470000C2
:10C4F0009A99D93FC07800200000000000C0DA45BA
:10C5000000C0DAC50000A042000002432DE9F05F40
:10C51000040071D020680025817A022900D1E577D6
:10C52000DFF8EC8202274FF0040A98F800104FF071
:10C53000060B4FF00709012631BB817A022906D08C
:10C5400001290FD0032918D001290ED029E0C17A82
:10C55000032902D0012903D023E084F81F9020E0B2
:10C56000082118E0C17A022905D0C17A012914D026
:10C57000032915D015E0E67713E0C17A022904D02B
:10C58000032904D0012905D00BE0032103E084F83E
:10C590001FA006E00521E17703E084F81FB000E06A
:10C5A000E777407D010601D588F80050400701D5A6
:10C5B000F6F7A6FC98F800104046012924D121681E
:10C5C0004A7D120700D5E5774A7DD20601D584F869
:10C5D0001FA0097D4A060BD5E27F062A02D0022A57
:10C5E00004D005E0C2781AB9E77708E0C27822B132
:10C5F000C278012A05D007E007E184F81FB0C670B1
:10C6000002E0490600D4C5702168DFF808C24FF087
:10C610000B0EB1F9082000EE102A0A22B8EEC00A6B
:10C6200084ED0B0AE37F43B194F82630DFF8E8810C
:10C630000A2B09D00B2B1BD027E084F8262084F886
:10C64000282084F8259020E094F82830092B1CD16C
:10C6500010EE103A434518D383885B1C9BB283804D
:10C66000642B2AD384F826E084F828E0858032E021
:10C6700094F82830092B08D110EE103A434504D322
:10C6800084F8262084F8282017E0B5EEC00AF1EEE1
:10C6900010FA02DDF0EE400A01E0F1EE400A10EE81
:10C6A000903A634502DA092384F8283094F826305A
:10C6B0000A2B02D00B2B0ED015E08A7C012A12D156
:10C6C0008288521C1204120C82800CD084F826E05E
:10C6D00084F828E007E00B7D1B0604D584F82620AB
:10C6E00084F828208580CA7C012A02D1627F032A2F
:10C6F00008D025774A7DD20700D027778A7A012A89
:10C7000002D007E02677F5E7CA7A012A02D1627FD4
:10C71000032A0AD025774A7DD20700D027774A7DA1
:10C72000920710D5C28812B10EE02677F3E794F88D
:10C730002420042A03D084F824A0C68004E0052223
:10C7400084F82420F9E7C5804A7D52060DD5427849
:10C7500062B994F82420062A02D084F824B002E0BA
:10C76000052284F82420467000E0457010EE102A5F
:10C770002A4B1A442A4B9A421BD310EE102A294BFB
:10C780009A4213DC8A7C012A1AD1D4ED600AF0EEB9
:10C79000E00A10EE902A624512DD94F82420042A63
:10C7A00007D0052A02D0062A0CD105E084F82560BE
:10C7B00008E084F8255005E0032284F8252001E0F4
:10C7C00084F82590497D89060BD5817851B9A17FE0
:10C7D000012901D011B102E0A57700E0A6778670AB
:10C7E00000E0857010EE100A0F49884203DD94F8CE
:10C7F00026000A2805D0A07F18B1BDE8F05F00F040
:10C800009FB8BDE8F05F00F0B5B8BDE8F09F00004C
:10C8100020010020000020410000C8C3FFFFB7BC7A
:10C82000FFFF98000000E1430000C843084910B52D
:10C83000881CFFF76BFA06494888002804D009884D
:10C840002338814201DB012010BD002010BD000013
:10C85000D80100204FF4FA7001F0FEFF1A48FFF7EC
:10C86000FDFB194C194D1848FFF750FE1648FFF70D
:10C8700061FB1548FFF7B4FD1348FFF7ADFAE07F01
:10C88000A8B1B4F93811B4F9D800F4F7DFFCB4F961
:10C89000D421B4F9A011B4F96C01F4F7F9FC01202A
:10C8A00001F0DAFF002001F0ABFEE860DBE70021D9
:10C8B0000846F4F7CBFC002211461046F4F7E8FCDA
:10C8C00000F052F8EBE70000C078002020010020C3
:10C8D000D0ED260A9FED110A30EEC00AB5EEC00A6F
:10C8E000F1EE10FA02D190ED1A0A01E080ED1A0A79
:10C8F00010EE101ADFED0A0AB1F18B4F02DD30EEB7
:10C90000600A06E010EE101A11F16A5F03D930EEEA
:10C91000200A80ED1A0A80ED180A704700D01645EB
:10C920000000004690ED260ADFED040A30EE600AB2
:10C9300080ED1A0A80ED180A7047000000D01645F5
:10C9400010B500210448F7F779FA034940F2A460D2
:10C950000968486310BD0000BC0A0020002101489E
:10C96000F7F76CBABC0A002000210148F7F788BA33
:10C97000BC0A002010B500210448F7F75FFA03490C
:10C980004FF42F700968486310BD0000BC0A0020F6
:10C990002DE9F04FDFF8DCC0DFF8DCA00CF1240853
:10C9A000099F00240AF1180B08F124090AF1340E3A
:10C9B00004EB44060CEB860593ED050AD5ED000A61
:10C9C00095ED011A20EE200AD3ED060A00EE810A49
:10C9D000D3ED070A95ED021A0AEB840500EE810AF1
:10C9E000D5ED000A00EB840530EE200A85ED000A43
:10C9F00008EB860593ED010AD5ED000A95ED011AC5
:10CA000020EE200AD3ED020A00EE810AD3ED030ADC
:10CA100095ED021A0BEB840500EE810AD5ED000AB4
:10CA200001EB840530EE200A85ED000A09EB86054E
:10CA300097ED010AD5ED000A95ED011A20EE200AC6
:10CA4000D7ED020A00EE810AD7ED030A95ED021A2E
:10CA50000EEB840500EE810AD5ED000A02EB840599
:10CA6000641CE4B2032C30EE200A85ED000A9FD34B
:10CA7000BDE8F08F64010020047F002070B55020D5
:10CA8000EFF3118480F31188BFF34F8FBFF36F8FE3
:10CA900039490878C5073948D0E9122320D01068F1
:10CAA0000068C0071CD118680068C00718D1487812
:10CAB000800715D48878800712D4087820F0010008
:10CAC0000870087840F002000870002201212C480C
:10CAD000F5F7DAFE284908222031A1F1080021E00B
:10CAE0004878C507274820D015682D68ED071CD168
:10CAF0001D682D68ED0718D10D78AD0715D48D7818
:10CB0000AD0712D44A7822F001024A704A7842F006
:10CB100002024A7000221021F5F7B6FE16480922DB
:10CB200019492830F8F748FD22E08D78ED071FD02D
:10CB300012681268D2071BD11A681268D20717D17F
:10CB40000A78920714D44A78920711D48A7822F08E
:10CB500001028A708A7842F002028A700022102153
:10CB6000F5F792FE044904221431A1F10D00D9E732
:10CB700084F3118870BD000030010020A40900205A
:10CB80000004024000000240D47E002001490968F0
:10CB900048637047FC0B002010B51848184C817989
:10CBA000A9B1DFED180A2046F8F7E6FB94ED080A74
:10CBB000B5EEC00AF1EE10FA03D29FED130A84ED30
:10CBC000080ABCEEC00A10EE100A80B212E010EEA5
:10CBD000101A0E4A91420BDD4179491CC9B24171CC
:10CBE000C82905D901219FED0A0A817184ED0A0A3D
:10CBF00041F28730BDE81040FFF7C8BF3001002088
:10CC0000447F002000003442000000000000344255
:10CC100000401C4570B5194D00241C21C5F8164074
:10CC2000AC76C5F81B40EC772C81AC722C701448A4
:10CC3000F3F725FDC5F80E40C5F81240A5F80B40E6
:10CC40000F486C73AC800F211C30F3F718FD0C48B3
:10CC50000E212B30F3F713FD094810213930F3F77B
:10CC60000EFD6C70EC80AC702C620548AC84EC70EE
:10CC700040F8494F4460846070BD0000F800002017
:10CC800068780020704700001FB56423012203A9C3
:10CC90008DE80E00134602461C210348F5F7BAFE44
:10CCA0009DF80C0004B010BD3009002003B583B01E
:10CCB0006423012204A98DE80E00134602461C21BC
:10CCC0000248F5F7A3FF05B000BD000030090020C1
:10CCD000012240210148F5F7D7BD000000180240AD
:10CCE000002240210148F5F7CFBD000000180240A6
:10CCF000704700F0D5BA00002DE9F0410024FFF79D
:10CD0000C1FFFFF7F5FFFFF7EBFF3220FFF7F1FF61
:10CD1000FFF7DEFF3220FFF7ECFF0020FFF7B4FF44
:10CD2000102802D04020BDE8F0810120FFF7E1FF8C
:10CD3000104D00BF04EB44067719A85D7978FFF722
:10CD4000B5FF0120FFF7D5FFA85DFFF79DFF064661
:10CD50000120FFF7CEFF7878B04204D004EB440006
:10CD600028448078DFE7641CE4B2042CE2D300207E
:10CD7000D9E700005C19010808210148F7F75EB8FF
:10CD8000FC0A0020024900200968C86370470000BF
:10CD9000FC0A0020024942F2CF000968C8637047CC
:10CDA000FC0A0020B4EEE01AF1EE10FA0FD371EE97
:10CDB000601AB4EEC10AF1EE10FA03DC08E000BF1D
:10CDC00030EE610AB4EEC10AF1EE10FAF8DC7047F9
:10CDD000B4EEE00AF1EE10FA02D3704730EE210A09
:10CDE000B4EEE00AF1EE10FAF8D37047F5F7F2FF6F
:10CDF000F9F716FEF7F740FFF7F7A2FEF7F75CFE2C
:10CE0000F7F77CFEF8F748F8F8F750F9F8F79AF9D1
:10CE1000F8F744FAF8F7F2F9F8F702F8F8F720F81B
:10CE2000F8F7F8F8F8F75CF8F7F7E2FDF7F712FE15
:10CE3000F8F718FAF8F752FAF8F784F8FDF76AFFEE
:10CE4000FEF7C2FD01F094F8F7F7C0FE00F02FFAEC
:10CE5000FEE701460020842900D0C81C7047B0F5C9
:10CE6000005F02DBA0F5005003E0002802DA00F5C5
:10CE7000005000B2091A09B2B1F5805F02DD00F579
:10CE8000005004E011F5805F02DAA0F5005000B216
:10CE900000EE100AB8EEC00A7047000010B5B0F5F9
:10CEA000005F02DBA0F5005003E0002802DA00F585
:10CEB000005000B2091A0CB20F494C80203131F9F0
:10CEC00012300839B4F5006F04DB00F5805006E03D
:10CED00063420AE014F5006F07DAA0F5805031F9DB
:10CEE000124000B29C42F3D001E021F8123000EE73
:10CEF000100AB8EEC00A10BDD000002086B04FF472
:10CF00007A7000F0CDF9FAF7E5F90F21D548F3F77B
:10CF1000D8FBD4480F210F30F3F7B1FBD1480F21D4
:10CF20001E30F3F7ACFBCF480F212D30F3F7A7FBF2
:10CF3000CC480F213C30F3F7C4FBCA480F214B30DB
:10CF4000F3F79DFB40F2663140F2C71640F2DE3047
:10CF50000291CDE90360C44C05960227A088CDE973
:10CF60000007C04809230122C0A13C30F7F700FDAB
:10CF7000BC4D05F13C01B5F84800ADF8000095F84E
:10CF80004A008DF802000EC90120FAF713F9642057
:10CF900000F086F940F2A23040F24F19CDE90209C3
:10CFA000CDE90406A088CDE9000709230122B0A13C
:10CFB00005F14B00F7F7DCFCB5F85700ADF80000C1
:10CFC00095F859008DF802000F2205F14B0101A8D8
:10CFD000F3F7D6FA0DF1040C01209CE80E00FAF7E5
:10CFE000E9F8642000F05CF9218802AA4FF0050AF4
:10CFF000019782E8420460880090092301229DA1E4
:10D0000005F12D00F4F768F9B5F83900ADF8000026
:10D0100095F83B008DF802000F2205F12D0101A8C3
:10D02000F3F7AEFA0DF1040C01209CE80E00FAF7BC
:10D03000C1F8642000F034F901214FF0500BCDE924
:10D04000021B78274FF4617608209FED8E0ACDE908
:10D050000001CDE904760A4609238BA12846F4F79E
:10D0600047FBA889ADF80000A87B8DF8020095E881
:10D070000E000120FAF79EF8642000F011F9FEF787
:10D080003BFE5C352860FEF72FFE29464860FEF720
:10D0900009FE2946D0464FF00109B2468860714D1D
:10D0A0007D495C35A868D0F88005884202DDA4F887
:10D0B00000A008E07949884202D94FF47F7001E06E
:10D0C0004FF4707020800227218802A840F2C71612
:10D0D000019780E8420160880090624809233A463F
:10D0E00064A12D30F4F7F8F8686890F826100B2941
:10D0F0007ED0A4F8049000BF40F2A230CDE904062F
:10D1000040F24F11CDE90201A088CDE90007554852
:10D110000923022256A14B30F7F72AFC6868807F6A
:10D12000002866D0A4F8049040F2663140F2DE3068
:10D130000291CDE903600596A088CDE90007494832
:10D140000923022249A13C30F7F712FCA86890F8A5
:10D150006A0502287FD001287FD0032872D00820DA
:10D16000E0807822CDE9042ACDE9029BE188CDE96F
:10D170000019B7EE000A0923022243A13948F4F747
:10D18000B7FA384D0F2205F12D01B5F83900ADF889
:10D19000000095F83B008DF8020001A8F3F7F0F9C4
:10D1A0000DF1040C01209CE80E00FAF703F80A20A8
:10D1B00000F076F8B5F84800ADF8000095F84A00A0
:10D1C0008DF8020005F13C0101200EC9F9F7F2FFCC
:10D1D0000A2000F065F8B5F85700ADF8000095F8A2
:10D1E00059008DF802000F2205F14B0101A801E062
:10D1F0001BE02DE0F3F7C4F90DF1040C01209CE8CD
:10D200000E00F9F7D7FF0A2000F04AF8A889ADF818
:10D210000000A87B8DF8020095E80E000120F9F7C8
:10D22000C9FF0A2000F03CF839E790F824000428F0
:10D2300009D0052809D006287FF45EAF072005E055
:10D2400009E00AE00CE0062000E00420A08053E79B
:10D250000720A08068E7032082E7A4F8068080E723
:10D2600004207DE7248A0020F001002078000000DF
:10D2700079000000636861737369735F6D6F646543
:10D280000000000000000000436861737369735F71
:10D29000737465657200000000401C4600401CC6A7
:10D2A00010B500B9012001F0D7FA002010BD10B56B
:10D2B00001F096FB002010BD7FB50D460446416984
:10D2C000B0F9080081B1A16971B1FFF7C2FDD4E9DD
:10D2D00005128DE80700D4E900102B46226901F001
:10D2E0004EFF039004B070BDFFF7B3FD03A9CDE975
:10D2F0000001208A2B4682B2D4E9001001F012FF0F
:10D30000012801D00020EDE70398EBE708B90648B3
:10D31000006808B134307047502080F31188BFF3A3
:10D320004F8FBFF36F8FFEE73000002010B504462B
:10D33000007F002838D1D4F8FC00B0F17C5F05DB19
:10D3400010F1834F02D394ED3B0A09E094ED3B0AC0
:10D35000D4ED1E0A9FED151A00EE810A84ED3B0AFA
:10D36000D4ED0D0A04F1FC0030EE200AFDEE000AB7
:10D3700084ED3F0AB6EE000AFFF720F894ED401A5C
:10D38000D4ED3F0A94ED0F0A04F58F60FEF7D2FC4E
:10D3900084ED410AF0EE400A94ED400A04F58660FF
:10D3A000F7F7EAFF84ED4D0A10BD0000A97BAE350A
:10D3B0009FED080A21EE000A20EE010AB6EE001ADF
:10D3C00020EE011AB0EE600ADFED030A01EE200A3A
:10D3D0007047000066881C41CDCC4C3E2DE9F041E1
:10D3E0001A4C0F46054666692168002081F85200F4
:10D3F0002068001D01F0F0F838B9206890F82C1072
:10D4000001208840A1698143A161681C07D137B11F
:10D410002168BDE8F0410E48091D01F03DB92068C2
:10D420003544B5424560216805D2A068BDE8F041A9
:10D43000091D01F019B96068091D01F015F9206B8B
:10D44000854200D22563BDE8F08100003000002055
:10D45000281000202DE9F041054601F029F92E4C55
:10D460002069401C206120682C4F10B1E06940B356
:10D470002DE025602069012829D1002606EB8600D1
:10D4800007EB800001F0E2F8761C072EF6D3234864
:10D490008C3001F0DBF82148A03001F0D7F81F48AC
:10D4A000B43001F0D3F81D48C83001F0CFF81B4864
:10D4B000DC3001F0CBF819488C3060601430A0608B
:10D4C00005E02068E96AC06A884200D82560E06A01
:10D4D000401CE062E96A0120A26988401043A06113
:10D4E00001EB810007EB8000291D01F0D5F801F068
:10D4F000FFF8E06900280CD02068E96AC06A884219
:10D5000007D207494FF080500860BFF34F8FBFF339
:10D510006F8FBDE8F0810000300000204C0F00202C
:10D5200004ED00E038B501F0C3F8104CA068C8B9AC
:10D530000F4801F08BF80E48143001F087F80C48C2
:10D540002060143060600A4B00202833009003F103
:10D55000480210210A2001F07FFBA06010B105A154
:10D5600001F044F9BDE8384001F0C2B86C00002079
:10D570003C100020546D72510000000030B4026C69
:10D580000B46002A0BD0C1681144C1604468A14217
:10D5900001D30168C16030BC1846F2F7F1BF30BC5E
:10D5A00070472DE9F041856B174604460026026C52
:10D5B00082B1C7B1E068F2F7E3FFE168206C091AB5
:10D5C000E1602268914202D26168081AE060022F8D
:10D5D00016D017E02068A8B9606801F0B5FE0646CD
:10D5E000002060600EE0A068F2F7CAFF216CA0681E
:10D5F0000844A0606168884204D32068A06001E00C
:10D6000005B16D1E6D1CA5633046BDE8F08110B5F7
:10D61000044690F8510058B101280CD002280FD0D0
:10D62000502080F31188BFF34F8FBFF36F8FFEE759
:10D63000206B01F071F82046BDE8104001F06CB895
:10D6400010BD000010484FF4C041420706D0C01D75
:10D650000D4920F00700411AC1F5C0410B4A0023D3
:10D660000144C2E900030839103A21F007011160B2
:10D670004B600B600B1AC0E9001393604FF0004041
:10D680005360D060704700004C11002090000020D3
:10D69000144E154CA6F1C8074FF08058DFF84C9097
:10D6A00012E000BF01F004F8F068C568281D00F022
:10D6B00093FF2069401E2061E068401EE06001F099
:10D6C00017F82846FFF7A3FFE0680028EAD138687A
:10D6D0000128F9D9C9F80080BFF34F8FBFF36F8FCE
:10D6E000F2E70000141000203000002004ED00E0FC
:10D6F0000346009829B10260C0E90F31012101F011
:10D70000DFBA0060F8E72DE9F0470E46DDE909844D
:10D710001746824691009946089DA522206BF2F794
:10D72000A6FF6FF00301206B01EB8701084420F096
:10D730000707780707D0502080F31188BFF34F8F79
:10D74000BFF36F8FFEE72218315C82F83410315C32
:10D7500011B1401C1028F6D3002684F84360072D31
:10D7600000D30625E562C4E91156201D00F079FFBB
:10D7700004F1180000F075FF2461C5F10700646230
:10D78000A061E66484F8506084F852604A465146CD
:10D79000384600F067FA2060B8F1000F01D0C8F8F1
:10D7A0000040BDE8F087000030B5114900E01146A7
:10D7B0000A688242FBD34B685C18844203D14068FC
:10D7C00018444860084643681C18944209D1084C24
:10D7D000103C2468A24209D052681A4442600A6888
:10D7E00012680260814200D0086030BD0460F9E731
:10D7F0009000002070B5002441600B4D0061914203
:10D8000006D8D11A8269914206D2011D686807E0E4
:10D810009A4203D2994201D3012403E0011D2868F2
:10D8200000F022FF204670BD6C00002010B50446B9
:10D8300000F03EFFA06B28B15FF0000400F058FF3D
:10D84000204610BD0124F9E730B589B0304D55E0D0
:10D850000498002806DADDE90601059A9047049845
:10D8600000284BDB069C606910B1201D00F0B4FE5F
:10D8700002A800F0B9F8024604980A283ED2DFE870
:10D8800000F00505053D263705053D260598A169EB
:10D89000034601442046FFF7ADFF00B3616A20460E
:10D8A0008847E069012829D1002000900598A169E6
:10D8B000002342181946204601F05EFE78B9502038
:10D8C00080F31188BFF34F8FBFF36F8FFEE705988A
:10D8D000A06128B1811813462046FFF78BFF0DE0A9
:10D8E000502080F31188BFF34F8FBFF36F8FFEE797
:10D8F00094F8280010B9204600F00EFF002204A979
:10D90000A86801F02FFB0028A2D109B030BD0000AB
:10D910006C0000202DE9FC410F46054601F0A4F8FB
:10D9200001A800F061F80446019818B101F092FDD9
:10D93000BDE8FC81224EAFB170680068A8B3002733
:10D94000291B3A46B06800F065FF01F083FD00280E
:10D95000EED11C494FF080500860BFF34F8FBFF3EA
:10D960006F8FE5E7A542EBD801F074FD30682746DC
:10D97000C068C468201D00F02FFEE069012810D1A6
:10D98000A0692B4641193A462046FFF733FF40B1C4
:10D9900000200346014600902A46204601F0ECFD97
:10D9A00020B1616A20468847C2E707E0502080F333
:10D9B0001188BFF34F8FBFF36F8FFEE70127BFE7DB
:10D9C0006C00002004ED00E006484168096829B1B8
:10D9D0004168C968C9684968016370474FF0FF3101
:10D9E000FAE700003000002070B5054601F042FC67
:10D9F000064E04463069844203D200F035F8012017
:10DA000000E0002028602046346170BD6C000020DA
:10DA1000F0B5026800240AB3426800F108055268B4
:10DA20004260AA4201D1536843604268D6684268A6
:10DA300052684260AA4201D15368436042680023A1
:10DA4000D26811F803C0D71897F83470BC4503D1D9
:10DA500037B15B1C102BF4D3B242E8D12046F0BDA5
:10DA6000141EFBD1F8E70000F8B5194D1FE0C0689F
:10DA7000C4680668201D00F0AFFD616A2046884733
:10DA8000E069012813D1A0693044B04206D924616D
:10DA90006060211D286800F0E7FD08E000200346D3
:10DAA000014600903246204601F066FD38B12868F4
:10DAB00001680029DBD16968C5E90010F8BD502074
:10DAC00080F31188BFF34F8FBFF36F8FFEE7000025
:10DAD0006C00002008484068401C4FF0500080F364
:10DAE000118804D0BFF34F8FBFF36F8FFEE7BFF3F2
:10DAF0004F8FBFF36F8FFEE798000020074C206820
:10DB0000016841B1C0680021D0F80000FFF702FFB2
:10DB1000FFF79AFEF3E701210020F7E76C000020F1
:10DB20002DE9F041044600F0C3FD94F9455004F19D
:10DB3000240609E0606A48B1304601F051FC08B1A2
:10DB400000F0B8FE6D1E6DB2002DF3DC4FF0FF3615
:10DB500084F8456000F0CCFD00F0AAFD94F9445033
:10DB600004F1100709E0206948B1384601F038FC9B
:10DB700008B100F09FFE6D1E6DB2002DF3DC84F83D
:10DB80004460BDE8F04100F0B3BD00002DE9F04174
:10DB90000546002700F068FF314E306808B9FFF7EE
:10DBA00051FDF06805424BD1C5B3083568070ED06A
:10DBB00005F00700C0F108000544680707D05020B1
:10DBC00080F31188BFF34F8FBFF36F8FFEE72DB344
:10DBD0007068854234D82248103001460C6801E054
:10DBE00020460C466168A94202D221680029F7D17B
:10DBF00031688C4224D0076821680160606808376A
:10DC0000411B10290FD96019420708D0502080F31A
:10DC10001188BFF34F8FBFF36F8FFEE710E04160B5
:10DC20006560FFF7C1FD61687068401A7060B26896
:10DC3000904200D2B060F06801430020C4E90001C6
:10DC400001F008FC780707D0502080F31188BFF35B
:10DC50004F8FBFF36F8FFEE73846BDE8F0810000BD
:10DC60008000002010B5031F4FF080741C601B1F44
:10DC700021F001011960191F044B0B6014390A606F
:10DC8000091F6FF0020244380A6010BDD5DA00089F
:10DC900010B52DED028B04469FED1D0AB0EE408AB3
:10DCA000D4ED000A60EEA00A94ED011AD4ED011A39
:10DCB00041EE210A94ED021AD4ED021A41EE210A36
:10DCC00094ED031AD4ED031A41EE210AB0EE600A76
:10DCD000F3F70EF8B0EE408A94ED000A20EE080A41
:10DCE00084ED000A94ED010A20EE080A84ED010A91
:10DCF00094ED020A20EE080A84ED020A94ED030A6C
:10DD000020EE080A84ED030ABDEC028B10BD000072
:10DD10000000000018B40021ADF80010444902686A
:10DD200040F20224C1F8162002798A76B0F8052064
:10DD3000ADF8002092B2A2F20223A2425CD01FDC16
:10DD4000B2F5817F48D00FDC012A37D0022A3BD0C0
:10DD5000032A3CD0A2F58072013A03D1D0F8070023
:10DD6000C1F80E0018BC7047A2F58072033A38D093
:10DD7000012A3DD0FE2AF5D1C11D0F222D4844E0D5
:10DD8000042B48D009DC012B3BD0022B40D0032BC5
:10DD9000E8D1B0F80700C880E4E7052B3ED0062B99
:10DDA00042D0FF2BDED1234950F8072F1C3941F810
:10DDB000492F42684A6080688860D3E7B0F807203E
:10DDC0000A81407A8872CDE7C0790870CAE7C11D20
:10DDD00018481C221C3818E0D0F80700C1F81200BF
:10DDE000C0E7B0F80720A1F80B20407A4873B9E7E4
:10DDF000B0F807008880B5E7C11D0E480E220F302D
:10DE000003E0C11D0B4810221D3018BCF2F7B8BB4F
:10DE1000C0794870A6E7C0798870A3E750F8072F4B
:10DE20000A62808888849DE7C079C8709AE70000FC
:10DE3000F80000208478002070B5A5263D4C002510
:10DE400071E03D48FDF7FAFD94F8861006294BD2A3
:10DE5000DFE801F003131D2D384DB0420AD1012136
:10DE600084F88610B4F88710A31D4A1CA4F88720F4
:10DE7000C85458E0A4F8875055E0A080B4F8871043
:10DE8000A31D4A1CA4F88720C854022017E0A188CB
:10DE9000A31D41EA0021A180B4F887104A1CA4F810
:10DEA0008720C854A08877281ED2032007E0B4F842
:10DEB0008710A31D4A1CA4F88720C854042084F8A6
:10DEC000860030E0B4F88710A31D4A1CA4F8872010
:10DED000C854B4F88700052825D10521A01D00F0FD
:10DEE00017FE08B10520EAE784F88650C2E7A28849
:10DEF000B4F887100932914204D2A31D4A1CA4F839
:10DF00008720C854A188B4F88700093188420AD311
:10DF100084F88650A4F88750A01D00F0DBFD10B1F6
:10DF2000A01DFFF7F7FE0448FDF7E7FD002888D1A4
:10DF300070BD0000B088002098840020FEF76AFEC3
:10DF400009494FF48062A1F11800FDF78DFD0749E2
:10DF50004FF40072A1F5007000F0E2FAFFF76CFFD9
:10DF60000A20FFF79DF9F9E7B0840020988200208D
:10DF700002492422A1F12400F7F7C0BAC0710020A1
:10DF80002DE9F0470C4600287ED0002C7CD001788B
:10DF9000427841EA0221C1F30A0121804178827866
:10DFA000C90841EA4211C1F30A0161808178C2784F
:10DFB000890941EA8201027941EA8221C1F30A0119
:10DFC000A18001794279490841EAC211C1F30A01ED
:10DFD000E1804179C1F30111A17241798909E172AE
:10DFE0008179C27941EA0221A181017A427A41EA2A
:10DFF0000221E181817AC27A41EA02212182017BF8
:10E00000A174417BE174017C427C41EA02212181BF
:10E01000017BA174417BE174817BC07B41EA0020DC
:10E02000A082207D4FF00001820602D56269A261C4
:10E0300000E0A161C00602D56069E06100E0E16135
:10E040000021E58AB4F86690638BE28BB4F86A70BD
:10E05000B4F86E6001204FF6FF7A03E004292DD05A
:10E0600005292BD0054210D019EA000F0DD103422B
:10E070000DD1024217D104EB010C9CF8208008F16D
:10E0800001088CF8208018E03DE0034209D00742E7
:10E0900007D104EB010C9CF8308008F101088CF8E2
:10E0A0003080024209D0064207D104EB010C9CF8F3
:10E0B000408008F101088CF84080D446491C89B2A0
:10E0C0000CEA40001029C9D35022214604F1500027
:10E0D000F2F756FA2088A0F5806020806088A0F5CD
:10E0E00080606080A088A0F58060A080E088A0F5B6
:10E0F0008060E0802089A0F5806020812046BDE816
:10E10000F047F7F730BABDE8F08700000168DFEDAF
:10E110000E0A0A8800EE102AB8EE400A80ED0A0ABC
:10E1200020EE200ADFED090A20EE200A80ED130A16
:10E130000A7880F85020B1F9021000EE101AB8EEFB
:10E14000C00A80ED040A7047000000390000B443A3
:10E1500010B50020FDF7E4FD0749DFED080A9FED4B
:10E16000080A0860C1ED120A03480021BDE810400A
:10E17000044A9C30F7F794B93C8900200000000065
:10E1800000401C46501601082DE9F0411E462DEDB9
:10E19000028B8046B0EE408A13460F462948FFF7AF
:10E1A000B5FF9FED290A2748F7F7B6F8254D274C0C
:10E1B000072F03D00B2B01D1207818B1207801282C
:10E1C0000FD011E0FEF732FB08B1032F07D195ED18
:10E1D000120ADFED1F0A30EE200A85ED120A012037
:10E1E00020706088401C6080608800EE100AB8EEE5
:10E1F000400AB4EEC80AF1EE10FA02DB00202070EB
:10E2000060802868D5ED040AB0F9040000EE100A19
:10E210000C48B8EEC00A483000F0E6F885F8E40093
:10E220000848D5ED120A95ED0E0A9C30F7F7A4F8D0
:10E2300086ED000A95F8E41088F80010BDEC028B1A
:10E24000BDE8F0813C8900200000B443E4010020D7
:10E250000000B44400B52DED048B83B041EC190BE4
:10E2600002F034F941EC180B18EE100A18EE901A6F
:10E270008DED008B002818BF0120084320F00040DE
:10E28000C0F17F6000F1E040C00F14D019EE101A09
:10E2900019EE900A8DED009B002918BF012108435B
:10E2A00020F00040C0F17F6000F1E040C00F04BFEB
:10E2B0000120F2F735FA51EC180B03B0BDEC048BDA
:10E2C00000BD10B500EE100A2DED028BB1EEC08A34
:10E2D00018EE100A20F00040C0F1FF40C00F0AD035
:10E2E00010EE100A20F00040C0F1FF40C00F04BF44
:10E2F0000120F2F715FA18EE100ABDEC028B10BDE2
:10E3000010B5040036D084ED040A30EEC00AC4ED26
:10E31000030A04F1240084ED050AD4ED000A60EE3E
:10E32000800AC4ED080AD4ED090AD4ED011A41EEC1
:10E33000800AC4ED090A94ED020A20EE010A84ED78
:10E340000A0A94ED070AFBF781FB94ED080AD4ED65
:10E35000090A04F12C0030EE200AD4ED0A0A30EE4E
:10E36000200A84ED0B0A94ED060AFBF76FFB94ED8F
:10E370000B0A10BD9FED010A10BD00000000000057
:10E3800000280BD080EC031A9FED051A80ED051ACA
:10E3900080ED041AC0ED070A80ED060A7047000000
:10E3A0000000000010B50120FEF77AFFFBE710B572
:10E3B00090ED580AD0ED540A0446B8EE400A30EE0B
:10E3C000200ABCEEC00A80ED580A90ED530A00F511
:10E3D0009560F6F7D1FF84ED560ABDEEC00A10EE47
:10E3E000100AA4F86C0110BD10EE101A0F4A9142E9
:10E3F0000BDDF5EEC00AF1EE10FA06DD90ED000A35
:10E40000DFED0B0A30EE600A0AE010EE101A094A3E
:10E41000914209D990ED000ADFED070A30EE200A9B
:10E4200080ED000A002070470120704700D00446AC
:10E430000000344500D004C60000B44470B50C465A
:10E44000064600F035F9154D2868C06C80B929687A
:10E45000012081F850005CB101212046FEF7BEFF8B
:10E460000F494FF080500860BFF34F8FBFF36F8F9D
:10E4700000F03EF900F01CF92868C46C002034B1AB
:10E4800016B12968C86402E02A68611ED16429684F
:10E4900081F8500000F02CF9204670BD30000020BB
:10E4A00004ED00E091ED000AB1EE400A80ED010AB2
:10E4B00091ED010AB1EE400A80ED020A91ED020AE7
:10E4C000B1EE400A80ED030A91ED000A80ED040AE6
:10E4D00091ED020A80ED060A91ED010AB1EE400AC3
:10E4E00080ED070A91ED010A80ED080A91ED020A1C
:10E4F000B1EE400A80ED090A91ED000A80ED0B0AA9
:10E5000091ED020A80ED0C0A91ED010A80ED0D0AF1
:10E5100091ED000AB1EE400A80ED0E0A704700004E
:10E52000F0B5274B1C68656945F0400565611C68BE
:10E53000656945F0800565611B68DC6844F010047E
:10E54000DC60204B1C68256825F0010525601C68EF
:10E550002568ED07F7D11C4FFD14BC4202D91A4EB5
:10E560004C3E04E0194EB44203D9174E503E35607C
:10E5700008E0164F154E603FB83EBC4201D9F56029
:10E5800000E0B560124DA5601C68E060186801618C
:10E59000186842601868016841F4802101601868B9
:10E5A000016841F0010101600A4801680A6822F02F
:10E5B00001020A6001680A68D207F7D18D60F0BDD8
:10E5C000BC0C0020BC0D002058640240B860024022
:10E5D000041401401C0E0020D0E9013201699A6048
:10E5E000D0E901235A604A68824201D182684A60B8
:10E5F000002202610868401E086008687047000039
:10E6000008B9064800680021006B01E0401C491C65
:10E610000278A52AFAD0C1F38F007047300000209D
:10E62000034B036003F154000860802010607047C2
:10E6300038020020044B036003F1540008604FF4DB
:10E6400080701060704700008C04002000F1080109
:10E650004FF0FF32C0E90112C16001610021016089
:10E66000704700210161704730B50B685A1C02D019
:10E6700000F1080202E0026904E0224654682568BD
:10E680009D42FAD953684B6099608A605160086175
:10E690000168491C016030BD42684A6093688B6024
:10E6A00093685960916008610168491C0160704776
:10E6B000502080F31188BFF34F8FBFF36F8F0A494B
:10E6C0004868401C486001280CD10848006810F0D8
:10E6D000FF0F07D0502080F31188BFF34F8FBFF397
:10E6E0006F8FFEE7704700009800002004ED00E007
:10E6F0000849486828B1401E486001D180F311885C
:10E700007047502080F31188BFF34F8FBFF36F8F96
:10E71000FEE700009800002070B5002827D0144DB7
:10E72000A0F108046168E868014207D1502080F335
:10E730001188BFF34F8FBFF36F8FFEE722683AB1A6
:10E74000502080F31188BFF34F8FBFF36F8FFEE728
:10E750008143616000F088F9606869680844686016
:10E760002046FFF721F8BDE8704000F073BE70BD91
:10E77000800000204FF0E020002101618161054907
:10E780004FF47A720968B1FBF2F1491E4161072129
:10E79000016170472C00002010B5F1F7C1FD11494F
:10E7A00010280ED300F1E02090F8F0030A78904290
:10E7B00007D2502080F31188BFF34F8FBFF36F8FC4
:10E7C000FEE709480068896800F4E060884207D9DC
:10E7D000502080F31188BFF34F8FBFF36F8FFEE798
:10E7E00010BD0000980000200CED00E010B5084BB3
:10E7F000002200BF53F832401CB1521C082AF9D342
:10E8000010BD43F8321003EBC201486010BD000098
:10E810000C0F002070B515460E460446FFF748FF62
:10E8200094F944100020491C01D184F8440094F963
:10E830004510491C01D184F84500FFF759FFA06B32
:10E8400028B92A46314604F1240000F0ADF82046EC
:10E85000BDE87040FFF764B910B5020014D00F484E
:10E86000806B38B1502080F31188BFF34F8FBFF316
:10E870006F8FFEE700F0F8F800211046FEF7AEFDBE
:10E8800000F0E8FD002807D105494FF080500860EE
:10E89000BFF34F8FBFF36F8F10BD0000300000201B
:10E8A00004ED00E002498A6A0260496941607047EC
:10E8B00030000020014901204862704730000020EC
:10E8C0002DE9F0418846040015D0FFF765FF502080
:10E8D000EFF3118680F31188BFF34F8FBFF36F8F73
:10E8E00094F85000022184F85010E16C491CE16456
:10E8F000012808D037E0502080F31188BFF34F8FF4
:10E90000BFF36F8FFEE7A06A38B1502080F3118803
:10E91000BFF34F8FBFF36F8FFEE7154DA86B012735
:10E9200078B104F118011348FFF7B6FEE06A2968D0
:10E93000C96A884217D9B8F1000F13D0C8F800701F
:10E9400011E0201DFFF748FEE16AAA6907FA01F00D
:10E950001043A86101EB81000649B43901EB800046
:10E96000211DE1E76F6286F31188BDE8F0810000A8
:10E97000300000200010002010B50C4650B10949AD
:10E9800009681831FFF770FE2046BDE810400121EC
:10E99000FEF724BD502080F31188BFF34F8FBFF3E3
:10E9A0006F8FFEE73000002070B514460D4668B149
:10E9B0000A4909681831FFF76FFE0CB14FF0FF35B7
:10E9C00021462846BDE87040FEF708BD502080F380
:10E9D0001188BFF34F8FBFF36F8FFEE73000002029
:10E9E00030B587B00024039405AA04A903A80494B1
:10E9F000FFF716FEDDE903010094CDE901100023C5
:10EA000015A11748059A00F0BAFB164D0028686357
:10EA10001FD000F081FD012809D0401C19D15020E1
:10EA200080F31188BFF34F8FBFF36F8FFEE7502045
:10EA300080F31188BFF34F8FBFF36F8F4FF0FF301C
:10EA400028630120E8616C6107B0BDE8304000F048
:10EA500073B807B030BD000049444C4500000000C9
:10EA600091D60008300000200248816B491C816368
:10EA700070470000300000201448816B11B1012163
:10EA800041627047002141628169B1FA81F1C1F1AF
:10EA90001F0101EB81020E4951F822306BB101EBED
:10EAA000820101F108034A6852684A609A4201D122
:10EAB00052684A60D16801607047502080F3118825
:10EAC000BFF34F8FBFF36F8FFEE7000030000020D1
:10EAD0004C0F002030B50C46050014D0022C12D982
:10EAE0000A48A11E02882846FDF72CF82919C2B24F
:10EAF00011F8023C9A4206D111F8011CB1EB102F1B
:10EB000001D1012030BD002030BD0000F8010020FF
:10EB100030B50C4605000CD0022C0AD9FF22611E2C
:10EB2000FDF726F8291911F8011C814201D10120B5
:10EB300030BD002030BD00001CB537480168374AA1
:10EB4000914207D1502080F31188BFF34F8FBFF35C
:10EB50006F8FFEE700683149491E884207D1502077
:10EB600080F31188BFF34F8FBFF36F8FFEE72C49FF
:10EB700008780190FF20087008788DF800009DF853
:10EB800000009DF8002000F0F000904207D05020D7
:10EB900080F31188BFF34F8FBFF36F8FFEE79DF8AF
:10EBA0000000204B00F0500018700720986005E02E
:10EBB0009DF8002052008DF80020401E9DF8002096
:10EBC0001206F5D49860032807D0502080F31188EE
:10EBD000BFF34F8FBFF36F8FFEE74FF44070986025
:10EBE000019808700C482030016841F47001016000
:10EBF000016841F070410160FFF7BCFD00205860E2
:10EC0000F1F756FB0848016841F040410160F1F717
:10EC10003BFB00201CBD000000ED00E071C20F4175
:10EC200000E400E09800002034EF00E010B5502030
:10EC300080F31188BFF34F8FBFF36F8F00F020FB7D
:10EC400018B104494FF080500860002080F311880B
:10EC500010BD000004ED00E038B5049D18B153B1BB
:10EC6000CAB181B120E0502080F31188BFF34F8FEB
:10EC7000BFF36F8FFEE7502080F31188BFF34F8FF3
:10EC8000BFF36F8FFEE7502080F31188BFF34F8FE3
:10EC9000BFF36F8FFEE739B1502080F31188BFF3C7
:10ECA0004F8FBFF36F8FFEE748241C46012384F883
:10ECB00046302B460094FEF71BFD204638BD000071
:10ECC00070B50D46040025D0FFF7F2FCD4E90F2003
:10ECD000216802FB001161600021A1632168A1602D
:10ECE0000A46D4E90F01401E00FB0121E1602146E4
:10ECF0004FF0FF3001F8440F487004F110008DB15F
:10ED0000FFF7A4FC04F12400FFF7A0FCFFF7F0FCE0
:10ED1000012070BD502080F31188BFF34F8FBFF3E7
:10ED20006F8FFEE721690029F0D000F059FB002821
:10ED3000ECD004494FF080500860BFF34F8FBFF311
:10ED40006F8FE3E704ED00E02DE9FF4782B01D4639
:10ED50008A464FF00008040003D0BAF1000F08D033
:10ED600011E0502080F31188BFF34F8FBFF36F8FF6
:10ED7000FEE7206C38B1502080F31188BFF34F8F2D
:10ED8000BFF36F8FFEE7022D0AD1E06B012807D099
:10ED9000502080F31188BFF34F8FBFF36F8FFEE7D2
:10EDA00000F05AFA3F4F4FF000094FF0805648B933
:10EDB000049838B1502080F31188BFF34F8FBFF310
:10EDC0006F8FFEE7FFF774FCA06BE16B884207D3FF
:10EDD000022D05D00498D0B1B8F1000F1AD01EE072
:10EDE0002A4651462046FEF7DCFB616A19B104F160
:10EDF000240000F0F5FA20B13E60BFF34F8FBFF35F
:10EE00006F8FFFF775FC012006B0BDE8F087FFF7B4
:10EE10006FFC22E06846FFF745FD4FF00108FFF761
:10EE200067FCFFF721FEFFF743FC94F94400401C08
:10EE300001D184F8449094F94500401C01D184F834
:10EE40004590FFF755FC04A9684600F027F930B15A
:10EE50002046FEF765FE00F0FDFA0020D4E7FFF73C
:10EE600027FCA06BE16B884213D1FFF741FC04F152
:10EE700010000499FFF780FD2046FEF751FE00F0D8
:10EE8000E9FA00289ED13E60BFF34F8FBFF36F8F2A
:10EE900098E7FFF72DFC2046FEF742FE00F0DAFA75
:10EEA00090E7000004ED00E02DE9F0471F46904692
:10EEB0008946040003D0B9F1000F08D011E05020BA
:10EEC00080F31188BFF34F8FBFF36F8FFEE7206C85
:10EED00038B1502080F31188BFF34F8FBFF36F8F8D
:10EEE000FEE7022F0AD1E06B012807D0502080F303
:10EEF0001188BFF34F8FBFF36F8FFEE7FFF74CFC16
:10EF00005020EFF3118680F31188BFF34F8FBFF3CA
:10EF10006F8FA06BE16B884206D3022F04D00020D4
:10EF200086F31188BDE8F08794F945503A46494682
:10EF30002046FEF736FB681C04D06D1C84F8455053
:10EF40000120EDE7606A0028FAD004F1240000F007
:10EF500047FA0028F4D0B8F1000FF1D00121C8F829
:10EF60000010EDE72DE9F747002683B08A4604003C
:10EF700003D0BAF1000F08D011E0502080F31188BF
:10EF8000BFF34F8FBFF36F8FFEE7206C38B1502077
:10EF900080F31188BFF34F8FBFF36F8FFEE700F050
:10EFA0005BF9DFF8F4804FF000094FF0805748B963
:10EFB000059838B1502080F31188BFF34F8FBFF30D
:10EFC0006F8FFEE7FFF774FBA56BC5B15146204676
:10EFD000FEF7D4FA6D1EA563206950B104F110004C
:10EFE00000F0FEF928B1C8F80070BFF34F8FBFF3EF
:10EFF0006F8FFFF77DFB012006B0BDE8F087059815
:10F0000008B11EB106E0FFF773FB27E06846FFF783
:10F0100049FC0126FFF76CFBFFF726FDFFF748FBD5
:10F0200094F94400401C01D184F8449094F94500BF
:10F03000401C01D184F84590FFF75AFB05A96846AA
:10F0400000F02CF8002820460AD0FEF769FD00F0F9
:10F0500001FA2046FEF7EAFB0028B3D00020CBE7F8
:10F06000FEF7E4FB90B104F124000599FFF784FC5E
:10F070002046FEF755FD00F0EDF90028A2D1C8F8B2
:10F080000070BFF34F8FBFF36F8F9BE72046FEF7F3
:10F0900047FD00F0DFF995E704ED00E02DE9F041D0
:10F0A0000C4605000FD0B4B1FFF702FB1C4B5A69A8
:10F0B0006E681868911B002790F8520098B1186884
:10F0C00080F852701AE0502080F31188BFF34F8F00
:10F0D000BFF36F8FFEE7502080F31188BFF34F8F8F
:10F0E000BFF36F8FFEE72068B0F1FF3F08D0D5F87F
:10F0F00000C09B6A9C4509D0964207D8012400E0D5
:10F100000024FFF7F5FA2046BDE8F081884205D9D2
:10F11000401A20602846FFF7C5FBF1E72760EDE7BE
:10F12000300000202DE9FF5F8346DDE90E87994618
:10F1300016468A469000FEF729FD05001CD0542093
:10F14000FEF724FD040014D00020256384F851004C
:10F15000CDE90240CDE900874B463246514658463C
:10F16000FEF7D1FA2046FEF775F9012004B0BDE89C
:10F17000F09F2846FFF7D0FA4FF0FF30F6E7F0B5E2
:10F1800085B0DDE90B640A9DA6B1DCB15427009778
:10F190002663022684F85160002604AFCDE90246BA
:10F1A000CDE90057FEF7AFFA2046FEF753F9049871
:10F1B00005B0F0BD502080F31188BFF34F8FBFF32F
:10F1C0006F8FFEE7502080F31188BFF34F8FBFF39E
:10F1D0006F8FFEE72DE9F04107460725F1F7B1F9FA
:10F1E000102807D3502080F31188BFF34F8FBFF34F
:10F1F0006F8FFEE7FFF738FC154E6D1E05EB85009F
:10F2000006EB80003946FEF703FC04001BD1002DFD
:10F21000F3D1104D39466868FEF7FAFB040012D1AD
:10F220003946A868FEF7F4FB04000CD108483946BB
:10F23000DC30FEF7EDFB040005D105483946C83047
:10F24000FEF7E6FB044600F005F92046BDE8F08134
:10F250004C0F0020300000200548C16919B1806BB7
:10F2600018B100207047012070470220704700004D
:10F270003000002001484069704700003000002045
:10F280002DE9F0412E4C0027A06B40B1206A401CB4
:10F290002062606A00B101273846BDE8F0816669E6
:10F2A000761C666113D16068006838B1502080F325
:10F2B0001188BFF34F8FBFF36F8FFEE76068A168BF
:10F2C0006160A060A06A401CA062FEF77DFB206B1D
:10F2D000DFF87080864209D36068006880B160689A
:10F2E000C068C568686886420DD220632068C06A1D
:10F2F00000EB800158F821000128CAD90127C8E78E
:10F300004FF0FF30F1E7281DFFF766F9A86A18B142
:10F3100005F11800FFF760F9E86A0121A269814050
:10F320001143A16100EB800108EB8100291DFFF76B
:10F33000B3F9E86A2168C96A8842CDD30127CBE7CF
:10F34000300000204C0F002070B504004FF0000189
:10F3500040D0214D2868844207D0502080F3118886
:10F36000BFF34F8FBFF36F8FFEE7A06C38B1401E25
:10F37000A064636CE26A9A422CD040B12AE050202B
:10F3800080F31188BFF34F8FBFF36F8FFEE7201D0F
:10F39000FFF722F9114A012150B9E06A00EB80031E
:10F3A00052F8233023B9AB6901FA00F08343AB6113
:10F3B000606CE062C0F10700A061E06AAB69814067
:10F3C0001943A96100EB800002EB8000211DFFF7CB
:10F3D00063F90121084670BD300000204C0F002069
:10F3E0002DE9F041C068C468ACB104F118000746CB
:10F3F000FFF7F2F8154DA86B0126A0B13946144865
:10F40000FFF74AF9E06A2968C96A88421CD90120D5
:10F410006E62BDE8F081502080F31188BFF34F8FFA
:10F42000BFF36F8FFEE7201DFFF7D6F8E16AAA69E8
:10F4300006FA01F01043A86101EB81000449B439D8
:10F4400001EB8000211DDBE70020E2E73000002017
:10F45000001000202DE9F0472C4D00242746A86B12
:10F4600038B1FFF725F9A86B401EA863A86B40B11F
:10F4700046E0502080F31188BFF34F8FBFF36F8FAA
:10F48000FEE72969224E0120D1B3A6F1B4098046D6
:10F490003068E8B1F068C46804F11800FFF79CF820
:10F4A000201DFFF799F8E06AAA6908FA00F11143F4
:10F4B000A96100EB800109EB8100211DFFF7ECF849
:10F4C000E06A2968C96A8842E2D3C5F82480DFE788
:10F4D0000CB1FEF779FA2C6A44B14646FFF7D0FE2C
:10F4E00000B16E62641EF9D100202862686A38B1EA
:10F4F0000849012738070860BFF34F8FBFF36F8FAC
:10F50000FFF7F6F83846BDE8F0870000300000202D
:10F510000010002004ED00E010B586B0FEF702F800
:10F52000114CA068B8B100200390049005AA04A96A
:10F5300003A8FFF77FF8DDE9032102208DE807002B
:10F5400000230AA10B48059AFFF719FEE06010B1ED
:10F5500006B0012010BD502080F31188BFF34F8FFB
:10F56000BFF36F8FFEE700006C000020546D722027
:10F5700053766300FDDA00082DE9FF411E4613466D
:10F5800002000A9D4FF0000016D0144CA768002F0F
:10F590000FD0CDE900130292062917DAFFF75CFEBF
:10F5A00002284FF000030FD000226946A068FFF741
:10F5B000CBFB04B0BDE8F081502080F31188BFF38D
:10F5C0004F8FBFF36F8FFEE72A46EEE700233246E8
:10F5D00069463846FFF768FCEBE700006C00002046
:10F5E00081F00041704780F00040704721F00041F9
:10F5F000704720F00040704721F00042A2F16052B5
:10F60000B2F5801F01F0004328BFD2F17E6C51D9C2
:10F61000F1EE10CA1CF4400F14D15FEAC00C43EAAB
:10F62000C20202EB507008BF70475FEA4C0C40F119
:10F630000000DFF880C241F0598228BF20F00100AD
:10F6400001F054BAC30001F0004343EAC20202EBE6
:10F65000507008BF70471B4248BF4FEA4C0C1CF467
:10F66000000F08BF401CDFF84CC201F03FBAC300D6
:10F6700001F0004343EAC20202EB507204BF10469D
:10F6800070471B4248BF4FEA4C0C1CF4000FDFF8D8
:10F6900024C218BF104641F0298208BF521C12F440
:10F6A000000F08BF104601F0218221F0004201F056
:10F6B000004330E050EA410C04BF084670475FEA5F
:10F6C000125CBCF1FE0F1ED1F1EE10CA1CF4400F0B
:10F6D000CDD15FEAC00C9BD05FEA001C4FEAC20CA0
:10F6E0004CEB507C04BFC2002CEAD27C1CF4000F0F
:10F6F00004BF4CEA0300DFF8BCC101F0F78121F040
:10F700000042A2F16052B2F5801F4FEA410C2ADBA1
:10F710001CF5001F16D2F1EE10CA1CF4806F06D043
:10F720002CF0005C4CF0805CA1F140612AE04FF0CD
:10F730007F40DFF884C143EA500001F0D7B90846A2
:10F7400001F085BB70B500F0A9FD00BF000000B955
:10F7500088000004FFF7F3BF21F0704243EA5070C5
:10F7600040EAC2007047F1EE10CA2CF0805C4CF009
:10F77000005C1CF4006F25D04B00B3F5001F51D383
:10F7800001F140611CF4400F40F07E800CF0405CC1
:10F79000C3004CF0880C11D05CF0404C10F0805F3E
:10F7A0000CD0034610F1005041F10001020108BFE6
:10F7B00020F00050834218BF2CF0004C00F0604055
:10F7C00001F0CCBC1CF4400F1AD01B4248BF4FEADA
:10F7D0004C0C1CF4000F13D112F1406248BF22F010
:10F7E0007F424FEAC00CBCF1010F43EAC20242EB78
:10F7F00050704FF0880228BF42F0804201F02CBBCD
:10F8000012F1406248BF22F07F425FEAC00C43EA37
:10F81000C20242EA50704FF0880218BF42F04042E4
:10F8200001F01ABB01F0004321F00041094214D05D
:10F83000B1FA81FCACF10B0CCCF1200201FA0CF115
:10F8400020FA02F241EA02014FEA0C5200FA0CF0EF
:10F85000A1EB020181EA03010FE0B0FA80F200FAA5
:10F8600002F002F115024FEAD0214FEA0252A1EB59
:10F8700002014FEA405081EA0301F1EE10CA2CF078
:10F88000805C4CF0005C7BE762460CF0405CC3009F
:10F890004CF0880C92D05CF0404C094248BF5200BA
:10F8A00012F4000F8AD110F1005041F100012CF048
:10F8B000004C83D1880000408800001010B5DFF8AC
:10F8C00040E211F5801C13F580141EEA4C0F18BF9E
:10F8D0001EEA440F00F0C88091EA030F48BF83F08E
:10F8E000004300F10C87841A71EB030C05D2121946
:10F8F00043EB0C03001B61EB0C014FEA1154A4EB2A
:10F90000135C23EA6E0321EA045143F48013DCF113
:10F91000200E53D322FA0CFE10EB0E0023FA0CFE3D
:10F9200041EB0E01CCF1200E03FA0EFE10EB0E009F
:10F9300051F10001B1F5801FCCF1200E53D201EB43
:10F94000045112FA0EF2BDE8104008BF7047F1EE04
:10F9500010CA1CF4400F1ED14FF0110C92F0000F92
:10F960004CF0804C41F1C280401C38BF5FEA42023B
:10F9700041F0BC80002814BF20F0010041F10001DB
:10F980004FEA410313F5001F24BF4CF0805CA1F146
:10F99000C04101F0ABB811F0004F54BF1CF4000F90
:10F9A0001CF4800F4FF0110C4CF0804C41F09E8005
:10F9B000401CC1F09B8041F10001E1E7012A43EBCB
:10F9C0000302ACF1200CDCF11F0E32BF4FF0000E31
:10F9D00023FA0CF310EB030041EB0451B4EB115F7D
:10F9E000AFD0A1EB045101F5801149085FEA300066
:10F9F00002FA0EF242EA420201EB04515FEA3202DD
:10FA000013D0BDE81040F1EE10CA1CF4400F1AD11B
:10FA10004FF0110C92F0000F4CF0804CB0D5401C10
:10FA200038BF5FEA4202ABD1A4E7BDE810404FEA1D
:10FA3000410313F5001F38BF7047DFF8C8C0A1F1BC
:10FA4000C04101F053B811F0004F54BF1CF4000F37
:10FA50001CF4800F4FF0110C4CF0804C90D1401CE6
:10FA60008ED341F100018BE74EF4001E3EEA4104C3
:10FA700018BF3EEA430439D091EA030F48BF83F030
:10FA8000004300F13787841A71EB030C05D2121979
:10FA900043EB0C03001B61EB0C0152EA430E4FEAEF
:10FAA0001154A4EB135C13D05FEA445E21EA0451C5
:10FAB0001CBF23F00043ACF1010C7FF428AFBDE87C
:10FAC00010404FF0110C801841EB030100F0F9BE1B
:10FAD0005FEA445EBDE8104018BF704750EA410C31
:10FAE00008BF70474FF0110C00F0EBBEBDE81040AE
:10FAF00070B500F0D3FB00BF64FBBE3E11000004F4
:10FB00000000C0FF1100001011F4002F08BF4CF4DA
:10FB1000804C00F0EB870CF04F02482A41F03A820B
:10FB200000F0E4BF491058BFC1F140415B1058BF1D
:10FB3000C3F140438B42EFF3008070472DE9C04191
:10FB400030B4DFF864C33CEA111418BF3CEA131464
:10FB500000F04B8181EA03051CEA111444EAD574D4
:10FB600018BF1CEA131500F01D81A4EB05044FF02B
:10FB7000004545EAC12145EAC32341EA505143EA21
:10FB8000525304F17F74994204F500344FEAC020C7
:10FB90004FEAC22208BF904200F0D0804FEA1365BE
:10FBA0000FF20426765D4FEA134506FB05F7C7F111
:10FBB000807706FB07F74FEAD737A7FB0368764243
:10FBC000C8F58038A7FB06CE38BFA8F1010807FBAF
:10FBD00008E64FF0000EA6FB028CE6FB03CEDCF13C
:10FBE000000CCEF1004E38BFAEF1010EA6FB0C5852
:10FBF0004FF000074FF00005E6FB0E87A1FB08C69B
:10FC0000A0FB07CE16EB0E0645F10005E1FB0765EC
:10FC100015F1E04E7EBFA4F580345FEA46066D41E3
:10FC200016F18007F1EE10CA45F100054FEA1727DB
:10FC300047EA05671CF4400F4FEA152536D14FEA15
:10FC40004666A6F15E46B6F1085F2FD9B4F1FE6FA5
:10FC50002CD8384624F0010C05EBC471BCF1FE6FC2
:10FC600001EB0C11DFF844C202D8F0BCBDE8004142
:10FC700040F23C8724425CBF01F5801E9EEAC47FAF
:10FC800002D4F0BCBDE8004140F13087244277D473
:10FC9000DFF81CC256EA080EA1F1C04118BF4CF0B3
:10FCA000804CF0BCBDE8004100F020BF4FEAD222FA
:10FCB00042EA43524FEAD323A7FB02864FEAD02001
:10FCC00040EA415007FB03661EEA0E0F4FEAD121BE
:10FCD00005FB026658BFA6EB0056B6EB00564FEA8E
:10FCE000520E4EEAC37E18EB0E0E56EB530E05D5A0
:10FCF00018EB02085E417F1C55F1000556EA080E1C
:10FD000024D01CF4400FA4D014F0010F18BF4FEA08
:10FD10004C0C1CF4000F08D036429AD4B8EB020801
:10FD20009E417F1E75F1000593E7364291D518EB91
:10FD300002085E417F1C55F100058AE74FF48015EB
:10FD40004FF000074FF000064FF0000824F0010CC0
:10FD5000384605EBC471BCF1FE6F01EB0C1102D803
:10FD6000F0BCBDE800811CEA0C0F5CBF01F5801EF1
:10FD70009EEAC47F02D4F0BCBDE80081244287D54E
:10FD800056EA080C01F1C0411CBF06F0004C4CF0D3
:10FD9000804C4CF0005CF0BC4CF0140CBDE8004111
:10FDA00000F0E6BD50EA410E0CEA13150BD052EA02
:10FDB000430E13D000F0F3FA641B86EA46062404CF
:10FDC00044EAD674D3E652EA430E00F02680F0BC33
:10FDD00081EA030101F00041BDE80081F0BCBDE80B
:10FDE0000041DFF8D0C000F081BEF0BCBDE80041AA
:10FDF00070B500F053FA00BF097EFC3E1400000409
:10FE000000F007B881EA03014FF0000001F0004163
:10FE1000704781EA030100F0FABAF0BCBDE8004186
:10FE20005FF828C000F062BEFFFDFBF9F7F5F4F2C1
:10FE3000F0EEEDEBE9E8E6E4E3E1E0DEDDDBDAD885
:10FE4000D7D5D4D3D1D0CFCDCCCBCAC8C7C6C5C4E3
:10FE5000C2C1C0BFBEBDBCBBBAB9B8B7B6B5B4B3FA
:10FE6000B2B1B0AFAEADACABAAA9A8A8A7A6A5A4E5
:10FE7000A3A3A2A1A09F9F9E9D9C9C9B9A999998A9
:10FE80009797969595949393929191908F8F8E8E4C
:10FE90008D8C8C8B8B8A89898888878786858584D9
:10FEA00084838382828181800000FF0714000040E8
:10FEB000140000101400000851EA030C11D41CF5C2
:10FEC000801F00F10680994218BF704708BF90421A
:10FED000704711F5801F58BF13F5801F18D4994241
:10FEE00070471CF5801F09D550EA410C0EBF52EA3D
:10FEF000430C8B42704708BF824270474FF4001C8E
:10FF00001CEB410F38BF1CEB430F01D28B427047F3
:10FF100070B500F0C3F900BF9224493819001204EB
:10FF20004FF000514FF08053FFF7FCBD4FEA410303
:10FF300080B54FEA5353A3F58063D3F11E03C8BFC6
:10FF4000D3F1210C1FDD4FF0004242EAC12242EA08
:10FF5000505232FA03FC62FA03F787EA0C0757EAB9
:10FF6000C0270BD032FA03FC8CEAE17CACEBE170E9
:10FF7000BDE88040DFF874C000F0B8BD8CEAE17CD9
:10FF8000ACEBE17080BD50EA410C00D180BD102B7C
:10FF900007DD4FF00000BDE88040DFF850C000F002
:10FFA000A5BD03F5787CBCF1FF3F14D0002B02BF48
:10FFB0007FEA210C5FEA013C5FEA505C05D1002832
:10FFC0004FF00040D4D100D180BDBDE88040DFF8C3
:10FFD00020C000F08BBDBDE8804070B500F05EF938
:10FFE000000000BFC800030480B5DFE7C80002407E
:10FFF000C800020410F0004248BF4042B0FA80F34B
:020000040801F1
:1000000010FA03F10AD0C3F11D0303F580634FEA30
:10001000415002EB035202EBD12170474FF0000038
:100020007047B1FA81F201FA02F1C2F11D024FEA02
:10003000415003EB025303EBD1217047B0FA80F338
:1000400010FA03F10AD0C3F11D0303F580634FEAF0
:1000500041504FEA035202EBD12170474FF00000AC
:100060007047000051EA030C11D41CF5801F00F109
:100070000680994218BF704708BF9042704711F53B
:10008000801F58BF13F5801F18D4994270471CF584
:10009000801F09D550EA410C0EBF52EA430C8B4237
:1000A000704708BF824270474FF4001C1CEB410FA1
:1000B00038BF1CEB430F01D28B42704770B500F084
:1000C000EDF800BF0000003F19001604FFF72ABD3D
:1000D0004FF000514FF08053FFF724BDDFF8B4C15B
:1000E00070B51CEA111E1EBF1CEA13159EEA0C0F08
:1000F00095EA0C0F00F0948081EA030421EA4C1188
:100100004EEAD47E23EA4C13AE4441F4801143F40A
:100110008013A1FB024CA0FB0365AEF17F7E361974
:1001200055EB0C05A1FB034C4CF10003A0FB021C9A
:1001300016EB0C06654153F10003094218BF46F067
:10014000010613F4007F0BD14FEA03314FEA05306B
:10015000340341EA155140EA16506FF003020AE0F9
:100160004FEAC3214FEAC520F40241EA555140EA63
:1001700056506FF00202264602EB2E4201EB02556A
:1001800085EACE7127D0F1EE10CA05461CF4400C6A
:1001900014D15FEA440C18BF24F0004450F1000071
:1001A00041F1000120EAD47040F2FD7C624517D293
:1001B000BDE87040DFF8E0C000F098BC5FEACE74A4
:1001C00054BF1CF4000F1CF4800F08BF10F1010095
:1001D00041F10001E8E740F2FE7C624504D270BDC7
:1001E00008BF11F4801FE3D0A84214BF4FF0804431
:1001F0004FF04044002E08BF0024BEF1806FD8BFEE
:1002000001F1C041A8BFA1F1C04144F0130CA8BF47
:100210004CF0805CBDE8704040F3AA8300F066BCFF
:100220009EEA0C0F0CEA131518BF95EA0C0F19D0B3
:1002300091EA030F48BF4EF0010E50EA410418BF87
:1002400052EA430409D000F0AAF8641986EA460687
:100250004FEA044E4EEAD67E5BE74FEACE714FF08E
:10026000000070BD00F01AF88900013E1300000480
:1002700000F005B800F007B852EA430C06D081EA56
:10028000030100F0C4B850EA410CF8D15FF824C073
:1002900000F02CBC0000FF07130000400EF1020E1E
:1002A0002EF0030E01285EF8086B41EB010414F5F3
:1002B000001418BFB4F5801F23D3364208D4012A96
:1002C00043EB030515F5001518BFB5F5801F18D3CE
:1002D00001EB010C1CF5801F16D2364204D403EB4F
:1002E000030C1CF5801F0FD2002C10D14FEAD17CDB
:1002F000002D0CEB4C0C0CF1020C08BF4CEBD37C2A
:1003000007E04FF0090C04E04FF0080C01E04FEA61
:10031000D37C0CEB4C0526FA05F606F00706B6F181
:10032000040C06D20EEB860CBDE870404CF0010CBC
:100330006047DFE80CF0222413025EF804CC1B2D8A
:1003400008D1002C88BFB4F5801F34BF4CF4804C1A
:100350004CF4004CBDE8704000F0C8BB002C88BFD6
:10036000B4F5001F24BF1946104670BD4FF00000C1
:100370004FF00041A1F5002170BD1946104601283B
:1003800051EB010418BFD4F5001484BF5EF804CC0F
:100390002CF0806CBDE8704000F28783704780B518
:1003A0004FF003065C004FEA03334FEA3606640D54
:1003B0004FEA133318BF43F480131CD153EA125E83
:1003C00004F1010402BF13460022203C1B4202BF7D
:1003D000130B1205143CB3FA83FEAEF10B0ECEF1F3
:1003E000200C03FA0EF322FA0CFC02FA0EF2A4EB34
:1003F0000E0443EA0C030FB416F0010F0CBC03BC4F
:1004000018BF2546CED180BD80B50126F3E7080888
:10041000A0F500114FEA3101704753EA010C11D4E5
:100420001CF5801F00F106808B4218BF704708BF83
:100430008242704713F5801F58BF11F5801F18D4F2
:100440008B4270471CF5801F09D552EA430C0EBF42
:1004500050EA410C9942704708BF904270474FF4F0
:10046000001C1CEB430F38BF1CEB410F01D299421B
:1004700070470FB40CBC03BCFFF720BE10B5DFF80B
:1004800048E011F5801C13F580141EEA4C0F18BFCC
:100490001EEA440F09D091EA030F81F000413FF5B5
:1004A00022AA83F0004300F02AB981EA030180EA1E
:1004B000020083EA010382EA000281EA030180EA82
:1004C000020000F008BA00BF0000C0FF2DE9F041B3
:1004D00001F5801CBCF5001FC0F2DC804FEA115C06
:1004E00021EA0C5141F480110CF1FD0C5FEA5C0C27
:1004F0000CF5C07C01D34000494135A4890241EA92
:10050000905187028E0E0A0CA45D04FB04F602FBD8
:1005100006F6C6F14046A4FB0662F60D46EA422600
:1005200006FB06F4A4FB01235242C3F1404338BF4B
:100530005B1EA6FB02420024E6FB0324D20B42EA28
:100540004446A6FB0623A1FB02E2A3FB07E4E3FB70
:1005500061426442C2F1404E38BFAEF1010EA6FBCB
:1005600004234FF00002E6FB0E32A2FB03463400E8
:10057000E2FB6264A1FB06E6A4FB07E8E4FB61681A
:100580007642C8F1405838BFA8F10108A2FB06E442
:10059000A3FB08E5E2FB6854A1FB05E6A7FB04E822
:1005A000E1FB648618F12005F1EE104A56F10006D1
:1005B000A809B10914F4400F40EA866028D1A8F1D7
:1005C0001B0808F01F08B8F10A0F21D9BDE8F04157
:1005D00001EB0C514FF0170C4CF0804C00F086BA38
:1005E000FCF5EEE8E2DDD8D3CFCBC7C3C0BDB9B6CA
:1005F000B4B1AEACA9A7A5A3A19F9D9B9A989695CF
:100600009392908F8D8C8B89888786858483828155
:10061000A0FB006800FB01F208EB4208B8EB87285A
:1006200058EA060215D014F4400F16D118EA080F44
:1006300007D5341858EB0104C8D5401C51F100010E
:10064000C4E7341A78EB0104C0D4401E71F10001F4
:10065000BCE701EB0C51BDE8F08114F4000F0CD1A4
:1006600018EA080FB2D5361858EB0108401C51F1B2
:100670000001361858EB0108F2E718EA080FA5D474
:10068000361A78EB0108401E71F10001361A78EB3A
:100690000108F2E75FEA4C0C5FEA9C5C14D10AD3D4
:1006A00050EA013C01D1BDE8F08109420CD4FFF7CA
:1006B000ABFEA44618E7BDE8F04170B5FFF7EEFDCC
:1006C0006DDBFFBE17000004BDE8F0415FF80CC011
:1006D00000F00CBA10B5DFF894E211F5801C13F5A8
:1006E00080141EEA4C0F18BF1EEA440F00F0F3807E
:1006F00091EA030F48BF83F000433FF5F4A8841A42
:1007000071EB030C07D212198CF0004C43EB0C0375
:10071000001B61EB0C0152424FEA1154A4EB135C35
:1007200023EAAE0321EA0451C3EBAE0338BF5B1EDC
:10073000DCF1200E48D322FA0CFE10EB0E0043FA37
:100740000CFE41EB0E01CCF1200E03FA0EFE10EB75
:100750000E0051F10001CCF1200E4CD412FA0EF231
:1007600001EB0451BDE8104008BF7047F1EE10CA1C
:100770001CF4400F14D14FF0120C92F0000F4CF00B
:10078000804C40F1B381401C18BFB2F1004F40F0E3
:10079000AD8100280CBF491C20F0010000F0A6B973
:1007A00011F0004F54BF1CF4000F1CF4800F4FF0E9
:1007B000120C4CF0804C40F09981401C40F0968126
:1007C00041F1000100F092B912EB020E43EB03027B
:1007D00018BF4FF0010E4EEA4202ACF1200CDCF1E2
:1007E0001E0E4BD943FA0CFE10EB0E0051F1FF31F7
:1007F000CCF11E0EB2D50EF1010E12FA0EFE4041E2
:1008000041EB010101EB445C5FEA5C5C06D95FEA05
:100810000E0201EB0451BDE81040A5E73BD24FEAC0
:10082000D42C11F5001124F400641AD0B1FA81F22D
:100830000B3AA41AA41ED2F12003914030FA03F31C
:100840001943904001EBCC71002C01EB0451BDE841
:100850001040A8BF704701F1C0414FF0120C00F0EA
:1008600087B8B0FA80F310FA03F101D1BDE8104067
:1008700019D0E41A173C4805C90AE3E701EB045113
:10088000BDE81040401E61F100015FF0FF326BE7F0
:1008900001EB045110BD491001EB0451BDE81040BB
:1008A0004FEA30000BE0F1EE10CA4FF000010CF4FB
:1008B000400CBCF5000F08BF4FF0004170474FF0EF
:1008C000120C4A0008BF0042EDD0B2F5001F28BF4D
:1008D000704700F0EAB84EF4001E3EEA410418BF2B
:1008E0003EEA430434D091EA030F48BF83F000434B
:1008F0003FF5C9A8841A71EB030C07D212198CF0CA
:10090000004C43EB0C03001B61EB0C0152EA033E6D
:100910004FEA1154A4EB135C14D05FEA445E21EA61
:10092000045109D023F000435242ACF1010CC3F151
:10093000000338BF5B1EFBE6BDE81040801A61EB88
:100940000301BCE7BDE8104050EA410CB7D1AAE76B
:10095000BDE8104070B5FFF7A1FC00BF40DFF63ED8
:100960001100000483F00041104670470000C0FFF2
:10097000F1EE103A13F0807F1EBF01F0004100201D
:10098000704713F4006F40F0AA80094248BF4CF44E
:10099000803C4FF4C0634FEA115203F1010321EA96
:1009A000025122F400629A1A48BF6FF0FE0241F42D
:1009B0008011352A3CD830D0152A1ED3203A0CD9C4
:1009C0000028C2F1200321FA02F001FA03F218BF55
:1009D00042F001024FF0000130E0C2F1000302F1E9
:1009E000200201FA03F120FA02F241EA020100FAC0
:1009F00003F208464FF0000120E0C2F1200310B4DA
:100A000000FA03F401FA03F320FA02F021FA02F1EA
:100A1000224610BC43EA000010E050EA01324FF0D9
:100A200000004FF000014FF0004218BF521C05E0DB
:100A30004FF001024FF000014FF000001CF4803F26
:100A40002CF4803C18BF41F0004112421ED0F1EE60
:100A5000103A13F4400F20D1520003D30CD0401CA5
:100A600041F10001F1EE103A4CF0804C43F00803E4
:100A7000E1EE103A00F03AB85FEAAC72EFD4F1D18F
:100A8000401C41F1000120F00100EBE71CF0804F19
:100A900008BF70472CF0004CE4E7094254BF13F440
:100AA000000F13F4800FDDD1D9E7F1EE103A13F007
:100AB000807F1EBF01F000410020704713F4006FDB
:100AC00008BF70472DE9F050FFF79EFC04F5C064A5
:100AD000A4F10104314301EB0451BDE8F0504CF0A6
:100AE000005C4CF0800C00F039BB00001CF0700F73
:100AF00008BF0A460FB4F1EE101A0CF0405030EA6D
:100B0000814318BF4CF0804C4FEA4C0310EA814FF0
:100B10004FEAD36323EA112318BF23F0100341EAFD
:100B2000030101F0E073E1EE101A4CEA030C0CF043
:100B30000F030A2B1DBF082B0CF070034CEAC30CEB
:100B40004FF4003304BF33EA0C034CF4400C1CF0A8
:100B5000005F14D11CF0805F0BD11CF0804F31D1AD
:100B60001CF0006F12D111F4807F0FBC62D000F036
:100B7000F5BA11F4806F0FBC2BD000F0EFBA11F46E
:100B8000006F0FBC08BF704700F0E8BA11F4007F97
:100B90000FBC40F0E3821CF0400F1EBF4FF000403E
:100BA00040F0010070471CF0100F14BF81EA0302EF
:100BB00042400CF00F000A2808BF4FF0FF324FF000
:100BC000000326E011F4805F0FBC08BF704700F0FF
:100BD000C5BAF1EE103A2CF0805C1CF0800F14BF07
:100BE00001F0004200F0004212420CBF12EA336FE3
:100BF00012EAF35F0DD31CF0100F1DBF30A003C825
:100C00001143314808BF104313F4805F40F0A682BF
:100C100070471CF0100F02F000421DBF0FF294004D
:100C200003C81143254808BF104313F4805F40F008
:100C3000958270471CF0400F40F028801CF4404F14
:100C40001BD01CF4004F1CBF194610460CF48072D8
:100C500018BF8CEA520C1CF0800F0CBF40F48000CF
:100C600041F400218CEADC0313F0100F1CBF2CF0C0
:100C70000F0C4CF0080C00F08DB91CF0100F1ABFCF
:100C800012A393E80300134800F084B91CF0800F0E
:100C900014BF01F0004200F000421CF0100F1BBF17
:100CA0000AA393E803000B48114308BF104300F068
:100CB00071B900BF000000000000F07F0000807FDD
:100CC000FFFFFFFFFFFFEF7FFFFF7F7F00000000C0
:100CD0000000F87F0000C07F43004FEAD30C4FEACA
:100CE0003C0C43401FBF40070CF1605113F0FE4F16
:100CF00070471CF0006F14D133F0004004BF194658
:100D0000704783EA830383EA430303F0070343EA5C
:100D1000CC010CF0004303F15A5303F54013FFF7E5
:100D200080B90CF0004343EA507010B540EACC00A3
:100D300000F00FF8000000BA180000044FEA0001AC
:100D4000FFF765BB4FEAE0024FEA407042F0E04136
:100D500070470EF1020E2EF0030E4FEA40025EF8CD
:100D6000084B12F1807218BFB2F5000F22D3244253
:100D700007D44FEA410313F1807318BFB3F5000F96
:100D800018D34FEA400C1CF5000F16D2244204D4AD
:100D90004FEA410C1CF5000F0FD2002A10D14FEA88
:100DA000D07C002B0CEB4C0C0CF1020C08BF4CEB74
:100DB000D17C07E04FF0090C04E04FF0080C01E093
:100DC0004FEAD17C0CEB4C0324FA03F404F0070443
:100DD000B4F1040C06D20EEB840CBDE810404CF0CC
:100DE000010C6047DFE80CF01F2013025EF804CC12
:100DF0001B2B08D1002A88BFB2F5000F34BF4CF47A
:100E0000804C4CF4004CBDE81040FFF76FBE002A48
:100E100088BFB2F1807F28BF084610BD4FF0004068
:100E2000A0F5800010BD0846420018BFD2F18072C4
:100E300084BF5EF8042C22F08062BDE8104000F20E
:100E40008A8070474FF00000E1EE100A7047FF21E2
:100E500041EAD050C0057047F1EE101A11F0807FC2
:100E60001CBF00F00040704711F4006F40F08E800E
:100E700000F0004343EAD05323F48073C3F1C1036D
:100E800023F00041172941D8C3F1200310FA03F1E0
:100E9000C3F1200320F07F4040F4000020FA03F06B
:100EA00003F0004340EA030019D00B46F1EE101A9C
:100EB00041F00801E1EE101A11F4400F1CD1590065
:100EC00009D318BF401C06D17FEAE27398BF401CCB
:100ED00038BF20F0010042F0804CFFF707BE12F04F
:100EE000804F08BF7047F1EE101A944641F0080198
:100EF000E1EE101AFFF7FABD10F0004F14BF5FEAE1
:100F0000F1535FEA316338BF401CE4E7182903EB73
:100F1000912318BF6FF000410131F1EE101A41F03A
:100F20000801E1EE101A11F4400F18BF03F0004061
:100F3000E2D168BF03F0004009D6400203F0004050
:100F400000F1010004BF12F0004F20F001004FF04B
:100F5000804CFFF7CBBDF1EE101A11F0807F1CBF63
:100F600000F00040704711F4006F08BF704700F0B8
:100F7000004120F00040B0FA80F3A3F1080341F0F3
:100F8000C04100FA03F0A1EBC351084442F0005CF9
:100F900000F0E4B80CF00F03092B08BF082000F0A4
:100FA000EF800A2B32D0082B18BF704708BF1CF007
:100FB000400F31D01CF4803F23D11CF0200F11D101
:100FC0001CF0100F0BBF02460A466FF000406FF096
:100FD000004118BF4FF0FF3012F0004F1CBFC0435C
:100FE000C94370471CF0100F0CBF02460A4612F0AE
:100FF000004F4FF0FF304FF0FF311CBFC043C943DB
:1010000070474FF000004FF0000170471CF0400F98
:1010100018BF4FF0004070471CF0100F08D020F0B0
:10102000704300F07F4242EAD3014FEA43707047B9
:1010300000F0604021F07F4242EA000201F07F4070
:1010400040EA7270704700004FF0FF0C4CF4E06C07
:101050001CEA11531CBF9CEA030C9445C2BFDA4240
:1010600001EB02517047002B39D0BCF1000F68D062
:10107000A1EB035112F5646F0EDDB2F5646FB8BFDA
:10108000D218A2F500635B1C15DA002AC4BF41EA3E
:101090000251704712F5C062DFBF01F0004100202D
:1010A00041F0FE4141F47801C8BF41EA02514FF0DE
:1010B0001B0CFFF75DBCA2F5C062A2F500635B1CD0
:1010C000B1BF41EA025101F00041002041F0FE4170
:1010D000A8BF41F47801DFF880C0FFF707BD50EAF0
:1010E000013308BF70475FEA013C1BD0BCFA8CF3A8
:1010F00002B50CFA03FCC3F1140320FA03F14CEA25
:10110000010CBDE80240C3F114034FEA4C0C00FA95
:1011100003F001F0004141EA1C314FEA4000C3F105
:101120000003A7E7B0FA80FC0CF1140300FA0CF0FE
:1011300041EAD021C3F100034FEA405021F480116D
:1011400098E750EA01334FF09B0C18BF4CF0806CCD
:101150007EF4DAAC704700BF9B0000102DE9005010
:101160002DE90050EFF7EAFABDE80050BDE8005065
:101170000CF00F0393F0090F18BF7047AFF3008016
:101180001CF4801F24D01CF4E02F09D010F0080FAD
:1011900002D1D0F1020070476FEACC3149007047AC
:1011A0004FF0604111EA407028BF40F04050F1EE2E
:1011B000103A23F0704343EA0003E1EE103AEFF3F4
:1011C000008222F0704242EA000282F300887047F7
:1011D0001CEA004018BF0120704700004C240108A1
:1011E000A5E30008000000000000000080000000EF
:1011F00000000000000000002024010855C800087D
:1012000002000000000000000004000000000000D8
:10121000000000003824010831A50008010000008A
:1012200000000000000200000000000000000000BC
:101230002C2401083DB70008010000000000000058
:101240000004000000000000000000001824010855
:101250003DDF0008000000000000000080000000EA
:10126000000000000000000010240108FDCE00086E
:10127000FEFF000000000000000100000000000070
:101280000000000044240108254700080300000076
:10129000000000000004000000000000000000004A
:1012A00000061016000610160000000000000000E6
:1012B00001020304060708090000000001020304FC
:1012C00000606A4700000000000000000000D841F4
:1012D00000000000000000000000004100000000CD
:1012E0000000000000007A4600000000000000003E
:1012F00000606A46000000000050434700A08C4692
:101300000000000000504347CDCC4C3F00000000DF
:101310000000F0416666064000000000000000008A
:1013200000007A460000000000000000000070414C
:1013300000000000000000000000704100000000FC
:10134000000000000000C844CDCC4C3E000000006E
:10135000005EBCE2613FDD83C29C7E20A3FD1F4195
:101360009DC3217FFCA2401E5F01E3BD3E6082DC85
:10137000237D9FC1421CFEA0E1BF5D0380DE3C6275
:10138000BEE0025CDF81633D7C22C09E1D43A1FF65
:101390004618FAA427799BC584DA3866E5BB590755
:1013A000DB856739BAE406581947A5FB7826C49A45
:1013B000653BD987045AB8E6A7F91B45C6987A2435
:1013C000F8A6441A99C7257B3A6486D85B05E7B925
:1013D0008CD2306EEDB3510F4E10F2AC2F7193CD15
:1013E000114FADF3702ECC92D38D6F31B2EC0E5005
:1013F000AFF1134DCE90722C6D33D18F0C52B0EEF5
:10140000326C8ED0530DEFB1F0AE4C1291CF2D73E4
:10141000CA947628ABF517490856B4EA6937D58BD4
:101420005709EBB536688AD495CB2977F4AA4816C4
:10143000E9B7550B88D6346A2B7597C94A14F6A8B4
:10144000742AC896154BA9F7B6E80A54D7896B35A4
:101450000000891112239B322446AD573665BF74B4
:10146000488CC19D5AAFD3BE6CCAE5DB7EE9F7F864
:101470008110080193331A22A5562C47B7753E6494
:10148000C99C408DDBBF52AEEDDA64CBFFF976E844
:1014900002218B30100299132667AF763444BD5574
:1014A0004AADC3BC588ED19F6EEBE7FA7CC8F5D924
:1014B00083310A2091121803A7772E66B5543C4554
:1014C000CBBD42ACD99E508FEFFB66EAFDD874C904
:1014D00004428D5316619F702004A9153227BB3634
:1014E0004CCEC5DF5EEDD7FC6888E1997AABF3BAE4
:1014F00085520C4397711E60A1142805B3373A2614
:10150000CDDE44CFDFFD56ECE9986089FBBB72AAC3
:1015100006638F7214409D512225AB343006B917F3
:101520004EEFC7FE5CCCD5DD6AA9E3B8788AF19BA3
:1015300087730E6295501C41A3352A24B1163807D3
:10154000CFFF46EEDDDC54CDEBB962A8F99A708B83
:10155000088481951AA793B62CC2A5D33EE1B7F0B3
:101560004008C919522BDB3A644EED5F766DFF7C63
:10157000899400859BB712A6ADD224C3BFF136E093
:10158000C1184809D33B5A2AE55E6C4FF77D7E6C43
:101590000AA583B4188691972EE3A7F23CC0B5D173
:1015A0004229CB38500AD91B666FEF7E744CFD5D23
:1015B0008BB502A499961087AFF326E2BDD034C153
:1015C000C3394A28D11A580BE77F6E6EF55C7C4D03
:1015D0000CC685D71EE597F42880A1913AA3B3B233
:1015E000444ACD5B5669DF78600CE91D722FFB3EE3
:1015F0008DD604C79FF516E4A9902081BBB332A213
:10160000C55A4C4BD7795E68E11C680DF33F7A2EC2
:101610000EE787F61CC495D52AA1A3B03882B193F2
:10162000466BCF7A5448DD59622DEB3C700EF91FA2
:101630008FF706E69DD414C5ABB122A0B9923083D2
:10164000C77B4E6AD5585C49E33D6A2CF11E780F82
:10165000000000410000000000000000005EBCE24D
:10166000613FDD83C29C7E20A3FD1F419DC3217F7E
:10167000FCA2401E5F01E3BD3E6082DC237D9FC172
:10168000421CFEA0E1BF5D0380DE3C62BEE0025C66
:10169000DF81633D7C22C09E1D43A1FF4618FAA452
:1016A00027799BC584DA3866E5BB5907DB8567393E
:1016B000BAE406581947A5FB7826C49A653BD98732
:1016C000045AB8E6A7F91B45C6987A24F8A6441A26
:1016D00099C7257B3A6486D85B05E7B98CD2306E12
:1016E000EDB3510F4E10F2AC2F7193CD114FADF3FE
:1016F000702ECC92D38D6F31B2EC0E50AFF1134DF2
:10170000CE90722C6D33D18F0C52B0EE326C8ED0E5
:10171000530DEFB1F0AE4C1291CF2D73CA947628D1
:10172000ABF517490856B4EA6937D58B5709EBB5BD
:1017300036688AD495CB2977F4AA4816E9B7550BB1
:1017400088D6346A2B7597C94A14F6A8742AC896A5
:10175000154BA9F7B6E80A54D7896B3500008911F3
:1017600012239B322446AD573665BF74488CC19D09
:101770005AAFD3BE6CCAE5DB7EE9F7F881100801E9
:1017800093331A22A5562C47B7753E64C99C408DE9
:10179000DBBF52AEEDDA64CBFFF976E802218B3085
:1017A000100299132667AF763444BD554AADC3BCC9
:1017B000588ED19F6EEBE7FA7CC8F5D983310A20A9
:1017C00091121803A7772E66B5543C45CBBD42ACA9
:1017D000D99E508FEFFB66EAFDD874C904428D5341
:1017E00016619F702004A9153227BB364CCEC5DF89
:1017F0005EEDD7FC6888E1997AABF3BA85520C4369
:1018000097711E60A1142805B3373A26CDDE44CF68
:10181000DFFD56ECE9986089FBBB72AA06638F7204
:1018200014409D512225AB343006B9174EEFC7FE48
:101830005CCCD5DD6AA9E3B8788AF19B87730E6228
:1018400095501C41A3352A24B1163807CFFF46EE28
:10185000DDDC54CDEBB962A8F99A708B08848195D0
:101860001AA793B62CC2A5D33EE1B7F04008C91918
:10187000522BDB3A644EED5F766DFF7C89940085D8
:101880009BB712A6ADD224C3BFF136E0C1184809F8
:10189000D33B5A2AE55E6C4FF77D7E6C0AA583B474
:1018A000188691972EE3A7F23CC0B5D14229CB38D8
:1018B000500AD91B666FEF7E744CFD5D8BB502A498
:1018C00099961087AFF326E2BDD034C1C3394A28B8
:1018D000D11A580BE77F6E6EF55C7C4D0CC685D730
:1018E0001EE597F42880A1913AA3B3B2444ACD5B98
:1018F0005669DF78600CE91D722FFB3E8DD604C758
:101900009FF516E4A9902081BBB332A2C55A4C4B77
:10191000D7795E68E11C680DF33F7A2E0EE787F6F3
:101920001CC495D52AA1A3B03882B193466BCF7A57
:101930005448DD59622DEB3C700EF91F8FF706E617
:101940009DD414C5ABB122A0B9923083C77B4E6A37
:10195000D5585C49E33D6A2CF11E780F0B08014114
:10196000090242C0030A0B0440AC037D0401410399
:10197000057C00026D0D026D09020000CDCC4C3ECD
:10198000CDCC4C3ECDCC4C3E00000000920E493CEC
:10199000B10AC93C2BC3163D2EFB483D752B7B3D40
:1019A00004A9963D80B6AF3D36BDC83D2FBCE13D94
:1019B00073B2FA3D87CF093E8340163EB5AB223E57
:1019C000A2102F3ECF6E3B3EC2C5473E0115543E8E
:1019D000135C603E7F9A6C3ECCCF783EC07D823EE9
:1019E000938E883E229A8E3E32A0943E86A09A3EE6
:1019F000E59AA03E128FA63ED47CAC3EEF63B23E89
:101A00002A44B83E491DBE3E15EFC33E53B9C93EF8
:101A1000CA7BCF3E4136D53E80E8DA3E4F92E03E6B
:101A20007533E63EBBCBEB3EEA5AF13ECBE0F63EE9
:101A3000275DFC3EE4E7003F3D9C033F824B063FB1
:101A40009BF5083F6B9A0B3FDA390E3FCDD3103F21
:101A50002A68133FD9F6153FC07F183FC6021B3FC7
:101A6000D17F1D3FCBF61F3F9967223F25D2243FF0
:101A70005636273F1594293F4AEB2B3FDE3B2E3F3E
:101A8000BB85303FC9C8323FF304353F233A373F67
:101A90004268393F3B8F3B3FF9AE3D3F67C73F3F11
:101AA00070D8413F01E2433F03E4453F65DE473FD5
:101AB00012D1493FF8BB4B3F029F4D3F207A4F3F29
:101AC0003D4D513F4918533F31DB543FE595563F5B
:101AD0005348583F6AF2593F1A945B3F532D5D3F7C
:101AE00005BE5E3F2146603F97C5613F5A3C633F5C
:101AF00059AA643F880F663FD86B673F3CBF683F79
:101B0000A7096A3F0C4B6B3F5E836C3F93B26D3FFE
:101B10009ED86E3F73F56F3F0809713F5213723FB5
:101B20004714733FDD0B743F0BFA743FC6DE753FFD
:101B300007BA763FC58B773FF853783F9812793FC5
:101B40009DC7793F02737A3FBE147B3FCDAC7B3F8C
:101B5000283B7C3FC9BF7C3FAC3A7D3FCCAB7D3F4F
:101B600023137E3FB0707E3F6DC47E3F580E7F3F93
:101B70006D4E7F3FAB847F3F0FB17F3F97D37F3F59
:101B800043EC7F3F11FB7F3F0000803F11FB7F3F15
:101B900043EC7F3F97D37F3F0FB17F3FAB847F3FC5
:101BA0006D4E7F3F580E7F3F6DC47E3FB0707E3FCD
:101BB00023137E3FCCAB7D3FAC3A7D3FC9BF7C3F1A
:101BC000283B7C3FCDAC7B3FBE147B3F02737A3F0A
:101BD0009DC7793F9812793FF853783FC58B773F7F
:101BE00007BA763FC6DE753F0BFA743FDD0B743FD4
:101BF0004714733F5213723F0809713F73F56F3FEB
:101C00009ED86E3F93B26D3F5E836C3F0C4B6B3F33
:101C1000A7096A3F3CBF683FD86B673F880F663FA4
:101C200059AA643F5A3C633F97C5613F2146603FD4
:101C300005BE5E3F532D5D3F1A945B3F6AF2593FEC
:101C40005348583FE595563F31DB543F4918533FC1
:101C50003D4D513F207A4F3F029F4D3FF8BB4B3FD8
:101C600012D1493F65DE473F03E4453F01E2433F70
:101C700070D8413F67C73F3FF9AE3D3F3B8F3B3F89
:101C80004268393F233A373FF304353FC9C8323FF2
:101C9000BB85303FDE3B2E3F4AEB2B3F1594293F5F
:101CA0005636273F25D2243F9967223FCBF61F3F68
:101CB000D17F1D3FC6021B3FC07F183FD9F6153F9D
:101CC0002A68133FCDD3103FDA390E3F6B9A0B3F92
:101CD0009BF5083F824B063F3D9C033FE4E7003FF6
:101CE000275DFC3ECBE0F63EEA5AF13EBBCBEB3E35
:101CF0007533E63E4F92E03E80E8DA3E4136D53E0F
:101D0000CA7BCF3E53B9C93E15EFC33E491DBE3E07
:101D10002A44B83EEF63B23ED47CAC3E128FA63E5E
:101D2000E59AA03E86A09A3E32A0943E229A8E3E2C
:101D3000938E883EC07D823ECCCF783E7F9A6C3EAB
:101D4000135C603E0115543EC2C5473ECF6E3B3E1C
:101D5000A2102F3EB5AB223E8340163E87CF093EF0
:101D600073B2FA3D2FBCE13D36BDC83D80B6AF3DF4
:101D700004A9963D752B7B3D2EFB483D2BC3163D9C
:101D8000B10AC93C920E493C00000000920E49BCC9
:101D9000B10AC9BC2BC316BD2EFB48BD752B7BBD3C
:101DA00004A996BD80B6AFBD36BDC8BD2FBCE1BD90
:101DB00073B2FABD87CF09BE834016BEB5AB22BE53
:101DC000A2102FBECF6E3BBEC2C547BE011554BE8A
:101DD000135C60BE7F9A6CBECCCF78BEC07D82BEE5
:101DE000938E88BE229A8EBE32A094BE86A09ABEE2
:101DF000E59AA0BE128FA6BED47CACBEEF63B2BE85
:101E00002A44B8BE491DBEBE15EFC3BE53B9C9BEF4
:101E1000CA7BCFBE4136D5BE80E8DABE4F92E0BE67
:101E20007533E6BEBBCBEBBEEA5AF1BECBE0F6BEE5
:101E3000275DFCBEE4E700BF3D9C03BF824B06BFAD
:101E40009BF508BF6B9A0BBFDA390EBFCDD310BF1D
:101E50002A6813BFD9F615BFC07F18BFC6021BBFC3
:101E6000D17F1DBFCBF61FBF996722BF25D224BFEC
:101E7000563627BF159429BF4AEB2BBFDE3B2EBF3A
:101E8000BB8530BFC9C832BFF30435BF233A37BF63
:101E9000426839BF3B8F3BBFF9AE3DBF67C73FBF0D
:101EA00070D841BF01E243BF03E445BF65DE47BFD1
:101EB00012D149BFF8BB4BBF029F4DBF207A4FBF25
:101EC0003D4D51BF491853BF31DB54BFE59556BF57
:101ED000534858BF6AF259BF1A945BBF532D5DBF78
:101EE00005BE5EBF214660BF97C561BF5A3C63BF58
:101EF00059AA64BF880F66BFD86B67BF3CBF68BF75
:101F0000A7096ABF0C4B6BBF5E836CBF93B26DBFFA
:101F10009ED86EBF73F56FBF080971BF521372BFB1
:101F2000471473BFDD0B74BF0BFA74BFC6DE75BFF9
:101F300007BA76BFC58B77BFF85378BF981279BFC1
:101F40009DC779BF02737ABFBE147BBFCDAC7BBF88
:101F5000283B7CBFC9BF7CBFAC3A7DBFCCAB7DBF4B
:101F600023137EBFB0707EBF6DC47EBF580E7FBF8F
:101F70006D4E7FBFAB847FBF0FB17FBF97D37FBF55
:101F800043EC7FBF11FB7FBF000080BF11FB7FBF11
:101F900043EC7FBF97D37FBF0FB17FBFAB847FBFC1
:101FA0006D4E7FBF580E7FBF6DC47EBFB0707EBFC9
:101FB00023137EBFCCAB7DBFAC3A7DBFC9BF7CBF16
:101FC000283B7CBFCDAC7BBFBE147BBF02737ABF06
:101FD0009DC779BF981279BFF85378BFC58B77BF7B
:101FE00007BA76BFC6DE75BF0BFA74BFDD0B74BFD0
:101FF000471473BF521372BF080971BF73F56FBFE7
:102000009ED86EBF93B26DBF5E836CBF0C4B6BBF2F
:10201000A7096ABF3CBF68BFD86B67BF880F66BFA0
:1020200059AA64BF5A3C63BF97C561BF214660BFD0
:1020300005BE5EBF532D5DBF1A945BBF6AF259BFE8
:10204000534858BFE59556BF31DB54BF491853BFBD
:102050003D4D51BF207A4FBF029F4DBFF8BB4BBFD4
:1020600012D149BF65DE47BF03E445BF01E243BF6C
:1020700070D841BF67C73FBFF9AE3DBF3B8F3BBF85
:10208000426839BF233A37BFF30435BFC9C832BFEE
:10209000BB8530BFDE3B2EBF4AEB2BBF159429BF5B
:1020A000563627BF25D224BF996722BFCBF61FBF64
:1020B000D17F1DBFC6021BBFC07F18BFD9F615BF99
:1020C0002A6813BFCDD310BFDA390EBF6B9A0BBF8E
:1020D0009BF508BF824B06BF3D9C03BFE4E700BFF2
:1020E000275DFCBECBE0F6BEEA5AF1BEBBCBEBBE31
:1020F0007533E6BE4F92E0BE80E8DABE4136D5BE0B
:10210000CA7BCFBE53B9C9BE15EFC3BE491DBEBE03
:102110002A44B8BEEF63B2BED47CACBE128FA6BE5A
:10212000E59AA0BE86A09ABE32A094BE229A8EBE28
:10213000938E88BEC07D82BECCCF78BE7F9A6CBEA7
:10214000135C60BE011554BEC2C547BECF6E3BBE18
:10215000A2102FBEB5AB22BE834016BE87CF09BEEC
:1021600073B2FABD2FBCE1BD36BDC8BD80B6AFBDF0
:1021700004A996BD752B7BBD2EFB48BD2BC316BD98
:10218000B10AC9BC920E49BC0000008000000000EA
:102190004FBB610567ACDD3F182D4454FB21E93F7F
:1021A0009BF681D20B73EF3F182D4454FB21F93F6E
:1021B000E2652F227F2B7A3C075C143326A6813CF4
:1021C000BDCBF07A8807703C075C143326A6913C9F
:1021D000C4EB98999999C9BF711623FEC671BCBF0B
:1021E0006D9A74AFF2B0B3BF9AFDDE522DDEADBF73
:1021F0002F6C6A2C44B4A2BF0D5555555555D53F8B
:10220000FF8300922449C23F6E204CC5CD45B73FA5
:10221000513DD0A0660DB13FEB0D76244B7BA93F1D
:1022200011DA22E33AAD903F04FA97999999D93F90
:10223000AF788E1DC571CC3F9FC678D0099AC33F39
:10224000935555555555E53F599322942449D23F0E
:10225000DE03CB966446C73F44523EDF12F1C23FD5
:10226000000000000000F03F000000000000F83F08
:1022700000000000000000000000004003B8E23F42
:10228000000000000000000006D0CF43EBFD4C3EF4
:10229000033333333333E33FFFAB6FDBB66DDB3FE9
:1022A0004D268F515555D53F01411DA96074D13F31
:1022B00065DBC9934A86CD3FEF4E454A287ECA3F2B
:1022C0003E5555555555C53F93BDBE166CC166BFAD
:1022D0002CDE25AF6A56113FF16BD2C541BDBBBEA6
:1022E000D0A4BE726937663E4C5555555555A53F2D
:1022F0007751C1166CC156BF9015CB19A001FA3E9B
:10230000AD529C804F7E92BEC4B1B4BD9EEE213EC4
:10231000D43888BEE9FAA8BD000000000000000023
:1023200000004054FB21F93F3163621A61B4D03D93
:102330000000601A61B4D03D7370032E8A19A33B6C
:102340000000002E8A19A33BC14920259A837B39BE
:1023500000000000000000006E83F9A22915444E21
:10236000D15727FCC0DD34F5999562DB4190433CA1
:10237000AB6351FE61C5BBDE3A6E24B7E0D24D427D
:10238000EA2E49061C92D1091CEB1DFE3EA729B17D
:10239000F53582E88444BB2E26709CE9417E5FB40B
:1023A00039D69139F43953838B5F849C3B28F9BD2E
:1023B000FF97F81F0F9805DE8B112FEF1F6D0A5A3C
:1023C000CF7E366DB709CB27663F464F2DEA5F9E1D
:1023D000C7BA27757BF1E5EBF739073DEA92528AD8
:1023E000B15FFB6B085D8D1FA6F810111111813FC5
:1023F000D561C119A0012ABF7DFEB157E31DC73EBB
:10240000EB9C2B8AE6E55ABE7CD5CF5A3AD9E53DFE
:102410004F4C45440000000052454645524545009A
:1024200047696D62616C5461736B0000436861734E
:102430007369735461736B0041696D426F745461C9
:10244000736B0000696D755461736B007465737410
:102450000000000074240108000000203802000081
:10246000C4010008F024010838020020B8C80000A8
:1024700020020008012032018210036D24F41AAA00
:102480000101481A01021AFF016908013FEAA2434B
:102490002A825599155A921089265B803F080212AC
:1024A000BF791C091D246920E9380916100112148E
:1024B000C00308120112082999100DE7416B3A5820
:1024C000A08B3A7D04017C160240AB034110090544
:1024D0005308065804070F160810820911160A152A
:1024E000800B16850C18010D2DCDCC1C410400006D
:040000050800018965
:00000001FF
