:020000040800F2
:10000000F0CA002029030008755300087D4300084A
:1000100015530008A1110008A97400080000000091
:10002000000000000000000000000000690200085D
:10003000CD16000800000000C5020008096A00088B
:100040004303000843030008430300084303000878
:100050004303000843030008CF16000843030008C9
:1000600043030008DD160008E316000843030008F8
:100070004303000843030008430300084303000848
:100080004303000843030008430300084303000838
:10009000A51100084303000843030008E9160008FF
:1000A0004303000843030008430300084303000818
:1000B0004303000843030008430300084303000808
:1000C00043030008430300084303000843030008F8
:1000D0004303000835730008430300084D7300080C
:1000E000D516000843030008430300084303000833
:1000F00043030008430300084303000843030008C8
:1001000043030008430300084303000843030008B7
:1001100043030008430300084303000843030008A7
:10012000430300084D130008591300082D1600085A
:100130004303000843030008430300084303000887
:10014000B1110008430300084303000843030008FB
:10015000391600084516000843030008017400081A
:100160004303000843030008430300084303000857
:100170004303000843030008430300080000000095
:10018000430300084303000800F002F800F05CF8A5
:100190000AA090E8000C82448344AAF10107DA45E2
:1001A00001D100F051F8AFF2090EBAE80F0013F0D8
:1001B000010F18BFFB1A43F001031847C0220100CA
:1001C000E02201000A444FF0000C10F8013B13F04C
:1001D000070408BF10F8014B1D1108BF10F8015BA0
:1001E000641E05D010F8016B641E01F8016BF9D193
:1001F00013F0080F1EBF10F8014BAD1C0C1B09D1EA
:100200006D1E58BF01F801CBFAD505E014F8016B5B
:1002100001F8016B6D1EF9D59142D6D370470000ED
:100220000023002400250026103A28BF78C1FBD8FF
:10023000520728BF30C148BF0B6070471FB510F090
:1002400017FE1FBD10B510BD00F091FA1146FFF763
:10025000F5FF0CF0E1FD00F0AFFA03B4FFF7F2FF99
:1002600003BC00F0BFFA00002C4B19680868B0E826
:10027000F04F80F30988BFF36F8F4FF0000080F3D9
:10028000118870470000000008480068006880F38B
:1002900008884FF0000080F3148862B661B6BFF39F
:1002A0004F8FBFF36F8F00DF00BF00BF08ED00E08E
:1002B000DFF80C00016841F470010160704700BF75
:1002C00088ED00E0EFF30980BFF36F8F134B1A68DE
:1002D0001EF0100F08BF20ED108A20E9F04F1060CB
:1002E00009B44FF0500080F31188BFF34F8FBFF374
:1002F0006F8F0EF0D7FB4FF0000080F3118809BC20
:1003000019680868B0E8F04F1EF0100F08BFB0EC95
:10031000108A80F30988BFF36F8F70473000002088
:10032000EFF30580704700000948804709480047FF
:10033000FEE7FEE7FEE7FEE7FEE7FEE7FEE7FEE795
:10034000FEE7FEE704480549054A064B70470000F2
:10035000BD6A000889010008F08A0020F0CA002068
:10036000F0AA0020F0AA00209FED1A1AF5EE000A6C
:1003700040EE010ABDEEE00AF5EEC00A10EE100AEA
:10038000F1EE10FA38BF401E00EE100A1349F7EEE6
:10039000001AB8EEC00A30EEC00ADFED0F0A20EEF8
:1003A000200AFCEEC00A10EE900AC0F3080000EE2E
:1003B000900A01EB8000F8EE600A90ED011A70EEF1
:1003C000600A90ED000A71EEE01A21EE800A00EE5C
:1003D000810A704783F9223E00000044B4190108E5
:1003E000DFED190AB5EEC00A60EE200ABDEEE01A94
:1003F00011EE100AF1EE10FA38BF401E00EE100A9E
:100400001349F7EE001AB8EEC00A30EEC00ADFED6D
:100410000F0A60EE200ABCEEE00A10EE100AC0F3EC
:10042000080000EE100A01EB8000B8EE400A90EDE3
:10043000011A70EEC00A90ED000A71EEE01A21EE8A
:10044000800A00EE810A704783F9223E00000044D2
:10045000B419010853EA020C00F069802DE9F04B51
:100460004FF00006002B1FBFB3FA83F503FA05F423
:1004700024FA05F65E4012BF1643B2FA82F502FA7C
:1004800005F4C5F120051EBF22FA05FC44EA0C0460
:10049000203556EA044C4FEA144418BF641C4FF050
:1004A00000084FF00009904271EB030C39D300298A
:1004B00019BFB1FA81F701FA07F6B0FA80F700FA2E
:1004C00007F6C7F120071EBF20FA07FC46EA0C0614
:1004D0002037B6FBF4FCA7EB0507103F07F01F0B16
:1004E000CBF120060CFA0BFB2CFA06F644BFB34600
:1004F0000026202FA4BF5E464FF0000B5BEA060CDF
:1005000008BF4FF0010B19EB0B09ABFB027C48EB6A
:100510000608C01B06FB02CC0BFB03CC71EB0C01E5
:10052000C1E70B46024641464846BDE8F08B13B58D
:100530004FF000004FF00001AFF30080BDE81C4019
:10054000704710B5431C02E010F8011B71B1810720
:10055000FAD14FF0013202C88C1A8C4314EAC2114E
:10056000F9D0C01A0A0603D0C01E10BDC01A10BDB3
:100570000A0401D0801E10BD0902FCD0401E10BD2F
:10058000032A40F2308010F0030C00F0158011F8BF
:10059000013BBCF1020F624498BF11F801CB00F897
:1005A000013B38BF11F8013BA2F1040298BF00F8EB
:1005B00001CB38BF00F8013B11F0030300F02580A8
:1005C000083AC0F0088051F8043B083A51F804CBCF
:1005D000A0E80810F5E7121D5CBF51F8043B40F895
:1005E000043BAFF30080D20724BF11F8013B11F8A0
:1005F00001CB48BF11F8012B24BF00F8013B00F8E4
:1006000001CB48BF00F8012B704710B5203AC0F06D
:100610000B80B1E81850203AA0E81850B1E8185003
:10062000A0E81850BFF4F5AF5FEA027C24BFB1E840
:100630001850A0E8185044BF18C918C0BDE81040B1
:100640005FEA827C24BF51F8043B40F8043B08BFBA
:100650007047D20728BF31F8023B48BF11F8012B81
:1006600028BF20F8023B48BF00F8012B704702F07A
:10067000FF0343EA032242EA024200F002B84FF0CD
:1006800000020429C0F0128010F0030C00F01B805F
:10069000CCF1040CBCF1020F18BF00F8012BA8BF6D
:1006A00020F8022BA1EB0C0100F00DB85FEAC17C31
:1006B00024BF00F8012B00F8012B48BF00F8012BE4
:1006C00070474FF0000200B5134694469646203915
:1006D00022BFA0E80C50A0E80C50B1F12001BFF4FB
:1006E000F7AF090728BFA0E80C5048BF0CC05DF861
:1006F00004EB890028BF40F8042B08BF704748BFAF
:1007000020F8022B11F0804F18BF00F8012B704722
:1007100070477047704710B500F00CF8006810BDC6
:1007200010B5044600F006F8046010BD004870479C
:100730008C8A0020004870478C8A00201FB584B046
:1007400000200A9C06AB04AA02A90094AFF3008023
:1007500018B1DDE9020108B010BD0348204000F0E7
:1007600039F800200146F6E70000207C7047754606
:10077000FFF7DCFFAE4605006946534620F0070050
:10078000854618B020B5FFF7DDFDBDE820404FF0ED
:1007900000064FF000074FF000084FF0000B21F06B
:1007A0000701AC46ACE8C009ACE8C009ACE8C00938
:1007B000ACE8C0098D46704710B50446AFF3008021
:1007C0002046BDE81040FFF748BD002801D000F0EA
:1007D00009B8704710B500F025F8BDE81040FFF7E4
:1007E000F4BF000001491820ABBEFEE7260002005E
:1007F00070B505460C460A2000E06D1C00F068F854
:1008000035B128780028F8D102E0641C00F060F8C7
:1008100014B120780028F8D1BDE870400A2000F01B
:1008200057B8000010B5022803D0410103D50DA12F
:1008300012E0002010BD010101D50FA10CE0C100A4
:1008400001D511A108E0810001D512A104E040000A
:1008500001D513A100E0002115A0FFF7C9FF012079
:1008600010BD0000496E76616C6964204F7065723E
:100870006174696F6E0000004469766964652042A6
:1008800079205A65726F00004F766572666C6F77DB
:1008900000000000556E646572666C6F77000000A2
:1008A000496E657861637420526573756C740000DD
:1008B0005349474650453A2041726974686D6574E2
:1008C000696320657863657074696F6E3A20000013
:1008D00008B569468DF800000320ABBE08BD0000D6
:1008E000464910B54A6822F440324A604A68436873
:1008F0001A434A6001684A6822F480724A600168BB
:100900004A68036942EA03224A6001684A6822F0A1
:1009100040724A6001684A6883681A434A60016805
:100920008A6822F400628A6001688A68C3681A4390
:100930008A60816A6FF07062D14201688A6822F031
:1009400070628A6001688A680CD0836A1A438A6080
:1009500001688A6822F040528A6001688A68C36A26
:100960001A4301E022F040528A6001688A6822F04E
:1009700002028A6001688A68037E42EA43028A6052
:1009800090F82010002901684A680FD042F40062F4
:100990004A6001684A6822F460424A6001684A6815
:1009A000174C436A04EB43331A4301E022F400621C
:1009B0004A600168CA6A22F47002CA620168CA6A9F
:1009C000838B104C04EB03531A43CA6201688A6894
:1009D00022F400728A6001688A6890F8303042EA36
:1009E00043228A6001688A6822F480628A60016812
:1009F0008A68406942EA8020886010BD0023014077
:100A000000E0FFFF0000F0FF06F08ABD07F08CB8A1
:100A1000FFF7AABCF0EE400AF5EEC00AF1EE10FABC
:100A200002DDB0EE600A7047B1EE600AFBE700003D
:100A3000002803D09FED020A80ED000A70470000F5
:100A400000000000002803D0B3EE060A80ED000A83
:100A50007047000070B52DED0C8B84B006460C4637
:100A600015469FED990AF0EE408A9FED970AB0EE89
:100A7000409A9FED950AF0EE40BA9FED930AF0EE92
:100A8000409A9FED910AB0EE40AA0EB104B11DB993
:100A900004B0BDEC0C8B70BD8C48FFF7C9FF8C48CF
:100AA000FFF7D0FF8A48D0ED000A9FED8A1A60EE6A
:100AB000810AB0EE600A00F025F9F0EE408A28EED7
:100AC000A80AF0EE408A8248D0ED000AB0EE001A83
:100AD00060EE810A9FED7F1A60EE810AB0EE600A37
:100AE00000F010F9B0EE409A29EE090AB0EE409AF3
:100AF000DFED790AB7EE000A00EEA80ADFED770A0B
:100B000000EEC90ADFED760A20EE200A754880ED76
:100B1000000A6E4890ED000ADFED730A80EE201A9D
:100B2000B7EE000A31EE000A20EE000A6D48D0ED63
:100B3000000A80EE801A6D4880ED001A94ED000ADC
:100B4000B5EEC00AF1EE10FA0DD194ED010AB5EE42
:100B5000C00AF1EE10FA06D194ED020AB5EEC00A11
:100B6000F1EE10FA46D09FED580AB0EE408A002010
:100B7000019002900390D4ED000A60EEA00A94ED7B
:100B8000011AD4ED011A41EE210A94ED021AD4EDB6
:100B9000021A41EE210AB0EE600A00F0A9F8B0EEA8
:100BA000408A94ED000A20EE080A8DED010A94EDCA
:100BB000010A20EE080A8DED020A94ED020A20EEE9
:100BC000080A8DED030ADDED010AF1EE600AB0EED0
:100BD000600AFFF719FFF0EE409A9DED031AF0EE60
:100BE000410A9DED021AB0EE410AFFF70FFFB0EE89
:100BF00040AA07E09FED340AF0EE409A9FED320ADA
:100C0000B0EE40AA95ED000AB5EEC00AF1EE10FA7A
:100C10000DD195ED010AB5EEC00AF1EE10FA06D13C
:100C200095ED020AB5EEC00AF1EE10FA3CD0B0EE36
:100C3000690A00F067F8B0EE408AB0EE690AFFF783
:100C4000E7FEB0EE40DAB0EE4A0A00F05BF8F0EEF4
:100C500040AAB0EE4A0AFFF7DBFEB0EE40BA28EE3B
:100C60002A0AD5ED010A20EE200AD5ED000A0DEE84
:100C7000200A68EE0B0A95ED021A00EE810AB0EE2A
:100C800040CA95ED010A20EE0B0AD5ED020A0AEEE4
:100C9000E00AF0EE40CAF0EE6C0AB0EE4C0AFFF744
:100CA000B5FEF0EE40BA03E09FED070AF0EE40BA61
:100CB000B0EE4A1AF0EE690AB0EE6B0A304609F05F
:100CC0008FFC00BFE4E600000000000028020020C6
:100CD0002C02002035FA8E3CC1BFAD3B9DF8C536D5
:100CE0002F7C1C4130020020506CC24A340200208C
:100CF00010B508F032FAB7EE001AC1EE000AB0EEF5
:100D0000600A10BDFFF76CBB2DE9F0412DED028BA1
:100D10009AB00546B0EE408A0E4617469846002027
:100D20001790189019901490159016904DB146B1E7
:100D30003FB1B8F1000F04D0B5EEC08AF1EE10FA61
:100D400005D100201AB0BDEC028BBDE8F08196ED14
:100D5000000A8DED170A96ED010A8DED180A96ED41
:100D6000020A8DED190A97ED000A8DED140A97ED30
:100D7000010A8DED150A97ED020A8DED160A17AAE4
:100D800014A9284608F074FE402104A8FFF799FC36
:100D900000200090019002900390002417A904A85D
:100DA0000DF096FB00BF30E004A800EB041090EDBE
:100DB000000AD5ED000A20EE200A04A800EB04107A
:100DC000D0ED010A95ED011A00EE810A04A800EBAE
:100DD0000410D0ED020A95ED021A00EE810A04A873
:100DE00000EB0410D0ED030A95ED031A00EE810A22
:100DF00020EE080AF0EE000A80EE201A684600EBAA
:100E0000840080ED001A601CC4B2042CCCDB0024EA
:100E100010E005EB840090ED000A684600EB8400CA
:100E2000D0ED000A30EE200A05EB840080ED000AC8
:100E3000601CC4B2042CECDB28460CF03FFF012000
:100E400080E7000001221021014801F01DBD0000D3
:100E50000000024000221021014801F015BD0000F1
:100E6000000002407047000001221146014801F0D5
:100E70000BBD00000004024000220121014801F0E6
:100E800003BD00000004024030B5437804781B0223
:100E90001BB2234300EE103A1B4CB8EEC00AD4ED4F
:100EA000000A20EE200A81ED000AC37885781B0233
:100EB0001BB22B4300EE103AD4ED000AB8EEC00A84
:100EC00020EE200A81ED010A437904791B021BB24E
:100ED000234300EE103AB8EEC00A20EE200ADFED00
:100EE0000B0A81ED020A017AC3790904807941EA8B
:100EF0000321014300EE101AB8EE400A20EE200A4A
:100F000082ED000A30BD0000FC01002000401C42C0
:100F100070470CF0DBB90AF081BD000010B54278D3
:100F20000378120212B21A4300EE102A124BB8EEE6
:100F3000C00AD3ED010A20EE200A81ED000AC27832
:100F40008478120212B2224300EE102AD3ED010A75
:100F5000B8EEC00A20EE200A81ED010A427900793C
:100F6000120212B2024300EE102AB8EEC00A20EEBE
:100F7000200A81ED020A10BDFC01002010B5FFF728
:100F800071FFFFF7C5FF09F091FC08B1802402E072
:100F900009F0F8FB044609F057FE10B144F0400098
:100FA00010BD09F0E3FD204310BD00002DE9FC4118
:100FB0000746002016460D4600900190FFF74AFFB5
:100FC000922000F0BDF806226946122000F09AF83F
:100FD000FFF738FF9DF801009DF80010000200B2F5
:100FE000084300EE100A464CB8EEC00AD4ED000AE1
:100FF00020EE200A85ED000A9DF803009DF80210FE
:10100000000200B2084300EE100AD4ED000AB8EE68
:10101000C00A20EE200A85ED010A9DF805009DF822
:101020000410000200B2084300EE100AB8EEC00A35
:1010300020EE200A85ED020AFFF71EFF082269460E
:10104000002000F05FF8FFF70FFF9DF800000F2869
:1010500030D19DF803009DF80210000200B2084351
:1010600000EE100AD4ED010AB8EEC00A20EE200A04
:1010700087ED000A9DF805009DF80410000200B2FB
:10108000084300EE100AD4ED010AB8EEC00A20EEC3
:10109000200A87ED010A9DF807009DF8061000025E
:1010A00000B2084300EE100AB8EEC00A20EE200A93
:1010B00087ED020AFFF7CEFEA22000F041F80222DF
:1010C0006946222000F01EF8FFF7BCFE9DF80000E4
:1010D0009DF80110C00040EA5110B0F5806F01DBAF
:1010E000A0F5006000EE100AB4EE001AF8EEC00A97
:1010F000B3EE070A00EE810A86ED000ABDE8FC8126
:10110000FC01002070B514460D4640F0800000F050
:1011100017F806E0552000F013F8641E05F8010BDF
:10112000E4B2002CF6D170BD10B50C4640F0800042
:1011300000F006F8552000F003F8207010BD000004
:1011400001B582B04FF47A700090012301AA02A980
:10115000024802F03BFB9DF804000EBDA4090020EC
:1011600002784078D20042EA5010B0F5806F01DB7F
:10117000A0F5006000EE100AB4EE001AF8EEC00A06
:10118000B3EE070A00EE810A81ED000A704710B540
:101190000C46FFF7D5FF2046BDE81040FFF7D0BF53
:1011A000FEE70000014800F0A4BD0000E0080020B8
:1011B000014800F09EBD00000809002038B50E4C23
:1011C0004FF4007525600025A560E56008252561C0
:1011D0000A4C050A25706070080AA070E170100AB8
:1011E00020716271180AA071E3716B4622460249B0
:1011F000034800F015FC38BDB4720020BE0000208A
:10120000E008002038B50E4C40F2FF15256000259F
:10121000A560E560082525610A4C050A2570607007
:10122000080AA070E170100A20716271180AA0719A
:10123000E3716B4622460249034800F0F1FB38BDDA
:1012400084720020AE0000200809002038B50D4A45
:1012500040F2FF130824136000239360C2E90334B3
:10126000094A040A14705070080A9070D170137102
:1012700053719371D3716B460249044800F0D0FB5F
:1012800038BD00009C720020B6000020E00800205D
:1012900038B50E4B4FF4007408251C6000249C6088
:1012A000C3E903450A4B050A1D705870080A987077
:1012B000D970100A18715A719C71DC716B46044A1E
:1012C0000249044800F0ACFB38BD0000CC7200209D
:1012D000C6000020080900202DE9F0470024DDE9C0
:1012E0000A95DDE90876DDF830A006E0C4F10208D1
:1012F000641C00F808C0032C04DA11F804C0BCF127
:10130000000FF3D110F8031F21F03801103162F300
:1013100002010170018863F389110180417867F34C
:1013200085014170818866F309018180B0F805204C
:1013300069F38C02A0F80520C18865F34F11C180C4
:1013400002896AF309020281BDE8F087014801F0D1
:1013500031B80000BC0D00202DE9F05FAB48AC4B6C
:10136000AC4CC06CAA4DAB4EA94F0068A849DFF841
:10137000A492DFF89CA2DFF89CB2DFF894E2A54AC1
:10138000483B603418351836303F09F178090AF1C6
:10139000300A4FF4006C0BF1300BAEF1180E88429E
:1013A00023D99B49543926E0A84233D14FF0200875
:1013B0000AE0504535D1E04606E000BF4FF4001882
:1013C00002E000BF4FF0006811EA080F7CD090499E
:1013D000884253D9904205D0984203D0A04201D010
:1013E000A8422FD14FF0200C45E08A49A83188420D
:1013F00003D987495839096805E086494831884248
:101400008549F8D949689042D0D09842CED0A042C0
:10141000CCD0C9E7B042CED0B842CCD04845CAD033
:10142000C7E75845CAD07045C8D0DFF8E88108F151
:1014300090084045C2D0DFF8D88108F148084045FF
:10144000C0D1BBE7B04216D0B84214D0484512D044
:10145000504510D0584509D0704507D06D4990319E
:10146000884203D06A494831884202D14FF4001CB7
:1014700001E04FF0006C66484C382AE06549A8311D
:10148000884229D9904205D0984203D0A04201D089
:10149000A84202D14FF0200C19E0B04217D0B84258
:1014A00015D0484513D0504511D0584509D0704546
:1014B00007D058499031884203D055494831884275
:1014C00003D14FF4001C02E09DE04FF0006C504847
:1014D0005038C0F800C052E04E494831884227D900
:1014E000904205D0984203D0A04201D0A84202D138
:1014F0004FF0200C18E0B04216D0B84214D0484546
:1015000012D0504510D0584509D0704507D04149F8
:101510009031884203D03E494831884202D14FF48D
:10152000001C01E04FF0006C3B48C0F80CC026E006
:10153000904205D0984203D0A04201D0A84202D1E7
:101540004FF0200C18E0B04216D0B84214D04845F5
:1015500012D0504510D0584509D0704507D02D49BC
:101560009031884203D02A494831884202D14FF451
:10157000001C01E04FF0006C2748C0F808C0274C61
:10158000207880070CD5207820F002002070207889
:1015900040F00400207001221146214801F074F946
:1015A0006078204D80070CD5607820F002006070D4
:1015B000607840F00400607001221021284601F09C
:1015C00063F9A07880070CD5A07820F00200A07005
:1015D000A07840F00400A07001221021284601F0FC
:1015E00053F90BF061FA207840070CD5207820F0F1
:1015F00004002070207840F0080020700A4801683C
:1016000041F001010160BDE8F09F0000A409002045
:101610005864024010600240006002403001002027
:101620000004024000000240103C0140014800F06C
:10163000C1BE00005C0A0020014800F0BBBE0000F3
:10164000FC0C0020014800F0B5BE00001C0E00207C
:1016500001681823CAB2103AB2FBF3F2054B6FF3DC
:101660000901032A9B5CC36500D9091D81650846F1
:1016700070470000CC12010810B5014600208B69AC
:101680008A6A4FF0C07453B1B3F5005F15D072B1E0
:10169000012A0CD0022A0AD0032A09D104E01AB187
:1016A000012A06D0022A03D1C96AC90100D5012046
:1016B00010BDC96AA142FAD010BD002AF7D0012A94
:1016C000F2D0022AF3D0032AF3D010BD70470120D4
:1016D00000F0F6BF4FF4006000F0F2BF082000F009
:1016E000EFBF102000F0ECBF202000F0E9BF7047F2
:1016F0002DE9F04F0024DDE90D95DDE90BB6DDE9BC
:10170000097A06E0C4F10208641C00F808C0032C42
:1017100004DA11F804C0BCF1000FF3D110F8031F74
:1017200021F03801283162F302010170018863F36E
:1017300089110180417867F385014170818866F3E2
:1017400009018180B0F8052069F38C02A0F805201A
:10175000C18865F34F11C180B0F8012010EE101A56
:101760006AF38E12A0F8012042886BF3CF124280F8
:101770008160BDE8F08F000010B558B1084C491EDB
:101780000BD310F8013B5340DBB234F8133083EA3B
:101790001222F4E74FF6FF7010BD104610BD000096
:1017A0007C14010810B5054C04E000BF10F8013BA3
:1017B0005340E25C491EF9D2104610BD7C1301086B
:1017C00010B50AF0B3FA032807D0042805D005287D
:1017D00003D0072801D0002010BD012010BD00005B
:1017E00078B50024009490F83C20012A19D00122F9
:1017F00080F83C200A6807230568092A13D9EE6897
:101800000A3A02EB420293409E43EE600B788A68EC
:101810000A3B03EB43039A400368DD682A43DA601E
:1018200010E0022078BD2E6902EB420293409E43F5
:101830002E610B788A6803EB43039A4003681D69A5
:101840002A431A614A681F23072A13D205686E6B60
:10185000521E02EB820293409E436E630B790A880C
:101860005B1E92B203EB83039A4003685D6B2A43CD
:101870005A6327E005680D2A12D22E6BD21F02EBA5
:10188000820293409E432E630B790A88DB1F92B23B
:1018900003EB83039A4003681D6B2A431A6311E02C
:1018A000EE6A0D3A02EB820293409E43EE620B79A0
:1018B0000A880D3B92B203EB83039A400368DD6A0A
:1018C0002A43DA62164B0568144A9D4206D10D6818
:1018D000122D03D1556845F48005556005689D4279
:1018E00018D10B68102B01D0112B13D1536843F47E
:1018F00000035360096810290CD10A490A4A096893
:10190000B1FBF2F101EB8101490000E0491E0091B9
:101910000029FBD180F83C40002078BD0023014025
:10192000002001402C00002040420F0070B5040050
:101930004FF0000503D0206C002610B107E0012015
:1019400070BD204600F01CF8666484F83C60206C92
:10195000C00610D4206C20F4885040F002002064AF
:101960002046FEF7BDFF6664206C20F0020040F0C8
:101970000100206400E0012584F83C60284670BD29
:1019800010B586B0044614216846FEF79AFE174B40
:101990002268002116489A4209D1016841F48071F9
:1019A0000160006800F48070059006B010BD114B16
:1019B0009A42FAD1026842F480620260006800F440
:1019C000806005900A481438026842F020020260E4
:1019D000006800F020000590181500900320CDE964
:1019E00001016946044800F077FEDEE7002001406F
:1019F00044380240002201400014024090F82020A8
:101A0000012A07D0022A05D0416A41F480214162AF
:101A100001207047006842690A4342610020704714
:101A2000F0B590F820500468A468012D05D0022D6F
:101A300003D0416A41F480215DE014F0406F01D190
:101A4000E50055D5C4F30164022C03D9416A41F481
:101A5000000150E00125A5401D608D684FF4C07362
:101A60009DB1CE6835434E6845EAC605066803EB6E
:101A70000417F5514FF4C275076805EB04150E699C
:101A80007E51097D012905D009E00E88CD6845EA1F
:101A90004655EBE701684E5946F480764E51117970
:101AA000D579567941EA056195792D0445EA0625EF
:101AB00029434FF4C676056806EB0416A951117840
:101AC000D57841EA0561957852782D0445EA0222DD
:101AD00011434FF4C475026805EB041551510068B9
:101AE00003EB0411425842F0010242500020F0BDC5
:101AF000416A41F4001141620120F0BD10B590F837
:101B00002020012A07D0022A05D0416A41F4802111
:101B10004162012010BD3B48D0F8002242F0010292
:101B2000C0F80022D0F8002222F47C52C0F8002233
:101B3000D0F800224B6A42EA0322C0F800220A7D54
:101B400002F01F0301229A40D0F81C329343C0F8E0
:101B50001C32CB69B3B9D0F80C329343C0F80C32C5
:101B60008C894B6864F31F434C6900EBC404C4F8D0
:101B700040320C890B6864F31F434C6900EBC404CA
:101B8000C4F84432CB69012B16D1D0F80C32134380
:101B9000C0F80C320C884B6864F31F434C6900EBAF
:101BA000C404C4F840320C89CB6864F31F434C6909
:101BB00000EBC404C4F844328B69002BD0F8043223
:101BC0000ED01343C0F804320B69002BD0F8143246
:101BD00008D01343C0F81432096A012904D008E080
:101BE0009343EFE79343F5E7D0F81C121143C0F895
:101BF0001C12D0F8001221F00101C0F800120020E0
:101C000010BD000000640040704730B590F82040DF
:101C1000012C05D0022C03D0416A41F480215DE003
:101C20000468002955D02469A40754D04FF4D8740F
:101C3000056804EB01142D5915F00405956005683D
:101C40002D594ED0ED08556005682C59C4F3400459
:101C5000D4604FF4DA74056804EB01142D5905F0D3
:101C60000F05156105682D59C5F3072595610568B0
:101C70002C59240C54614FF4DC72046802EB0112FD
:101C8000A4581C700468A458240A5C700468A45802
:101C9000240C9C700468A258120EDA704FF4DE72A5
:101CA000046802EB0112A4581C710468A458240AA9
:101CB0005C710468A458240C9C710468A258120E2C
:101CC000DA71006881B1016941F0200101610020F1
:101CD00030BDE468A8E7416A41F400114162012087
:101CE00030BD6D0D1560AFE7C16841F02001C160E6
:101CF000EDE72DE9F05F0546006800244669D0F85D
:101D000004908768D0F80CB0D0F810A0D0F81880F4
:101D1000F10748D0F90714D001218160B80703D535
:101D2000284600F02EFB0CE0780702D54FF4006443
:101D300007E0380702D54FF4805402E0284600F04F
:101D40001FFBF80516D529684FF480708860B80528
:101D500003D5284600F017FB0CE0780502D544F4C3
:101D6000005407E0380502D544F4804402E02846D8
:101D700000F008FBF80316D529684FF4803088601E
:101D8000B80303D5284600F000FB0CE0780302D529
:101D900044F4004407E0380302D544F4803402E000
:101DA000284600F0F1FA300707D55FEACB6004D58A
:101DB0002968102044F40074C86070074FF00807C9
:101DC00007D55FEA0B7004D52868C760284600F085
:101DD00099F9B00706D52868C068800702D0284660
:101DE00000F092F9700607D55FEACA6004D5296849
:101DF000102044F480640861B00607D55FEA0A70D9
:101E000004D528680761284600F08AFAF00606D54E
:101E100028680069800702D0284600F082FAB003E3
:101E200008D55FEAC96005D52968102048602846B2
:101E300000F078FAF00307D55FEA097004D5286846
:101E40004760284600F0A2FA300446D55FEA4970A0
:101E500040D5F00504D55FEAC87001D044F0010414
:101E6000B00504D55FEA887001D544F0020470051E
:101E700004D55FEA487001D544F00404300529D543
:101E800018F0700F26D008F07000402815D006DC3E
:101E9000102809D020280AD0302816D10AE050286E
:101EA0000ED0602811D10EE044F008040DE044F09B
:101EB00010040AE044F0200407E044F0400404E089
:101EC00044F0800401E044F480742868816921F0C2
:101ED00070018161296804204860002C05D0686A7F
:101EE000204368622846FFF78FFEBDE8F09F70B57B
:101EF000040003D094F8200010B104E0012070BD6C
:101F0000204600F081F82068016821F0020101609C
:101F100000F0C0FC0546052604E000F0BBFC401BB9
:101F20000A2811D8206840688007F6D42068016824
:101F300041F00101016000F0ADFC05460BE000F04E
:101F4000A9FC401B0A2806D9606A40F40030606290
:101F500084F82060D2E720684068C007EFD0207E78
:101F60000128206801683DD021F080010160607E79
:101F700001282068016838D021F040010160A07E6E
:101F800001282068016833D021F020010160E07E43
:101F90000128206801682ED041F010010160207FE7
:101FA00001282068016829D021F008010160607FC4
:101FB00001282068016824D021F004010160D4E9DF
:101FC00002010843D4E90412114308436168491E21
:101FD00008432168C86100206062012084F8200065
:101FE000002070BD41F08001C0E741F04001C5E72D
:101FF00041F02001CAE721F01001CFE741F00801CC
:10200000D4E741F00401D9E7F0B587B004461421C4
:102010006846FEF756FB364B3648DFF8D0E01968C5
:10202000D4F800C0334A03250226092710300024C3
:10203000491CF44522D11960012907D1016841F0FA
:1020400000710160006800F000700590106840F0B9
:10205000080010601068CDE9005600F00800CDE9D6
:10206000047069462448CDE9024500F035FB0022A2
:102070000621142000F012FF142032E0DFF87CE08B
:10208000F44530D1D0F800C04CF0806CC0F800C0EE
:10209000D0F800C001290CF0806CCDF814C0196094
:1020A00007D1016841F000710160006800F0007024
:1020B0000590106840F002001060106802AB00F05C
:1020C000020005906020CDE9000683E8B000694673
:1020D0000B4800F001FB00220621402000F0DEFE4C
:1020E000402000F0CDFE07B0F0BD000000640040CD
:1020F0001C00002030380240000C02400068004004
:10210000000402407047000030B5824A0168824CEA
:10211000126889B004F1500591426FD16B4602AA52
:102120000021FFF772FD00281CD10298A0F20120C7
:10213000062817D2DFE800F00305182A3D4F208853
:102140009BE060896082BDF8000040BA6081BDF804
:10215000020040BAA081BDF8040040BAE0819DF8B9
:102160000600207409B030BDA08AA083BDF800002D
:1021700040BAA082BDF8020040BAE082BDF8040077
:1021800040BA20839DF80600A076EBE7E08BE08460
:10219000BDF8000040BAE083BDF8020040BA2084D8
:1021A000BDF8040040BA60849DF8060084F824005D
:1021B000D8E728882881BDF8000040BA2880BDF8FB
:1021C000020040BA6880BDF8040040BAA8809DF8BB
:1021D0000600A871C6E768896882BDF8000040BAA9
:1021E0006881BDF8020040BAA881BDF8040040BA79
:1021F000E8819DF806002874B4E7FFE7474A1268B3
:102200009142AFD16B4602AA0021FFF7FEFC0028E5
:10221000A8D10298A0F201200828A3D2DFE800F09C
:102220004153660405182B3E9CE7208D2086BDF89F
:10223000000040BA2085BDF8020040BA6085BDF8B4
:10224000040040BAA0859DF8060084F82E0089E7B6
:10225000608E6087BDF8000040BA6086BDF802005D
:1022600040BAA086BDF8040040BAE0869DF806009A
:1022700084F8380076E734F83C0F2081BDF8000080
:1022800040BA2080BDF8020040BA6080BDF804006A
:1022900040BAA0809DF80600A07163E734F8460FAD
:1022A000EBE7A88AA883BDF8000040BAA882BDF871
:1022B000020040BAE882BDF8040040BA28839DF8C5
:1022C0000600A8764EE7E88BE884BDF8000040BA27
:1022D000E883BDF8020040BA2884BDF8040040BA83
:1022E00068849DF8060085F824003BE7288D288641
:1022F000BDF8000040BA2885BDF8020040BA6885E4
:10230000BDF8040040BAA8859DF8060085F82E00A7
:1023100028E70000E0080020E47100200809002000
:10232000704770477047000070B5044690F8200071
:10233000012804D0606A40F40020606218E00220A6
:1023400084F820002068016821F00101016000F09C
:10235000A1FA05460EE000BF00F09CFA401B0A28D7
:1023600008D9606A40F400306062052084F82000DB
:10237000012070BD20684068C007EDD1606270BD6B
:10238000704770477047704770477047704790F8C4
:102390003510022903D080214165012070470521B5
:1023A00080F835100068016821F00101016000200B
:1023B000704700002DE9F84304464FF00009CDF8BE
:1023C000009063484FF41651A56D0068B0FBF1F71B
:1023D0002E6894F85C10082000FA01F131420FD009
:1023E00021680A6852070BD50A6822F004020A60C5
:1023F00094F85C108840A860606D40F00100606552
:1024000094F85C104FF0010808FA01F0304208D04F
:1024100021684969090604D5A860606D40F0020092
:10242000606594F85C1004208840304208D0216830
:102430000968890704D5A860606D40F004006065F4
:1024400094F85C1010208840304218D02168096848
:10245000090714D5A86020680168490304D50068FD
:10246000000308D5A16C07E00168C90503D4016821
:1024700021F008010160216C09B12046884794F8D9
:102480005C1020208840304231D021680968C9069C
:102490002DD5A86094F8350005282068016806D07D
:1024A000490347D5006800031DD4616C1CE021F08E
:1024B000160101602068416921F080014161206CB2
:1024C00008B9A06C20B12068016821F00801016002
:1024D00094F85C103F208840A86084F8349084F819
:1024E0003580216D1FE0E16B09B120468847606DA2
:1024F00000282BD0606DC00714D0052084F835006B
:102500002068016821F0010101600098401C0090E2
:10251000B84203D820680068C007F6D184F8349028
:1025200084F83580E16C002910D001B02046BDE868
:10253000F04308470168C905D5D4016821F01001AE
:10254000016084F8349084F83580CCE7BDE8F883E6
:102550002C0000202DE9F041044600F09BF90646CE
:102560005CB1002584F83450022084F835002068DE
:10257000016821F0010101600DE00120BDE8F0815A
:1025800000F088F9801B052805D92020606503200C
:1025900084F83500F2E720680068C007F0D12268AF
:1025A000116820480140D4E901031843D4E90336F7
:1025B0003343184363691843A3691843E369184315
:1025C000236A18430843616A042903D1D4E90B1331
:1025D00019430843106020684069666A20F00701CB
:1025E00030460E43012704280CD1A06A0643E06A56
:1025F00040B12046FFF740F820B14020606584F8E4
:102600003570BAE7206846612046FFF721F894F854
:102610005C203F2191408160656584F83570002021
:10262000ACE700003F8010F0B0F5006F07D105491E
:1026300031F8542F521C0A804A88521C4A8000F0FC
:1026400003B80000C078002010B51B4C10281AD029
:10265000202821D008282AD0012813D10CF012FEFE
:1026600001280FD004F10C0120690CF03FF9E0685B
:10267000002807D011494FF080500860BFF34F8FFA
:10268000BFF36F8F10BD607840F001006070A078DC
:1026900040F00100A07003E0207840F001002070BD
:1026A00020790028EED0BDE810400AF0FDB9E078AE
:1026B00040F00100E07010BD3001002004ED00E0AA
:1026C000044910B50A68024202D00860FFF7ACFF67
:1026D00010BD0000143C01402DE9F84FDFF87CB13B
:1026E00000224FF001084FF0030A4FF00F090BF1E1
:1026F000040E00BF0B6808FA02F42340A3426ED117
:102700004D68022D01D0122D0ED1D50800EB850C9D
:10271000DCF820505607F70E09FA07F6B5430E69A4
:10272000BE402E43CCF82060066855000F790AFAA7
:1027300005FC07F0030726EA0C06AF4037430760A5
:102740004E68012E05D0022E03D0112E01D0122E7C
:102750000ED18668CF6826EA0C06AF403743876003
:102760004668A6430C79C4F3001494403443446093
:10277000C6688C6826EA0C06AC403443C4604C68DA
:10278000E40065D5364C256845F48045256024680D
:1027900022F0030504F480440094324C2E19D6F83C
:1027A000084895072F0F09FA07F5AC432E4DA842AC
:1027B00001D1002524E02D4DA84201D101251FE0C3
:1027C0002B4DA84201D102251AE02A4DA84201D181
:1027D000032515E0284DA84202D1042510E037E07A
:1027E000264DA84201D105250AE0254DA84201D178
:1027F000062505E0234DA84201D1072500E0082564
:10280000BD402543C6F80858DBF800405D464E68D9
:102810009C43F60300D51C432C60DEF8004075464F
:102820004E689C43B60300D51C432C600B4D083505
:102830002C684E689C43F60200D51C432C60074D63
:102840000C352C684E689C43B60200D51C432C60A6
:10285000521C102AFFF44EAFBDE8F88F003C014037
:1028600044380240003001400000024000040240B1
:1028700000080240000C0240001002400014024018
:1028800000180240001C02400AB18161704709042F
:10289000FBE700000148806870470000200000202E
:1028A00070B504001BD094F83D00002520B984F8D1
:1028B0003C50204600F042FA242084F83D00206875
:1028C000016821F00101016000F062FC4D4A61687D
:1028D000914201D84C4900E04C49884201D2012084
:1028E00070BD4B492368B0FBF1F15E6826F03F06EE
:1028F0000E435E606368934206D94FF49673594362
:102900004FF47A73B1FBF3F12368491C1E6A26F079
:102910003F06314319626168914210D84900401E58
:10292000B0FBF1F2521CC2F30B02042A01D20420C4
:1029300022E0B0FBF1F0401CC0F30B001CE0A368E8
:10294000F3B301EBC10202EB0116421EB2FBF6F239
:10295000521C42F48042120549D093B301EBC102EC
:1029600002EB0111401EB0FBF1F0401CC0F30B0064
:1029700040F4804040F400402168CA694CF6FF737F
:102980009A431043C861D4E90701084321680A68E3
:1029900022F0C00210430860D4E90301014320681B
:1029A000826848F2FF339A4311438160D4E90501FC
:1029B00008432168CA6822F0FF021043C86001E0A2
:1029C0000EE016E02068016841F001010160256415
:1029D000202084F83D00256384F83E50002070BD1F
:1029E00001EB4106421EB2FBF6F2521CB3E7012096
:1029F000C2E701EB4101401EB0FBF1F0401CC0F307
:102A00000B00B7E7A086010080841E0000093D008E
:102A100040420F002DE9FF4F83B09A46DDE9119740
:102A200093460446DDF84080FFF734FF054694F8EE
:102A30003D00202870D119230122714920460095BC
:102A400001F098FD0028F5D194F83C00012863D0EE
:102A5000012084F83C0020680168C90703D101689F
:102A600041F0010101602068016821F4006101600A
:102A7000222084F83D00402084F83E000026266491
:102A8000C4F82480A4F82A90608D20855D48E06217
:102A9000CDE9007553465A462046049901F086FC5C
:102AA00000287CD1208DD0B1012821D002282068B7
:102AB00024D0416980690090208D032869D80128BD
:102AC0002BD0514902283B464FF00002009559D0C7
:102AD0008846204601F04EFD002860D13CE0206889
:102AE000416981690091016841F40071016077E0FA
:102AF0002068016821F480610160F0E7016821F439
:102B0000806101602068016841F400610160206813
:102B100041698069009063E06FE02A4639462046AB
:102B200001F0A7FD98BB20680069616A08704EE05B
:102B30002068016841F40071016020680069616AE1
:102B40000870606A401C6062218D491E2185618D7C
:102B5000491E6185216838E02068016821F48061A0
:102B6000016020680069616A0870606A401C6062E8
:102B7000208D401E2085608D401E60853B460022D2
:102B800041460095204601F0F5FC00B9D0E706E08B
:102B9000FFE72A463946204601F06BFD18B10120B7
:102BA00007B0BDE8F08F20680069616A0870606A4C
:102BB000401C6062218D491E2185618D491E618501
:102BC00021684A69D24352070AD409690170606AD0
:102BD000401C6062208D401E2085608D401E6085F7
:102BE000208D00287FF468AF202084F83D0084F811
:102BF0003E6084F83C600020D2E70220D0E700006D
:102C0000020010000000FFFF040001002DE9FF4F4B
:102C100083B09A46DDE9119793460446DDF840807B
:102C2000FFF738FE054694F83D0020287FD1192390
:102C3000012240492046009501F09CFC002876D1F5
:102C400094F83C00012872D0012084F83C002068F0
:102C50000168C90703D1016841F0010101602068E2
:102C6000016821F400610160212084F83D004020CA
:102C700084F83E0000262664C4F82480A4F82A9034
:102C8000608D20852C48E062CDE9007553465A4698
:102C90002046049901F0FEFB70B930E02A4639461F
:102CA000204601F019FD58B1206C042804D1206899
:102CB000016841F400710160012007B0BDE8F08FA8
:102CC000606A216800780861606A401C6062218D3A
:102CD000491E89B22185628D521E62852268536920
:102CE000DB435B070BD469B100781061606A401C5C
:102CF0006062208D401E2085608D401E6085208D85
:102D00000028CBD12A463946204601F00DFC002888
:102D1000CAD154F83D0B016841F4007101602020D4
:102D200004F81E09E67766770020C6E7FFE7022071
:102D3000C3E70000020010000000FFFFF0B587B0FD
:102D4000044614216846FDF7BCFC1A4920688842F5
:102D50002DD11948016841F004010160016801F0BA
:102D600004010591016841F001010160006812242D
:102D700000F0010005904FF40070012503260427A0
:102D80008DE8F10069460D48FFF7A6FC28028DE8A2
:102D9000F10069460A48FFF79FFC074810300168B8
:102DA00041F400010160006800F40000059007B0E4
:102DB000F0BD0000005C00403038024000080240D6
:102DC0000000024002488168027811448160704727
:102DD000200000200B4810B5016841F4007101602B
:102DE000016841F480610160016841F48071016013
:102DF000032000F073F80F2000F006F800F024F82C
:102E0000002010BD003C024070B50D4D04464FF44B
:102E10007A712878B1FBF0F00A490968B1FBF0F04B
:102E200000F0C5FD48B9102C07D200222146501EE3
:102E300000F034F800206C6070BD012070BD00000F
:102E4000200000202C0000200C4882B0016841F4D2
:102E500080410160006800F4804000900748001F36
:102E6000016841F0805101600068002200F080504C
:102E700000900F21901E02B000F010B844380240BC
:102E8000002809DB00F01F02012191404009800069
:102E900000F1E020C0F8001170470000F0B40E4BC4
:102EA0001B680C46C3F30223C3F10705042D00D9A8
:102EB0000425191D072901D2002300E0DB1E01268D
:102EC00006FA05F1491E214099409E40761E1640A3
:102ED0003143F0BC04F014BB0CED00E0064900F0F7
:102EE000070208684FF6FF03184040EA0220034A31
:102EF00010430860704700000CED00E00000FA0588
:102F0000BFF34F8F05480168054A01F4E0611143A2
:102F10000160BFF34F8F00BFFDE700000CED00E044
:102F20000400FA052DE9F843054600684FF0010951
:102F3000C1074FF0000601D1400727D5DFF80C810B
:102F4000C8F86860FFF7A6FC0746414C05E000BFE3
:102F5000FFF7A0FCC01B022857D820680001F7D457
:102F600068688101287A41EA007039498431086033
:102F7000C8F86890FFF78EFC074604E0FFF78AFC6C
:102F8000C01B022841D820680001F7D528788007A7
:102F900052D52F484030016841F0805101600068EF
:102FA0002C4C00F080500090206840F4807020602D
:102FB000FFF770FC074604E0FFF76CFCC01B02281B
:102FC00023D82068C005F7D5214C7034206810F450
:102FD000407020D0A98901F4407181421BD0206843
:102FE0001D4920F44070C1F800900E6020602068F8
:102FF000C00710D0FFF74EFC064641F2883707E0C5
:10300000FFF748FC801BB84202D90320BDE8F883D3
:1030100020688007F4D5E9680D48C1F30122083023
:10302000032A0BD0016821F4F81101602068A989F6
:10303000C1F30B01084320600020E7E70268074B5B
:1030400022F4F81219400A430260EFE700004742F9
:103050000038024000700040400E4742FFFCFF0F66
:103060002DE9F0470E46050065D0DFF81481D8F849
:103070000000F7B200F00F00B04207D288F80070ED
:10308000D8F8000000F00F00B04254D128683D4C41
:10309000810712D5400703D5206840F4E050206036
:1030A0002878000703D5206840F46040206020683D
:1030B000A96820F0F000084320602878C0072DD0D0
:1030C000304968680839012812D0022813D0032833
:1030D00011D00968890700292DDA216821F0030140
:1030E00001432160FFF7D6FB814641F2883A0EE0AA
:1030F00009688903EFE709688901ECE7FFF7CAFB74
:10310000A0EB0901514502D90320BDE8F0872068F2
:10311000696800F00C00B0EB810FEFD1D8F8001017
:10312000404601F00F01B14207D90770006800F076
:103130000F00B04201D00120E7E72878400705D50D
:103140002068E96820F4E0500843206028780007F0
:1031500006D52068296920F4604040EAC10020605B
:1031600000F036F82168084AC1F30311515CC840E9
:10317000064908600F20FFF747FE0020C5E7000062
:10318000003C024008380240D41201082C00002004
:103190000448054900680968044AC1F38221515C6A
:1031A000C84070472C00002008380240E412010893
:1031B0000448054900680968044AC1F34231515C7A
:1031C000C84070472C00002008380240E412010873
:1031D000154810B5006810F00C02144813D01449BB
:1031E000042A0FD0082A0ED10F4C241F226823680E
:1031F00002F03F025B0207D52068C0F38810A0FBF5
:10320000010106E0084610BD2168C1F38811A1FB49
:1032100000010023FDF71EF92168C1F30141491C9B
:103220004900B0FBF1F010BD083802400024F40062
:10323000001BB7002DE9F84F050076D02878DFF89D
:10324000F8B2BE4CC00749D0DBF800105846C1F3B5
:103250008101012908D00068C0F3810002280AD149
:10326000201D0068400206D52068800336D56868B6
:103270000028E2D032E06868B0F5803F10D0B0F5A9
:10328000A02F206810D020F480302060206820F427
:10329000802020606868A0B1FFF7FCFA06460CE0C9
:1032A000206840F48030F4E740F480202060F7E7A5
:1032B000FFF7F0FA801B642873D820688003F7D5E5
:1032C0000CE0FFF7E7FA064605E000BFFFF7E2FA79
:1032D000801B6428F0D820688003F7D42878DFF8B2
:1032E000608280074FF000093ED5DBF80010584699
:1032F00011F00C0F09D00068C0F3810002280BD137
:103300008D48001F0068400206D42068800715D54C
:10331000E868012809D111E0E868B8B10120C8F8CF
:103320000000FFF7B7FA064605E002E1FFF7B2FA40
:10333000801B0228C0D820688007F7D5206829693B
:1033400020F0F80040EAC10020600DE0C8F80090CD
:10335000FFF7A0FA064604E0FFF79CFA801B02285C
:103360001FD820688007F7D42878000722D5724E2E
:10337000744869696C3671B101210160FFF78AFAFE
:10338000074604E0FFF786FAC01B022809D8306818
:103390008007F7D50EE0C0F80090FFF77BFA0746EC
:1033A00005E083E0FFF776FAC01B02287ED830687C
:1033B0008007F7D42878400768D5DFF87CA100277C
:1033C0000AF1380ADAF80000C0000BD4DAF800106D
:1033D00041F08051CAF80010DAF80000012700F02F
:1033E00080500090584E3068C00510D4306840F4CA
:1033F00080703060FFF74EFA009005E0FFF74AFA60
:103400000099401A022851D83068C005F6D54A4EB6
:10341000A868683601280FD00528306810D020F041
:1034200001003060306820F004003060A868B8B156
:10343000FFF730FA00900FE0306840F00100F4E749
:1034400040F004003060F7E7FFF724FA0099411AD2
:1034500041F28830814264D830688007F4D50EE0AC
:10346000FFF718FA009007E0FFF714FA0099411AE5
:1034700041F28830814254D830688007F4D42FB1AB
:10348000DAF8001021F08051CAF80010A869C0B322
:10349000DBF80010C1F3810102294AD00228484616
:1034A00007D0C8F86000FFF7F5F900E039E00546FD
:1034B0003AE04746C8F86000FFF7ECF9064604E03A
:1034C000FFF7E8F9801B02282BD820688001F7D489
:1034D000D5E907010843A96A1C4A490802EB0141E2
:1034E0006A6A41EA8211084395F82C1040EA0161AA
:1034F0001148001F016001203866FFF7CBF905462F
:1035000005E014E0FFF7C6F9401B022809D820683F
:103510008001F7D50BE000BFFFF7BCF9401B022884
:1035200002D90320BDE8F88F20688001F4D4002080
:10353000F8E70120F6E700000838024000380240B2
:1035400000004742800E4742007000400000FFFF2D
:1035500070B5040002D0607F10B106E0012070BD9C
:1035600000202077204600F049F80220607721688B
:10357000CA204862216853204862204601F0FEFFBD
:10358000FF25042618BB206881681B4A1140816012
:103590002168886862681043D4E904231A43104301
:1035A00088602168E068086120680169228941EA31
:1035B000024101612068C16821F08001C16020687A
:1035C0008068800607D4204600F024F818B12068EF
:1035D00045626677C2E72068016C21F480210164AE
:1035E0002068016CA26911430164206845620120D2
:1035F0006077002070BD0000BFFF8FFF00680349A7
:10360000884202D10249012008607047002800402A
:103610003C0E474270B504460068C16821F0A00125
:10362000C160FFF737F905464FF47A7607E000BF2F
:10363000FFF730F9401BB04201D9032070BD20686C
:10364000C0688006F4D5002070BD70B5040005D0B8
:103650000025A56294F8510010B106E0012070BD6C
:1036600084F85050204600F031F8022084F85100D0
:103670002068016821F040010160D4E9010108439C
:10368000D4E903121143084361690843218B01F413
:1036900000710843E1690843216A0843A16A0843AD
:1036A00021680860A069042101EA1040616A0843AA
:1036B000216848602068C16921F40061C1616565C5
:1036C000012084F85100002070BD00002DE9F04178
:1036D00086B0064614216846FCF7F3FF354930688A
:1036E000884264D134480024016841F4805101606B
:1036F000006800F4805005902F481438016841F0AC
:1037000002010160016801F002010591016841F0C8
:10371000010101600068022500F0010005901820F9
:10372000CDE9000502AA03274FF0050882E89001C1
:1037300069462248FEF7D0FF8020CDE9000502AAA5
:10374000694682E890011E48FEF7C6FF1E4D1D48DF
:103750007F062860C5E901744FF48068C5E9034815
:103760006C617812AC61C5E9074028466C62FEF7CF
:10377000F1FE08B1FDF7BBFFF564AE63124D1148D1
:1037800060351830E5E802074020A5E81101C002C5
:1037900045F81449AC61C5E907400B486C626030DC
:1037A000FEF7D8FE08B1FDF7A2FFB564AE6306B020
:1037B000BDE8F0810030014044380240000402407E
:1037C0000000024040640240FC0900202DE9F84F4F
:1037D000044690F8500000270A9E1D4692468B46EC
:1037E0004FF0010901280ED0012084F85000FFF7A6
:1037F00051F8804694F85100616801280CD0B1F569
:10380000827F07D102E00220BDE8F88FA16809B9E4
:10381000042801D00227C2E0BBF1000F27D0BAF183
:10382000000F24D01DB394F85100042802D00520C5
:1038300084F8510000206065C4F838A0E587A587AA
:10384000C4F830B0E586A58620646064206801680D
:10385000490603D4016841F040010160E068B0F519
:10386000006F606805D0E8B3012D46D07FE00127E6
:1038700095E008B1012D39D1206B21680088C8601E
:10388000206B801C2063E08E401EE0862EE02068C6
:10389000816889070FD5E18E69B1B9F1010F0AD1AD
:1038A000216B0988C160206B801C2063E08E401E64
:1038B000E0864FF0000920688168C9070CD0E18FCD
:1038C00051B1C068A16B0880A06B801CA063E08F21
:1038D000401EE0874FF00109FEF7DCFFA0EB080077
:1038E000B04200E009E001D3701C50D1E08E002806
:1038F000CDD1E08F0028CAD13FE0206B216800784D
:103900000873206B401C2063E08E401EE0862EE092
:103910002068816889070FD5E18E69B1B9F1010F7F
:103920000AD1216B09780173206B401C2063E08E63
:10393000401EE0864FF0000920688168C9070CD05E
:10394000E18F51B1C068A16B0870A06B401CA063EF
:10395000E08F401EE0874FF00109FEF79BFFA0EBD0
:103960000800B04202D3701C01D010E07EB1E08E9E
:103970000028CDD1E08F0028CAD1424631462046EA
:1039800002F0CCFF28B101272020606507E0032763
:1039900005E0A06818B92068C1688068009001201F
:1039A00084F85100002084F8500038462CE710B508
:1039B000401EB0F1807F01D3012010BD4FF0E02404
:1039C00060610F21601703F09BFD0020A0610720BC
:1039D0002061002010BD10B590F83C20012A22D0B3
:1039E000012280F83C20CA688C6822F4407222438D
:1039F0004C6822F4806222430C6822F40062224365
:103A00000C6922F4805222434C6922F40052224372
:103A1000C969002322F480420A4301684A6480F89D
:103A20003C30002010BD022010BD70B590F83C2045
:103A3000012A19D0012400F83C4F0222427050F8AC
:103A40003C3C5A689D6822F070060A684968324317
:103A500025F0800529435A6050F83C2C9160447051
:103A600000210170084670BD022070BD10B5040031
:103A700003D094F83D0010B107E0012010BD0020F4
:103A800084F83C00204600F00DF8022084F83D0048
:103A9000211D206803F03CF8012084F83D0000203F
:103AA00010BD000008B52349026823488A4207D1A7
:103AB000016841F001010160006800F001000AE0C6
:103AC0001D491E4B091F9A4207D1086840F00200A9
:103AD000086008681FE0009008BD194B9A4207D1A2
:103AE000086840F004000860086800F00400F2E78D
:103AF000144B9A4207D1086840F008000860086833
:103B000000F00800E7E710498A4207D1016841F058
:103B100002010160006800F00200DCE70B498A4204
:103B2000DAD1016841F400310160006800F400302E
:103B3000D1E700000000014044380240000400408A
:103B400000080040000C0040000401400044014017
:103B500070B5044690F83C00012817D0012584F880
:103B60003C50022084F83D002068826822F07702F1
:103B700022F47F4282600868502830D00DDC202873
:103B80004DD005DC98B310283BD148E0022070BD31
:103B9000302844D0402834D139E0602828D070281B
:103BA00006D0B0F5805F2CD0B0F5005F29D10AE0D7
:103BB000CB68D1E90121206803F01BF820688168F7
:103BC00041F0770109E0CB68D1E90121206803F0D9
:103BD00010F82068816841F48041816011E0CA6872
:103BE0004968206803F0DAF85021206807E016E001
:103BF000CA684968206803F0E2F86021206803F091
:103C000002F884F83D50002084F83C0070BDCA687A
:103C10004968206803F0C2F840212068EFE7226875
:103C200001461046EBE7000030B587B0044614218A
:103C30006846FCF746FD344D2368002433480221D2
:103C40000122AB420FD1036843F010030360006808
:103C500000F01000059008028DE81300CDE9034242
:103C600069462B4811E02B4CA34212D1036843F064
:103C700004030360006800F004000590A0158DE8BF
:103C800007000391049169462348FEF725FD07B01C
:103C900030BD224CA3420FD1036843F008030360F8
:103CA000006800F00800059020148DE807000391DB
:103CB000049169461A48E8E71A4CA34210D10368F8
:103CC00043F080030360006800F0800005904FF42B
:103CD000E0508DE807000391049169461248D4E74B
:103CE000124CA342D3D1036843F020030360006861
:103CF00000F02000059040208DE807000320CDE96A
:103D0000031069460A48C0E700000140303802400D
:103D1000001002400004004000080240000800407B
:103D2000000C0240000C0040001C02400044014016
:103D30000014024070B5044690F83C000D4601287E
:103D40000DD0012684F83C60022084F83D0042B189
:103D5000042A18D0082A2AD00C2A4DD139E0022092
:103D600070BD206802F058FF2068816941F00801A9
:103D700081612068816921F0040181612068816985
:103D80002A69114311E0206802F076FF20688169FA
:103D900041F4006181612068816921F48061816161
:103DA000206881692A6941EA0221816124E0206852
:103DB00002F098FF2068C16941F00801C1612068E4
:103DC000C16921F00401C1612068C1692A691143F8
:103DD00011E0206802F0BAFF2068C16941F4006177
:103DE000C1612068C16921F48061C1612068C16935
:103DF0002A6941EA0221C16184F83D60002084F80B
:103E00003C0070BD10B5040003D094F83D0010B123
:103E100007E0012010BD002084F83C00204600F09F
:103E20000CF8022084F83D00211D206802F070FE8D
:103E3000012084F83D00002010BD704710B50446F5
:103E40000068012202F0C8FE0B492068884202D0B7
:103E50000A49884203D1416C41F400414164206821
:103E6000816801F00701062903D0016841F00101D2
:103E70000160002010BD000000000140000401406E
:103E800010B504460068002202F0A6FE114841F277
:103E9000111221689310814202D00F48814209D14A
:103EA000086A104206D1086A184203D1486C20F40F
:103EB000004048642068016A114206D1016A194233
:103EC00003D1016821F001010160012084F83D0067
:103ED000002010BD000001400004014070470000B8
:103EE00070B5026804461068D168536910F00F0F6E
:103EF00050D003F0010501F4907635435DD0C20740
:103F000005D0CA0503D5E26B42F00102E263420725
:103F100005D5DA0703D0E26B42F00202E2638207C2
:103F200005D5DA0703D0E26B42F00402E263020730
:103F300005D5DA0703D0E26B42F00802E263E26BD8
:103F4000002A33D0800604D5880602D5204602F028
:103F50005EFF20684069E16BC0F38010090700D460
:103F600028B3204602F045FF2068416949061AD56A
:103F7000416921F040014161606BA0B11B490165BD
:103F8000606BFEF704FA002810D0606B016DBDE88D
:103F900070400847830610D58B060ED52046BDE835
:103FA000704002F034BF2046FFF798FF70BD2046F6
:103FB000FFF794FF0020E06370BD030606D50B06F3
:103FC00004D52046BDE8704003F0C2B84006F3D5E2
:103FD0004806F1D5D168204621F04001D16020216A
:103FE00084F8391000F0C9F970BD0000E36D0008D5
:103FF00070B5040004D094F83900002510B106E033
:10400000012070BD84F83850204600F023F82420A9
:1040100084F839002068C16821F40051C16020464D
:1040200002F040FF2068016921F49041016120689D
:10403000416921F02A0141612068C16841F40051C1
:10404000C160E563202084F8390084F83A0000203C
:1040500070BD00002DE9F04F87B005461421684679
:10406000FCF72FFB9148DFF8408214380221D5F885
:1040700000C0DFF83892012203230F040024061544
:104080004FF0070EC4455DD1D9F8008048F0100804
:10409000C9F80080D9F800C00CF0100CCDF814C09D
:1040A000D0F800C04CF0020CC0F800C0D0F800C03E
:1040B0000CF0020CCDF814C0D0F800C04CF0010C8C
:1040C000C0F800C000688B4600F001000590802019
:1040D000CDE9000B0292CDE9033E92469846F146A7
:1040E00069467348FEF7F8FA7010CDE9000BCDF879
:1040F00008A069466F48CDE90389FEF7EDFADFF8BD
:10410000BC816D494046C8F800107104C0E9011433
:10411000C0E90346C8F81440C8F81840C8E9074782
:10412000C8F82440FEF716FA08B1FDF7E0FAC5F822
:104130003480002205212520C8F83850FEF7AEFE55
:1041400025204AE0DFF87881C4454BD1DFF85CC117
:10415000ACF1040CDCF8008048F48028CCF8008036
:10416000DCF800C00CF4802CCDF814C0D0F800C0EE
:104170004CF0040CC0F800C0006800F0040005908A
:104180004FF440608DE80F4069464E48FEF7A4FAB0
:10419000DFF828814C4908F160084046C8F8001053
:1041A0004FF00061C0E90114C0E90346C8F81440AB
:1041B000C8F81840C8E90747C8F82440FEF7CAF90C
:1041C00008B1FDF794FAC5F83480002204212720B5
:1041D000C8F83850FEF762FE2720FEF751FE07B000
:1041E000BDE8F08FDFF8E480C445F8D1D9F800804D
:1041F00048F02008C9F80080D9F800C00CF0200C65
:10420000CDF814C0D0F800C04CF0400CC0F800C08D
:10421000006800F0400005904FF484408DE80F00E6
:104220000820049069462A48FEF756FADFF88C8089
:10423000214908F1C008603940464FF02069C8F8AC
:104240000010C0E90194C0E90346C8F81440C8F85A
:104250001840C8E90747C8F82440FEF77BF908B1C1
:10426000FDF745FA14481B4FC5F834801830C8F8DC
:104270003850E7E80209402051C7800247F8144946
:10428000BC61C7E9074013487C62FEF763F908B1D7
:10429000FDF72DFA2F63002205214720BD63FEF7AD
:1042A000FDFD472099E7000000100140443802401E
:1042B000000402400000024088640240FC0C002020
:1042C00000480040000802402860024000140140FD
:1042D000001802401C0E002090F83A30202B22D10A
:1042E000F9B1F2B190F83830012B1CD0816282858F
:1042F000C2850021C163222280F83A2080F838105C
:104300000168CA6842F48072CA6001684A6942F072
:1043100001024A610068C16841F02001C1600020CB
:104320007047012070470220704700000249884210
:1043300001D106F0C3B870473C0C002090F839302A
:10434000202B18D1A9B1A2B190F83830012B12D08E
:1043500001628284C2840021C163212280F8392055
:1043600080F838100068C16841F08001C160002009
:10437000704701207047022070477047FEE70168D0
:104380004A69D24352050FD46FF480624A6100211A
:1043900040F8301F202242738173026942F0040208
:1043A0000261017301207047002070472DE9F84F2A
:1043B0000446006889460B9D01689846174641F4FB
:1043C000806101602068016841F48071016000959E
:1043D0004FF0011A0022514620460A9B00F0CAF80D
:1043E000002853D1216809F0FE0008610AF1010B91
:1043F0002B46594620460A9A00F0F0F8F0BB206898
:104400004169806900902A4620460A9900F064F9C3
:1044100040B1206C042839D12068016841F4007152
:10442000016033E0FEB2B8F1010F09D02168380A0B
:1044300008612A4620460A9900F04EF90028E8D182
:10444000206806612A4620460A9900F045F90028AE
:10445000DFD12068016841F480710160009500227D
:10446000514620460A9B00F085F838B9216809F0CA
:10447000FF0040F0010008612B4600E006E05946CD
:1044800020460A9A00F0AAF8002800D00120BDE8D2
:10449000F88F00002DE9F843044600680D46DDE979
:1044A000089701689846164641F4807101604B46B2
:1044B00000224FF001112046009700F05BF8E0B9B0
:1044C000216805F0FE0008613B464A461549204632
:1044D00000F084F888B920684169806900903A4604
:1044E0004946204600F0F8F850B1206C042804D169
:1044F0002068016841F4007101600120BDE8F88383
:10450000F5B2B8F1010F09D02168300A08613A46C6
:104510004946204600F0E0F80028E6D12068056111
:104520000020EBE70200010070B516460D46044678
:104530000DE02046FFF723FF08B1012070BD681C85
:1045400005D0FEF7A7F9801BA84207D835B120682F
:104550004069C0434007ECD4002070BD002044F8FF
:10456000300F20216173A073216941F02001216186
:104570002073E2E72DE9F0471E4690460D460446BB
:10458000C1F30747DDF8209008E0701C06D0FEF765
:1045900081F9A0EB0900B0420FD876B12068012F55
:1045A00018D0806925EA00000004000C14D0002116
:1045B0004145EAD00020BDE8F087002044F8300FE4
:1045C00020216173A073216941F0200121612073D2
:1045D0000120F0E74069E5E70121E9E72DE9F0472F
:1045E0009A4691460E46044600254FF02008C1F336
:1045F000074725E020684069C043400514D420687F
:10460000016841F40071016021686FF480604861C5
:10461000256384F83D8084F83E50206C40F004000F
:10462000206484F83C501FE0B9F1FF3F08D0FEF74A
:1046300031F9A0EB0A0149450CD8B9F1000F09D0B6
:104640002068012F13D0806926EA00000004000CC6
:104650000BD0CFE744F8305F84F80D80A573206954
:1046600040F02000206125730120BDE8F0874069FB
:10467000EAE72DE9F041002590460E460446202742
:1046800017E04069C043C0060CD454F8301B6FF0EB
:104690001000486144F810596777A577206A2062B6
:1046A000257717E0FEF7F6F8A0EB0800B04208D82F
:1046B0003EB120684169C9434906E2D40020BDE803
:1046C000F08144F8305F6773A573206940F02000E3
:1046D000206125730120F2E770B516460D460446A9
:1046E0000DE02046FFF74BFE08B1012070BD681CAD
:1046F00005D0FEF7CFF8801BA84207D835B1206857
:104700004069C0430006ECD4002070BD002044F88E
:10471000300F20216173A073216941F020012161D4
:104720002073E2E70EB5072000E0642008F0CEFD1C
:10473000FCF724FC0028F8D102E0642008F0C6FD54
:1047400008F0F0FA0028F8D17F4A101DCDE90102E7
:10475000A2F1100808F10401FCF728FC4346A3F17C
:10476000340208F1480AA2F10C01A1F10C00CDF8C5
:1047700000A008F023F9DFED750A9FED750A754A70
:10478000002108F1640000F08BFEA8F13402A2F1D0
:104790000C0101F11800FCF75DF9A8F14007A7F141
:1047A000180597ED000AA5F10C0685ED000AA5F1A4
:1047B000180986ED000A89ED000A97ED010A00202C
:1047C00085ED010A86ED010A89ED010A97ED020ADD
:1047D00085ED020A86ED020A89ED020A08F0ACFDB9
:1047E0000AF00EFD5C4C5D4920611020C86108464E
:1047F000FEF72BFF08B1FCF77AFF5749082220315A
:10480000A1F1080002F012F8012020714FF0FF3BE7
:104810005946012009F028FE0128F9D12078000727
:1048200008D5207820F0080020704B4801992130ED
:10483000FCF774FB607840070BD5607820F004002B
:104840006070414A08F104011032A2F12A00FCF71D
:104850001BFBA07840070CD5A07820F00400A070C6
:104860003D4802991630FCF77BFC98ED040A08F0ED
:10487000A9F9354BCDF800A0103BA3F13402A2F109
:104880000C01A1F10C0008F099F8D6ED000A9FED9B
:10489000341AC9ED000A95ED000A2B4B86ED000A8B
:1048A00060EE011A9FED2F0A97ED002A443B40EE7F
:1048B000801ADFED2D0AA3F1240202F10C0101F1AF
:1048C000240042EE201AC5ED001AD6ED011AC9EDFA
:1048D000011A95ED012A86ED012A22EE012A01EE48
:1048E000802AD7ED011A01EEA02A85ED012AD6ED26
:1048F000021AC9ED021A95ED022A86ED022A22EE6D
:10490000011A01EE801A97ED020A00EE201A9FEDBF
:10491000170A85ED021AFCF7F7F90B4B203B1A1F1B
:10492000111FA1F1100007F053F9E07810F0010019
:10493000E0703FF46DAFE07820F00100E070E078C7
:1049400040F00200E07063E7F07E002000808945BF
:1049500000A08C457013010830010020A40900203C
:104960005AF8F63F5D896EBFD5A9183B6F12833A9E
:104970002DE9F04F09ACDDE90C6594E880060024D0
:10498000DDF838B007E000BFC4F10208641C00F88D
:1049900008C0032C04DA11F804C0BCF1000FF3D1F5
:1049A00010F8031F62F302010170018863F389119B
:1049B0000180417867F385014170828869F30902BB
:1049C0008280B0F805206AF38C02A0F80520C18827
:1049D00066F34F11C180B0F8091065F38C01A0F89F
:1049E000091042896BF34F124281BDE8F08F00003D
:1049F0007FB5002415480094019402941249039451
:104A000001604FF48031C0E901140461047680F83C
:104A100020400F49C0E90A140125C561C46080F82F
:104A200030404561FCF782FF08B1FCF760FE1020C2
:104A3000CDE90005694602940448FCF7D1FE002840
:104A400001D0FCF754FE7FBD002001407C0E002009
:104A50000100000F7FB500241548009401940294D2
:104A60001249039401604FF48031C0E901140461DC
:104A7000047680F820400F49C0E90A140125C56179
:104A8000C46080F830404561FCF750FF08B1FCF786
:104A90002EFE0820CDE90005694602940448FCF783
:104AA0009FFE002801D0FCF722FE7FBD00220140BE
:104AB000C40E00200100000F0F4810B50D49016021
:104AC0000321416000214FF410228160C0E90312EC
:104AD0004FF400124261017641768176C17601770A
:104AE0004177FDF704FA002803D0BDE81040FCF739
:104AF000FEBD10BD00640040E00800200F4810B566
:104B00000D4901600321416000214FF410228160B2
:104B1000C0E903124FF400124261017641768176BA
:104B2000C17601774177FDF7E2F9002803D0BDE8AF
:104B30001040FCF7DCBD10BD0068004008090020F3
:104B4000214808B5016841F400110160016801F4D1
:104B500000110091016841F48001016000680022A9
:104B600000F48000009005210C20FEF797F90C203E
:104B7000FEF786F9002205213920FEF78FF939204A
:104B8000FEF77EF9002205213A20FEF787F93A2048
:104B9000FEF776F9002205213B20FEF77FF93B2046
:104BA000FEF76EF9002205214420FEF777F9442034
:104BB000FEF766F9002205214520FEF76FF9BDE8F2
:104BC00008404520FEF75CB93038024010B5B2B05D
:104BD0001C2227496846FBF718FD0021684608F0AB
:104BE00081FB244C22491C22A0611C3107A8FBF741
:104BF0000CFD002107A808F075FB1D4960601C2210
:104C000038310EA8FBF701FD00210EA808F06AFB61
:104C10001749A0601C22543115A8FBF7F6FC0021AF
:104C200015A808F05FFB124920601C2270311CA8F7
:104C3000FBF7EBFC00211CA808F054FB0C49206199
:104C40001C228C3123A8FBF7E0FC002123A808F0EC
:104C500049FB074960611C22A8312AA8FBF7D5FC53
:104C600000212AA808F03EFBE06032B010BD000031
:104C700008120108000000202DE9F04387B014213C
:104C80006846FBF71EFD5F480026016841F00201FF
:104C90000160016801F002010591016841F04001E5
:104CA0000160016801F040010591016841F00101D6
:104CB0000160016801F001010591016841F00801FE
:104CC0000160016801F008010591016841F00401EB
:104CD0000160016801F004010591016841F0800163
:104CE0000160016801F080010591016841F0200137
:104CF0000160016801F020010591016841F0100197
:104D000001600068404F00F0100005900122402132
:104D10003846FDF7B9FDDFF8F48001221021404646
:104D2000FDF7B2FDDFF8E890012211464846FDF795
:104D3000ABFD01244020CDE90004029469463846C9
:104D40000394FDF7C9FC334D0920CDE90005694600
:104D500002943846FDF7C0FC0720CDE900062E4F2F
:104D6000694638460296FDF7B7FC1020CDE90004ED
:104D70000226CDE9024669464046FDF7ADFC3020EB
:104D8000CDE90005694602943846FDF7A5FCE0022E
:104D9000CDE90005694602942048FDF79DFCCDE968
:104DA00002460094694648460194FDF795FC0621A9
:104DB00000220846FEF772F80620FEF761F800228E
:104DC00005210920FEF76AF80920FEF759F80022AC
:104DD00005210A20FEF762F80A20FEF751F80022AA
:104DE00005211720FEF75AF81720FEF749F8002290
:104DF00005212820FEF752F82820FEF741F807B0D9
:104E0000BDE8F08330380240001802400000024044
:104E1000000402400000211000080240001002407F
:104E20000D4810B50B4901600C49416000214FF459
:104E300080428160C0E9031241618161C161016208
:104E4000FDF72EFD002803D0BDE81040FCF74FBC55
:104E500010BD0000005C004030090020801A0600F0
:104E60000C4810B50A49016000217C22C0E90112FA
:104E700040F67F42C0E9032141618161FEF768FB92
:104E8000002803D0BDE81040FCF731BC10BD000085
:104E90000028004084090020104810B50E49016028
:104EA0004FF482714160002102228160C0E9031247
:104EB00001224261520282613822C0E90721416227
:104EC00081620A21C162FEF7C0FB002803D0BDE861
:104ED0001040FCF70CBC10BD00300140A4090020BC
:104EE00010B588B01C216846FBF7EBFB144813494A
:104EF0000024C0E9001441F28731C0E90241046195
:104F00008461FEF7B3FD08B1FCF7F1FB0C48FEF736
:104F100079FF08B1FCF7EBFB6020CDE900040294B7
:104F20000022694606480494FEF704FF08B1FCF726
:104F3000DEFB0348FEF778FE08B010BD00440140D8
:104F4000FC0B002010B596B000240F94109411941F
:104F5000129413941C2108A81494FBF7B2FB20218F
:104F60006846FBF7AEFB2A4828490160A721C0E943
:104F7000011444F61F61C0E903148021C0E9054112
:104F8000FEF774FD08B1FCF7B2FB4FF480500F90B0
:104F90000FA91F48FEF7DCFD08B1FCF7A8FB1C4871
:104FA000FEF730FF08B1FCF7A2FB139413A91848D1
:104FB0001494FEF73AFD08B1FCF799FB60200890C5
:104FC0004FF4FA60CDE909040B940C940D9400227F
:104FD00008A90F480E94FEF7ADFE08B1FCF787FB59
:104FE00000944FF40050CDE90440029401940394DE
:104FF000694607480794FEF7EEFC08B1FCF777FB1B
:105000000348FEF711FE16B010BD0000000001407D
:10501000BC0A002010B58EB00024079408940994AF
:105020000A940B941C2168460C94FBF74AFB1E481B
:105030001C49C0E9001442F2CF01C0E902410461F9
:105040008461FEF713FD08B1FCF751FB4FF480506B
:10505000079007A91448FEF77BFD08B1FCF747FB52
:105060001148FEF7CFFE08B1FCF741FB0B940BA9EA
:105070000D480C94FEF7D9FC08B1FCF738FB602012
:10508000CDE9000402940822694607480494FEF71B
:1050900051FE08B1FCF72BFB0348FEF7C5FD0EB02F
:1050A00010BD000000040040FC0A002010B58EB0C6
:1050B00000240794089409940A940B941C216846D0
:1050C0000C94FBF7FEFA1E481C490160A721C0E9B9
:1050D00001144FF6FF71C0E903148461FEF7C6FCAA
:1050E00008B1FCF704FB4FF48050079007A914485F
:1050F000FEF72EFD08B1FCF7FAFA1148FEF782FE22
:1051000008B1FCF7F4FA0B940BA90D480C94FEF7C8
:105110008CFC08B1FCF7EBFA6020CDE900040294A6
:105120000822694606480494FEF704FE08B1FCF71D
:10513000DEFA0348FEF778FD0EB010BD000800400F
:105140003C0B002010B58EB00024079408940994FD
:105150000A940B941C2168460C94FBF7B2FA26487B
:105160002449C0E900144FF6FF71C0E9024104610F
:105170008461FEF77BFC08B1FCF7B9FA4FF480506C
:10518000079007A91C48FEF7E3FC08B1FCF7AFFA4B
:105190001948FEF737FE08B1FCF7A9FA0B940BA9E2
:1051A00015480C94FEF741FC08B1FCF7A0FA60200A
:1051B000CDE900040294002269460F480494FEF7EA
:1051C000B9FD08B1FCF793FA042269460A48FEF7D4
:1051D000B1FD08B1FCF78BFA082269460648FEF7D4
:1051E000A9FD08B1FCF783FA0348FEF71DFD0EB0D8
:1051F00010BD0000000C00407C0B002010B586B0F4
:1052000000241748009401940294039404941349D1
:1052100005940160A721C0E9011444F61F61C0E9AB
:10522000031444618461FEF721FC08B1FCF75FFAC6
:105230004FF48050009069460948FEF789FC08B198
:10524000FCF755FA049404A905480594FEF7EDFB14
:10525000002801D0FCF74BFA06B010BD0004014055
:10526000BC0B00200C4810B50A4901604FF4E13135
:105270004160002181600C22C160C0E9041281619B
:10528000C161FEF7B5FE002803D0BDE81040FCF771
:105290002EBA10BD001001403C0C00200D4810B586
:1052A0000B4901600C49416000214FF4806281602C
:1052B000C0E903120C22C0E90521C161FEF798FE86
:1052C000002803D0BDE81040FCF711BA10BD000063
:1052D000004800407C0C0020A08601000C4810B55E
:1052E0000A4901604FF4E1314160002181600C22E4
:1052F000C160C0E904128161C161FEF779FE002836
:1053000003D0BDE81040FCF7F2B910BD0014014015
:10531000BC0C0020FEE70000154990ED131AD1EDFA
:10532000020A71EE600AC0ED100AF5EEC00AF1EE55
:1053300010FA02DD30EEC00A01E030EE800AB0EE75
:10534000E02AF0EEC01AF4EEC21AF1EE10FA02D220
:1053500080ED110A01E0C0ED110A90ED0E0AD0EDCA
:10536000110A30EE200A80ED0E0A81ED021A704714
:10537000E401002070470000A0B1D0ED101AC0ED8C
:10538000111A90ED0F1A80ED101AC0ED060A80ED8B
:10539000070A30EEC00A80ED0F0A017829B1012911
:1053A0003BD078E09FED3D0A7047D0ED010A60EEFA
:1053B000801AC0ED091AD0ED0A0A90ED022A42EED9
:1053C000000A30EE410AC0ED0A0A90ED0D2A80ED88
:1053D0000E2A90ED0C2A80ED0D2A80ED0C0A90ED3E
:1053E000031A21EE001A80ED0B1A90ED050AF4EE77
:1053F000C00AF1EE10FA09DCB1EE400AF4EEC00A80
:10540000F1EE10FA02D390ED0A0A01E080ED0A0AEB
:1054100031EE800A30EE010A2BE070EE410A90ED89
:10542000012A20EE822A80ED092AD0ED020A60EEE0
:10543000800AC0ED0A0AD0ED0D2A72EE200AC0EDF6
:105440000E2AD0ED0C2AC0ED0D2AF0EE002A01EE56
:10545000620A30EE210A80ED0C0A90ED031A21EE6B
:10546000000A80ED0B0A30EE800AD0ED080A30EE1B
:10547000200A80ED080AD0ED040AB4EEE00AF1EE4D
:1054800010FA06DCF1EE600AB4EEE00AF1EE10FA72
:1054900001D2C0ED080A90ED080A70470000000034
:1054A000002828D0002A26D0017092ED001A80ED45
:1054B000011A92ED011A80ED021A92ED021A80EDA6
:1054C000031A80ED040A9FED0C0AC0ED050A80ED79
:1054D0000E0A80ED0D0A80ED0C0A80ED080A80EDC1
:1054E0000B0A80ED0A0A80ED090A80ED110A80EDB1
:1054F000100A80ED0F0A70470000000030B5144B11
:105500001C68656945F0400565611B68DC6844F00E
:105510001004DC600F4B1C68256825F00105256030
:105520001C682568ED07F7D11D680B4CAC601C6842
:10553000E06018680161186842601868016841F409
:10554000802101601868016841F00101016030BDEF
:105550007C0C00205C0D002004480040002801DC89
:10556000404200B2704710B50446B0F90600FFF79C
:10557000F5FF042801DA0020E08010BD70B5044674
:105580000068C168490614D44FF0FF31C160FDF7CF
:1055900081F905464FF47A7607E000BFFDF77AF906
:1055A000401BB04201D9032070BD2068C06840068E
:1055B000F4D5002070BD00002DE9F74FF84981B007
:1055C0000868026822F001020260F6480268136867
:1055D00023F00103136003E00A6822F001020A606D
:1055E000EF4909680A68D207F6D103E0016821F0A3
:1055F00001010160EB4800680168C907F6D1EA487B
:10560000EA4AEB4BD0F84C90E84CE94DE74EE84FB6
:10561000DFF898E3DFF894C3D9F80000E449483A8A
:10562000603318341835303E78374FF4006A0CF187
:10563000300C704535D9884205D0904203D098424D
:1056400001D0A04201D1202026E0A84205D0B042DE
:1056500003D0B84201D0604501D150461CE0DFF8CC
:10566000508308F13008404511D0DFF84083A8F19D
:10567000180840450BD0DFF8388308F19008404502
:1056800005D0DFF8288308F14808404502D14FF4DF
:10569000001001E04FF00060DFF81083A8F14C0823
:1056A0003AE0DFF80C8308F1A808404537D9884272
:1056B00005D0904203D0984201D0A04201D12020D1
:1056C00026E0A84205D0B04203D0B84201D06045E0
:1056D00001D150461CE0DFF8D88208F1300840457F
:1056E00011D0DFF8C882A8F1180840450BD0DFF8C8
:1056F000C08208F19008404505D0DFF8B08208F17B
:105700004808404502D14FF4001001E04FF000601E
:10571000DFF89882A8F15008C8F8000074E0DFF8BC
:10572000908208F14808404537D9884205D0904218
:1057300003D0984201D0A04201D1202026E0A84207
:1057400005D0B04203D0B84201D0604501D15046E7
:105750001CE0DFF85C8208F13008404511D0DFF82A
:105760004C82A8F1180840450BD0DFF8448208F1BC
:105770009008404505D0DFF8348208F148084045DC
:1057800002D14FF4001001E04FF00060DFF82082FA
:10579000A8F11008C8F80C0036E0884205D0904205
:1057A00003D0984201D0A04201D1202026E0A84297
:1057B00005D0B04203D0B84201D0604501D1504677
:1057C0001CE0DFF8EC8108F13008404511D0DFF82B
:1057D000DC81A8F1180840450BD0DFF8D48108F12E
:1057E0009008404505D0DFF8C48108F148084045DD
:1057F00002D14FF4001001E04FF00060DFF8B081FB
:10580000A8F11008C8F80800D9F800004FF4806B20
:10581000704535D9884205D0904203D0984201D0D6
:10582000A04201D1102026E0A84205D0B04203D00A
:10583000B84201D0604501D158461CE0DFF87081C4
:1058400008F13008404511D0DFF86081A8F1180850
:1058500040450BD0DFF8588108F19008404505D04D
:10586000DFF8488108F14808404502D14FF4801024
:1058700001E04FF08060DFF83481A8F14C083AE095
:10588000DFF82C8108F1A808404537D9884205D0B7
:10589000904203D0984201D0A04201D1102026E0CE
:1058A000A84205D0B04203D0B84201D0604501D132
:1058B00058461CE0DFF8F88008F13008404511D068
:1058C000DFF8E880A8F1180840450BD0DFF8E08049
:1058D00008F19008404505D0DFF8D08008F148086D
:1058E000404502D14FF4801001E04FF08060DFF8B6
:1058F000BC80A8F15008C8F800007AE0DFF8B0805A
:1059000008F14808404537D9884205D0904203D075
:10591000984201D0A04201D1102026E0A84205D033
:10592000B04203D0B84201D0604501D158461CE0D6
:10593000DFF87C8008F13008404511D0DFF86C803A
:10594000A8F1180840450BD0DFF8648008F19008F2
:10595000404505D0DFF8548008F14808404502D1A1
:105960004FF4801001E04FF08060DFF84480A8F130
:105970001008C8F80C003CE0884205D0904203D0E3
:10598000984201D0A04201D110202CE0A84205D0BD
:10599000B04203D0B84201D060450BD1584622E056
:1059A000FC0900205C0A0020A40900205864024081
:1059B00010600240DFF8688940450FD0DFF8648945
:1059C00040450BD0DFF8588908F16008404505D004
:1059D000DFF8508908F16008404502D14FF480108B
:1059E00001E04FF08060DFF83889A8F14008C8F87E
:1059F0000800D9F80000704532D9884205D090429D
:105A000003D0984201D0A04201D1082023E0A8424F
:105A100005D0B04203D0B84201D0604502D14FF466
:105A2000007018E0DFF8F88840450FD0DFF8F48800
:105A300040450BD0DFF8E88808F16008404505D004
:105A4000DFF8E08808F16008404502D14FF40020FB
:105A500001E04FF00070DFF8CC88A8F1340837E09F
:105A6000DFF8BC8808F17808404534D9884205D071
:105A7000904203D0984201D0A04201D1082023E0F7
:105A8000A84205D0B04203D0B84201D0604502D14F
:105A90004FF4007018E0DFF8888840450FD0DFF839
:105AA000848840450BD0DFF8788808F160084045CD
:105AB00005D0DFF8708808F16008404502D14FF446
:105AC000002001E04FF00070DFF85888A8F1380896
:105AD000C8F800006EE0DFF8488808F11808404573
:105AE00034D9884205D0904203D0984201D0A042D8
:105AF00001D1082023E0A84205D0B04203D0B8422B
:105B000001D0604502D14FF4007018E0DFF8108832
:105B100040450FD0DFF80C8840450BD0DFF80088F7
:105B200008F16008404505D0DFF8F88708F1600803
:105B3000404502D14FF4002001E04FF00070DFF843
:105B4000E087A8F14008C8F80C0033E0884205D08F
:105B5000904203D0984201D0A04201D1082023E016
:105B6000A84205D0B04203D0B84201D0604502D16E
:105B70004FF4007018E0DFF8A88740450FD0DFF839
:105B8000A48740450BD0DFF8988708F160084045AE
:105B900005D0DFF8908708F16008404502D14FF446
:105BA000002001E04FF00070DFF87487A8F1400892
:105BB000C8F80800DFF86C87D9F8000008F1180869
:105BC0004FF4807E404531D9884205D0904203D0C1
:105BD000984201D0A04201D1042022E0A84205D081
:105BE000B04203D0B84201D0604501D1704618E000
:105BF000DFF82C8740450FD0DFF8288740450BD0D1
:105C0000DFF81C8708F16008404505D0DFF81487ED
:105C100008F16008404502D14FF4802001E04FF0C8
:105C20008070DFF80087A8F1340836E0DFF8F086EE
:105C300008F17808404533D9884205D0904203D016
:105C4000984201D0A04201D1042022E0A84205D010
:105C5000B04203D0B84201D0604501D1704618E08F
:105C6000DFF8BC8640450FD0DFF8B88640450BD042
:105C7000DFF8AC8608F16008404505D0DFF8A4865F
:105C800008F16008404502D14FF4802001E04FF058
:105C90008070DFF89086A8F13808C8F800006CE042
:105CA000DFF87C8608F11808404533D9884205D0D2
:105CB000904203D0984201D0A04201D1042022E0BA
:105CC000A84205D0B04203D0B84201D0604501D10E
:105CD000704618E0DFF8488640450FD0DFF844866C
:105CE00040450BD0DFF8388608F16008404505D004
:105CF000DFF8308608F16008404502D14FF480207B
:105D000001E04FF08070DFF81886A8F14008C8F86D
:105D10000C0032E0884205D0904203D0984201D076
:105D2000A04201D1042022E0A84205D0B04203D015
:105D3000B84201D0604501D1704618E0DFF8E08537
:105D400040450FD0DFF8DC8540450BD0DFF8D0852B
:105D500008F16008404505D0DFF8C88508F1600803
:105D6000404502D14FF4802001E04FF08070DFF811
:105D7000B085A8F14008C8F80800DFF8A885D9F870
:105D8000000008F118084FF48039404530D98842A6
:105D900005D0904203D0984201D0A04201D1012009
:105DA00021E0A84205D0B04203D0B84201D06045FE
:105DB00001D1402017E0DFF8688540450FD0DFF8BB
:105DC000648540450BD0DFF8588508F160084045F0
:105DD00005D0DFF8508508F16008404501D14846FC
:105DE00001E04FF48000DFF83C85A8F1340835E08D
:105DF000DFF82C8508F17808404532D9884205D073
:105E0000904203D0984201D0A04201D1012021E06C
:105E1000A84205D0B04203D0B84201D0604501D1BC
:105E2000402017E0DFF8F88440450FD0DFF8F48415
:105E300040450BD0DFF8E88408F16008404505D004
:105E4000DFF8E08408F16008404501D1484601E0F0
:105E50004FF48000DFF8CC84A8F13808C8F80000BF
:105E60006AE0DFF8BC8408F11808404532D988425E
:105E700005D0904203D0984201D0A04201D1012028
:105E800021E0A84205D0B04203D0B84201D060451D
:105E900001D1402017E0DFF8888440450FD0DFF8BB
:105EA000848440450BD0DFF8788408F160084045D1
:105EB00005D0DFF8708408F16008404501D14846FC
:105EC00001E04FF48000DFF85884A8F14008C8F8DA
:105ED0000C0031E0884205D0904203D0984201D0B6
:105EE000A04201D1012021E0A84205D0B04203D058
:105EF000B84201D0604501D1402017E0DFF820848E
:105F000040450FD0DFF81C8440450BD0DFF81084EB
:105F100008F16008404505D0DFF8088408F1600802
:105F2000404501D1484601E04FF48000DFF8F0839E
:105F3000A8F14008C8F80800FB48DFF8E883806C47
:105F4000009008F118080068404531D9884205D012
:105F5000904203D0984201D0A04201D1202022E0FB
:105F6000A84205D0B04203D0B84201D0604501D16B
:105F7000504618E0DFF8A88340450FD0DFF8A4832F
:105F800040450BD0DFF8988308F16008404505D004
:105F9000DFF8908308F16008404502D14FF400100B
:105FA00001E04FF00060DFF87C83A8F1340836E0B0
:105FB000DFF86C8308F17808404533D9884205D072
:105FC000904203D0984201D0A04201D1202022E08B
:105FD000A84205D0B04203D0B84201D0604501D1FB
:105FE000504618E0DFF8388340450FD0DFF834839F
:105FF00040450BD0DFF8288308F16008404505D004
:10600000DFF8208308F16008404502D14FF400100A
:1060100001E04FF00060DFF80C83A8F13808C8F801
:1060200000006CE0DFF8F88208F11808404533D929
:10603000884205D0904203D0984201D0A04201D1BD
:10604000202022E0A84205D0B04203D0B84201D0BF
:10605000604501D1504618E0DFF8C48240450FD0BA
:10606000DFF8C08240450BD0DFF8B48208F1600849
:10607000404505D0DFF8AC8208F16008404502D108
:106080004FF4001001E04FF00060DFF89482A8F1B7
:106090004008C8F80C0032E0884205D0904203D096
:1060A000984201D0A04201D1202022E0A84205D090
:1060B000B04203D0B84201D0604501D1504618E04B
:1060C000DFF85C8240450FD0DFF8588240450BD0A6
:1060D000DFF84C8208F16008404505D0DFF84482C3
:1060E00008F16008404502D14FF4001001E04FF084
:1060F0000060DFF82C82A8F14008C8F8080000987A
:10610000DFF820A200680AF1180A504531D9884208
:1061100005D0904203D0984201D0A04201D1102076
:1061200022E0A84205D0B04203D0B84201D0604579
:1061300001D1584618E0DFF8E88140450FD0DFF87C
:10614000E48140450BD0DFF8D88108F16008404574
:1061500005D0DFF8D08108F16008404502D14FF446
:10616000801001E04FF08060DFF8B881A8F13408BA
:1061700036E0DFF8AC8108F17808404533D9884231
:1061800005D0904203D0984201D0A04201D1102006
:1061900022E0A84205D0B04203D0B84201D0604509
:1061A00001D1584618E0DFF8788140450FD0DFF87C
:1061B000748140450BD0DFF8688108F160084045E4
:1061C00005D0DFF8608108F16008404502D14FF446
:1061D000801001E04FF08060DFF84881A8F13808B6
:1061E000C8F800006CE0DFF8388108F11808404575
:1061F00033D9884205D0904203D0984201D0A042C2
:1062000001D1102022E0A84205D0B04203D0B8420C
:1062100001D0604501D1584618E0DFF804814045BF
:106220000FD0DFF8008140450BD0DFF8F48008F193
:106230006008404505D0DFF8EC8008F16008404573
:1062400002D14FF4801001E04FF08060DFF8D08081
:10625000A8F14008C8F80C0032E0884205D090420E
:1062600003D0984201D0A04201D1102022E0A842E0
:1062700005D0B04203D0B84201D0604501D15846A4
:1062800018E0DFF89C8040450FD0DFF8988040454B
:106290000BD0DFF88C8008F16008404505D0DFF8AE
:1062A000848008F16008404502D14FF4801001E07D
:1062B0004FF08060DFF86880A8F14008C8F8080057
:1062C00000980068504536D9884205D0904203D0E6
:1062D000984201D0A04201D1082029E0A84205D06F
:1062E000B04203D0B84201D0604502D14FF40070F3
:1062F0001EE0DFF82C8040450FD0DFF828804045B5
:106300000BD0DFF81C8008F16008404505D0DFF8AD
:10631000148008F16008404508D14FF4002007E0E0
:106320004060024040640240A40900204FF0007029
:10633000DFF8E88439E0DFF8E884404538D988425E
:1063400005D0904203D0984201D0A04201D108204C
:1063500027E0A84205D0B04203D0B84201D0604542
:1063600002D14FF400701CE0DFF8B484A8F1780883
:10637000404511D0DFF8A48408F1340840450BD023
:10638000DFF89C84A8F11808404505D0DFF88C841C
:1063900008F19408404502D14FF4002001E04FF08D
:1063A0000070DFF87884A8F10408C8F8000076E0EF
:1063B000DFF86C84A8F16008404538D9884205D0E0
:1063C000904203D0984201D0A04201D1082027E09A
:1063D000A84205D0B04203D0B84201D0604502D1F6
:1063E0004FF400701CE0DFF83884A8F178084045CD
:1063F00011D0DFF8288408F1340840450BD0DFF8CD
:106400002084A8F11808404505D0DFF8108408F171
:106410009408404502D14FF4002001E04FF0007095
:10642000DFF8FC83A8F1B808C8F80C0037E0884210
:1064300005D0904203D0984201D0A04201D108205B
:1064400027E0A84205D0B04203D0B84201D0604551
:1064500002D14FF400701CE0DFF8C483A8F1780883
:10646000404511D0DFF8B48308F1340840450BD023
:10647000DFF8AC83A8F11808404505D0DFF89C830D
:1064800008F19408404502D14FF4002001E04FF09C
:106490000070DFF88C83A8F1B808C8F808000098ED
:1064A0000068504533D9884205D0904203D09842C5
:1064B00001D0A04201D1042026E0A84205D0B0427C
:1064C00003D0B84201D0604501D170461CE0DFF82E
:1064D0005083A8F17808404511D0DFF8408308F1D7
:1064E000340840450BD0DFF83883A8F11808404540
:1064F00005D0DFF8288308F19408404502D14FF415
:10650000802001E04FF08070DFF8108338E0DFF882
:106510001083404537D9884205D0904203D0984235
:1065200001D0A04201D1042026E0A84205D0B0420B
:1065300003D0B84201D0604501D170461CE0DFF8BD
:10654000E082A8F17808404511D0DFF8D08208F148
:10655000340840450BD0DFF8C882A8F11808404540
:1065600005D0DFF8B88208F19408404502D14FF415
:10657000802001E04FF08070DFF8A082A8F10408CD
:10658000C8F8000074E0DFF89882A8F16008404580
:1065900037D9884205D0904203D0984201D0A0421A
:1065A00001D1042026E0A84205D0B04203D0B84271
:1065B00001D0604501D170461CE0DFF86482A8F18B
:1065C0007808404511D0DFF8548208F1340840457E
:1065D0000BD0DFF84C82A8F11808404505D0DFF851
:1065E0003C8208F19408404502D14FF4802001E03C
:1065F0004FF08070DFF82882A8F1B808C8F80C00C6
:1066000036E0884205D0904203D0984201D0A042A3
:1066100001D1042026E0A84205D0B04203D0B84200
:1066200001D0604501D170461CE0DFF8F481A8F18B
:106630007808404511D0DFF8E48108F1340840457E
:106640000BD0DFF8DC81A8F11808404505D0DFF851
:10665000CC8108F19408404502D14FF4802001E03C
:106660004FF08070DFF8B881A8F1B808C8F80800CA
:1066700000980068504529D9884205D0904203D03F
:10668000984201D0A04201D101201DE0A84205D0CE
:10669000B04203D0B84201D0604501D1402013E0A0
:1066A0005F49783988420BD05C493431884207D041
:1066B0005B491839884203D058499431884201D146
:1066C000484601E04FF4800054492DE0DFF8508146
:1066D00040452BD9884205D0904203D0984201D042
:1066E000A04201D101201DE0A84205D0B04203D054
:1066F000B84201D0604501D1402013E048497839C3
:1067000088420BD045493431884207D04449183972
:10671000884203D041499431884201D1484601E082
:106720004FF480003D49091F08605CE0DFF8F0800D
:10673000A8F1600840452BD9884205D0904203D08B
:10674000984201D0A04201D101201DE0A84205D00D
:10675000B04203D0B84201D0604501D1402013E0DF
:106760002F49783988420BD02C493431884207D0E0
:106770002B491839884203D028499431884201D1E5
:10678000484601E04FF480002549B839C8602AE046
:10679000884205D0904203D0984201D0A04201D156
:1067A00001201DE0A84205D0B04203D0B84201D07C
:1067B000604501D1402013E01949783988420BD057
:1067C00016493431884207D015491839884203D018
:1067D00012499431884201D1484601E04FF48000CB
:1067E0000F49B83988600F4802990268D1600E4994
:1067F000019A0B68DA600368039A5A600B68039A7F
:106800005A600068026842F001020260086801688C
:1068100041F001010160BDE8FF8F00000C640240FF
:10682000B8600240FC0900205C0A00202DE9F04F0E
:106830008346344803685C6844F002045C60036883
:106840005C6844F001045C600068036843F0400346
:1068500003602D4803681C6824F001041C60036871
:106860001C68E407F7D1294E294C284D4C3EDFF82F
:10687000A0A0274FB83C4FF4001CA6F10409AAF1D0
:10688000600AAB4202D9C6F800C00BE0BB4202D995
:10689000C9F800C006E0534502D9C4F80CC001E0B5
:1068A000C4F808C0DFF86CC0C3F808C00368D9603A
:1068B00001684A600068016841F0100101601648F3
:1068C00001680B6823F001030B6001680B68DB07AC
:1068D000F7D14FF00063A94201D9336009E0B94212
:1068E00002D9C9F8003004E0514501D9E36000E065
:1068F000A360C1F808C00368C3F80CB00068426028
:10690000BDE8F08FA4090020FC0900205864024073
:10691000B86002400C3001405C0A002038B50446E3
:106920001248134B0068B0FBF3F04FF47A735843EE
:1069300000906068B0F5827F0DD10B460092002276
:106940008021204600F016F870B1606D40F0200004
:106950006065032038BD009830B1401E009020686B
:106960008068C0430006F6D5002038BD2C0000200A
:1069700000366E012DE9F0411D4617460E460446CD
:10698000DDF8188008E0681C06D0FBF783FFA0EB59
:106990000800A8420BD255B12068806836EA000092
:1069A00030D00020B842EED10020BDE8F081206850
:1069B000416821F0E00141606068B0F5827F0BD151
:1069C000A068B0F5004F02D0B0F5806F04D1206808
:1069D000016821F040010160A06AB0F5005F09D1B3
:1069E0002068016821F4005101602068016841F4C9
:1069F00000510160012084F85100002084F850000B
:106A00000320D2E70120CDE710B5FCF7DBF908F051
:106A100039FC012803D0BDE8104008F01DB910BDB5
:106A200030B597B030216846F9F74BFE14210CA819
:106A3000F9F747FE00251E481195129513951495F8
:106A4000016841F080510160006800F080501590AD
:106A50001848016841F4804101600068022400F494
:106A60008040159001200090000401908001CDE944
:106A7000064006200890A820CDE9090407200B90C5
:106A80006846FCF7D7FB0CA90F2081E831004FF4D2
:106A9000A0500F90E002109005210CA8FCF7E0FA3E
:106AA00005481490119411A8FCF73CFA17B030BDBA
:106AB000403802400070004000031E00104801688A
:106AC00041F4700101600F48016841F0010101606B
:106AD0000C4A00210832116002680B4B1A40026018
:106AE000031D0A4A1A60026822F4802202600548E7
:106AF0000C30016002495806803908607047000078
:106B000088ED00E000380240FFFFF6FE1030002460
:106B1000F0B50268254C264D264E274F274B4FF0E7
:106B2000804CA04209D0604507D0A84205D0B042B1
:106B300003D0B84201D0984204D122F0700E4A68C6
:106B400042EA0E02A0421BD0604519D0A84217D0DD
:106B5000B04215D0B84213D0984211D0184DA84277
:106B60000ED0184DA8420BD0174DA84208D0174D93
:106B7000A84205D0164DA84202D0164DA84203D116
:106B800022F44075CA682A434D6922F080022A43E4
:106B900002608A68C2620A688262A04201D098429A
:106BA00001D10969016301214161F0BD000001408B
:106BB0000004004000080040000C004000040140B8
:106BC00000400140004401400048014000180040DE
:106BD000001C00400020004010B501F01F030121FF
:106BE000046A99408C430462016A9A40114301622D
:106BF00010BD10B5846842EA032224F47F440A439E
:106C00002243826010BD826822F070020A4342F083
:106C10000701816070470000F0B5026A22F00102AE
:106C20000262036A42688469124E24F073050C689C
:106C30002C4323F002058B682B430D4DA84201D055
:106C4000B04205D123F00807CB683B4323F004038F
:106C5000A84201D0B04205D14D6922F440721543DB
:106C60008A692A4342608461496841630362F0BDD6
:106C70000000014000040140F0B5026A22F0100259
:106C80000262026A436884690D6824F4E64444EAB7
:106C900005248D6822F0200242EA05120F4D104EA5
:106CA000A84201D0B04206D1CF6822F0800242EA69
:106CB000071222F04002A84201D0B04207D14D692C
:106CC00023F4406343EA85038D6943EA8503436007
:106CD0008461496881630262F0BD000000000140E8
:106CE00000040140F0B5026A22F480720262026A76
:106CF0004368C46922F4007224F073050C68124ED4
:106D00002C438D6842EA05220E4DA84201D0B042C4
:106D100006D1CF6822F4006242EA072222F48062A0
:106D2000A84201D0B04207D14D6923F4405343EA51
:106D300005138D6943EA05134360C4614968C16363
:106D40000262F0BD000001400004014030B5026A5B
:106D500022F480520262046A4268C3690D6823F417
:106D6000E64343EA05238D6824F4005444EA0534DD
:106D7000084DA84202D0084DA84204D14D6922F422
:106D8000804242EA85124260C3614968016404623C
:106D900030BD0000000001400004014010B5036A4E
:106DA000046A24F001040462846924F0F00444EAD3
:106DB000021423F00A020A438461026210BD10B576
:106DC000036A23F0100303628369046A23F47043A7
:106DD00043EA023224F0A00343EA01118261016216
:106DE00010BD10B5806B0021C185C184FDF776F818
:106DF00010BD0168CA6822F49072CA6001684A69CD
:106E000022F001024A61202180F83A10704710B543
:106E100090F83A10222901D0022010BD8168B1F506
:106E2000805F11D00169002901681FD0496801F015
:106E30007F03816A4A1C82620B70C18D491E09045E
:106E4000090CC18518D02BE00269816A002A02680A
:106E5000526805D0D2B20A80816A491C8162ECE78F
:106E6000C2F308020A80816A891CF7E74A68816ACE
:106E70004B1C83620A70E0E70168CA6822F02002B6
:106E8000CA600168CA6822F48072CA6001684A69EF
:106E900022F001024A61202180F83A10FDF746FAFB
:106EA000002010BD2DE9F041044600680169E26848
:106EB00021F44051114301612169A068E26908434E
:106EC0006169114322680843D16849F20C63994310
:106ED0000143D16020684169A26921F440711143E6
:106EE0004161E2696425B2F5004F974897492268ED
:106EF0004FF032083FD08A4201D082427CD1FCF769
:106F000057F900EBC00101EB001061688900B0FB8C
:106F1000F1F6FCF74DF900EBC00101EB00106168E0
:106F20008900B0FBF1F0B0FBF5F06FF018014843B9
:106F300006EB800108EB0110B0FBF5F000F0F00665
:106F4000FCF736F900EBC00101EB00106168890025
:106F5000B0FBF1F0B0FBF5F006EB0016FCF728F9FA
:106F600000EBC00101EB001061688900B0FBF1F794
:106F7000FCF71EF9D2E08A4201D082423DD1FCF7F3
:106F800017F900EBC00101EB001061684900B0FB8C
:106F9000F1F0B0FBF5F00601FCF70AF900EBC001D7
:106FA00001EB001061684900B0FBF1F7FCF700F954
:106FB00000EBC00101EB001061684900B0FBF1F08B
:106FC000B0FBF5F06FF01801484307EB800108EBC8
:106FD000C100B0FBF5F000F0F80006EB4006FCF74E
:106FE000E7F800EBC00101EB001061684900B0FB5D
:106FF000F1F7FCF7DDF83CE055E0FCF7C9F800EBF1
:10700000C00101EB001061684900B0FBF1F0B0FB7A
:10701000F5F00601FCF7BCF800EBC00101EB001035
:1070200061684900B0FBF1F7FCF7B2F800EBC00172
:1070300001EB001061684900B0FBF1F0B0FBF5F026
:107040006FF01801484307EB800108EBC100B0FB6B
:10705000F5F000F0F80006EB4006FCF799F800EBBD
:10706000C00101EB001061684900B0FBF1F7FCF7CB
:107070008FF800EBC00101EB001061684900B0FB24
:10708000F1F0B0FBF5F06FF01801484307EB800119
:1070900008EBC100B0FBF5F000F0070021683044B8
:1070A0008860BDE8F081FCF773F800EBC00101EBEC
:1070B000001061688900B0FBF1F6FCF769F800EB9D
:1070C000C00101EB001061688900B0FBF1F0B0FB7A
:1070D000F5F06FF01801484306EB800108EB011052
:1070E000B0FBF5F000F0F006FCF752F800EBC00141
:1070F00001EB001061688900B0FBF1F0B0FBF5F026
:1071000006EB0016FCF744F800EBC00101EB0010A1
:1071100061688900B0FBF1F7FCF73AF800EBC001B9
:1071200001EB001061688900B0FBF1F0B0FBF5F0F5
:107130006FF01801484307EB800108EB0110B0FB2A
:10714000F5F000F00F00A9E7001401400010014025
:1071500090F83910212901D0022070478168B1F5DB
:10716000805F016A0BD04A1C026202680978516094
:10717000C18C491E0904090CC1840ED017E009888E
:107180000268C1F30801516001690029016A02D057
:10719000491C0162ECE7891CFBE70168CA6822F020
:1071A0008002CA600068C16841F04001C1600020EF
:1071B000704700000FB44FF6FF70F0B589B0444D32
:1071C000ADF80000A5208DF80C000E9803ACC0EBC4
:1071D0000010801DADF80D0028788DF80F000FAE5F
:1071E000FF2204212046FAF7DDFA8DF8100040F264
:1071F0000130ADF811000E9801280BD002280CD0F8
:10720000052837D0072838D04FF0FF3009B0F0BC40
:107210005DF814FB40F2011001E04FF48170ADF80D
:107220000400A888ADF806006888ADF80800BDF82D
:10723000002007212046FAF79FFAADF80000024629
:1072400001A80621FAF798FAADF8000003AB002474
:10725000187800F01FF95B1C641C072CF8D301ABF5
:107260000024187800F016F95B1C641C062CF8D377
:1072700000271CE040F20310D1E74FF48270CEE704
:10728000304605AC0FC884E80F001036BDF800206A
:107290000F212046FAF770FAADF80000002320789D
:1072A00000F0F8F85B1C641C0F2BF8D37F1C0E98C1
:1072B0008742E5DB6B460024187800F0EBF85B1C96
:1072C000641C022CF8D32878401C287000209DE70D
:1072D000DC01002010B504F029FD154903280ED06B
:1072E000042811D0052814D0672817D068281AD090
:1072F000692803D1888040F26910488010BD0320BE
:10730000888040F20310F8E7042088804FF48270F0
:10731000F3E70520888040F20510EEE767208880BB
:1073200040F26710E9E7682088804FF4B470E4E722
:10733000DC01002010B50448FCF7D2FD02496FF0D3
:1073400020000968086010BD3C0C0020264818B4D5
:1073500000680168890604D501684068009018BC7F
:10736000704722490968C906F9D501684068204A72
:107370000090106801684FF024030C031D49046855
:1073800024F00104046016D410684468C4F1240495
:10739000A4B20C8043601068016841F400210160D0
:1073A0001068016841F001010160122CD7D1124927
:1073B00001F1500015E014686068C0F1240080B24B
:1073C000088063600D498B6A23F400238B62116887
:1073D0000A6842F001020A601228C0D1064901F190
:1073E000740018BC06F0E2BD7C0C00200048004090
:1073F0005C0D0020AC0000204C71002000600240B9
:107400001F4818B40068C00637D51E4801680A68CE
:1074100049680091416B09680A681B4B12030A68AE
:107420004FF4007422F001020A60416B09684A6857
:10743000C2F5007292B21A804C60416B09680B6809
:107440000CD443F400230B60406B0068016841F0EA
:10745000010101600D4901F580600BE023F4002378
:107460000B60406B0068016841F001010160084950
:1074700001F5007018BC04F018BB18BC7047000080
:1074800000140140BC0C0020D60100209880002090
:107490009882002003490A685206FCD50149091D5B
:1074A0000860704700140140FEE703B401984100F2
:1074B000009850EAC12018BF04204A0D18BF40F0C0
:1074C000010040F2FF72B2EB515F08BF40F00200D2
:1074D000012808BF052002B070474100080218BF0C
:1074E00004200A0E18BF40F001004FF07F4232EA3C
:1074F000010108BF40F00200012808BF05207047C5
:107500000907090E002804DB00F1E02080F80014D0
:10751000704700F00F0000F1E02080F8141D704764
:1075200010B54FF00E402DED028BB0EE408A18EEF4
:10753000104A00EB4400B0F1506F4AD84FF0FC40C5
:10754000B0EB440F22D2B0EEC80AF7EE000A30EEDC
:10755000C00AF6EE000A60EE208A18EE900A06F0E5
:10756000C6FE01EE100A14F0004F1DBFDFED2D0A1C
:107570009FED2D0AB1EE411ADFED2C0A08BF9FEDF9
:107580002C0AF8EE001A21EE218A05E0DFED290A27
:1075900068EE088AB0EE600A9FED271ADFED271A21
:1075A00030EE080A48EE811A9FED251A08EEA11A5E
:1075B000DFED241A48EE811A9FED231A08EEA11A76
:1075C00068EE281ABDEC028B01EE810A30EE200A2B
:1075D00010BD4FF0E440B0EB440F0CD918EE100A88
:1075E000FFF77BFF042808BF02F028FAB0EE480A34
:1075F000BDEC028B10BD4FF07F40B0EB440F07D2C3
:10760000B0EE480ABDEC028BBDE8104002F008BAAB
:107610000120F9F785F8BDEC028BBDE8104002F0BF
:1076200005BA00000000C9BF22AAFDB90000C93F89
:1076300022AAFD390000000024FE1C3DC78AD83C68
:107640001E67383D1B93993DAFAA2A3E00000000FB
:1076500070B59B482DED020B2DED068B079D25F097
:107660000044A04218DC9748844202DC0AD1069804
:1076700040B19DED060BBDEC068B02B0BDE870403D
:1076800002F08AB9002DCCBF9FED8F0B9FED900BC0
:10769000BDEC068B02B070BD8F48A04215DD8F484F
:1076A000A042D8BF4FF0FF3458DD9DED060B51ECE2
:1076B000100BFFF7FAFE042808BF02F0A1F99DEDB8
:1076C000060BBDEC068B02B070BD9DED060B51ECB8
:1076D000100B04F0BDF9CDE9060181489FED828BC6
:1076E000A0423CDD8248A0421FDD00249FED82AB1A
:1076F0009DED060B53EC1A2B51EC100B08F0F4F82F
:107700009DED060B41EC190B53EC1A2B51EC100BB1
:1077100008F0FAFC53EC182B08F0F2FF53EC192B8D
:1077200008F022FACDE9060149E09DED060B01249F
:1077300053EC182B51EC100B08F0D6F89DED060B0E
:1077400041EC190B53EC182B51EC100B08F0D8FF3F
:1077500053EC192B08F008FACDE906012FE0684830
:10776000A0421FDD02249FED689B9DED060B53ECAC
:10777000192B51EC100B08F0C7FC53EC182B08F038
:10778000B3F89DED060B41EC180B53EC192B51ECA3
:10779000100B08F0B5FF53EC182B08F0E5F9CDE914
:1077A00006010CE09DED060B032453EC102B9FED1E
:1077B000580B51EC100B08F0D7F9CDE906019DEDFF
:1077C000060B53EC102B51EC100B08F09DFC41EC18
:1077D000180B53EC182B08F097FC41EC190B4E4892
:1077E0000621B0EE490AF0EE690A784401F0A8FFDC
:1077F00053EC182B51EC100B08F086FC41EC180BE5
:107800004648B0EE490AF0EE690A0521784401F0D5
:1078100097FF53EC192B51EC100B08F075FC41EC61
:10782000100B51EC180B53EC102B002C0EDA08F057
:107830005BF89DED061B53EC112B08F065FC9DEDEC
:10784000061B53EC112B08F02FFE35E008F04CF826
:107850009DED061B53EC112B08F056FC41EC100B70
:107860002F48784400EBC40090ED001B51EC100B46
:1078700053EC112B08F044FF9DED061B53EC112B2C
:1078800008F03EFF41EC100B2648784400EBC400A2
:1078900090ED001B51EC100B53EC112B08F004FE83
:1078A00041EC100B002DA2BFBDEC068B02B070BDE9
:1078B00051EC100B07F0AAFE41EC100B01E70000A1
:1078C000000010440000F07F182D4454FB21F93FC4
:1078D000182D4454FB21F9BF0000DC3F0000203E7E
:1078E0000000F33F00000000000000000000F03F37
:1078F0000000E63F00000000000000000000004023
:107900000080034000000000000000000000F83F7D
:10791000000000000000F0BF32AA0000E8A900004B
:1079200072A900002AA9000070B56F4E2DED040B5E
:107930002DED048B82B0DDF824C0DDE907235C4225
:107940002CF000411C4341EAD474069D22F0004013
:10795000B44205D86C422C4340EAD474B4420BD9EB
:107960009DED081B9DED060B02B0BDEC048B04B031
:10797000BDE8704002F01AB8ACF14054A4F17F6445
:107980001C430BD0022404EAAC7444EAD2740543CD
:107990009FED578B9FED582B07D015E09DED060B03
:1079A00051EC100B02F0E6FE42E0002C11BF012C5E
:1079B0009DED060B02B0BDEC048B04BF04B070BD9E
:1079C000022C38D0032C3BD00B439FED4D1B9FED79
:1079D0004E0B0AD0B14218D1B04209D121F08041FA
:1079E00020F08040099107900FE0002A15DA10E09E
:1079F000474B7B44002C08BF93ED000B0DD0012CAE
:107A000010D0022C17D0032C1AD0B0421DD1002A5E
:107A100003DAB0EE410AF0EE610A02B0BDEC048B6D
:107A200004B070BD93ED000B51EC100B07F0EEFDB0
:107A300041EC100BF1E7B0EE480AF0EE680AECE713
:107A4000B0EE420AF0EE620AE7E7401A00159FED39
:107A5000329B3C28C8BF8DED000B17DCBCF1000F3A
:107A6000BCBF10F13C0F8DED009B0FDB9DED080BB3
:107A700053EC102B9DED060B51EC100B08F074F835
:107A800003F0E6FF02F076FECDE90001B4B1012C6F
:107A900010D0022C9FED220B53EC102B9DED000B10
:107AA00051EC100B19D008F02BFE53EC182B08F0FA
:107AB00027FEBDE7019880F0004001909DED000B8E
:107AC00053EC192B51EC100B08F00CFA04BF0220F8
:107AD000F8F726FE9DED000B9FE708F011FE53EC32
:107AE000182B08F0E1FCA3E70000F07F0000000085
:107AF000182D4454FB210940182D4454FB2109C082
:107B0000182D4454FB21F9BF182D4454FB21F93F93
:107B10004AA9000000000000000000000000000072
:107B2000075C143326A6A13C70B54FF068422DEDDA
:107B3000048BF0EE408A18EE900AB0EE608A18EEE0
:107B4000101A02EB4003B3F1654F3CBF02EB410258
:107B5000B2F1654F7DD200BFC0F3C753C1F3C75226
:107B60009A1A1B2A09DD10F0004F14BF9FED830AFB
:107B70009FED830ABDEC048B70BD12F11A0F36DA4B
:107B800011F0004F09D010F0004F0CBF9FED7D0A9F
:107B90009FED7D0ABDEC048B70BD88EE889A19EECE
:107BA000100AFFF79AFC042808BF01F047FF18EEFF
:107BB000900AFFF792FC054618EE100AFFF78DFCBD
:107BC000044619EE100AFFF788FC042D18BF052D96
:107BD00008D1042C18BF052C04D1002804BF0220B2
:107BE000F8F79EFDB0EE490ABDEC048B70BD420073
:107BF000B2EB410F3AD910F0004F19BFDFED630A25
:107C00009FED630ADFED630A9FED630AB0EE481A49
:107C10000A46B1EE688A80F00041F0EE418A1046D3
:107C20000A1A5200B2F1807F34D2484010F0004F5F
:107C3000DFED5A1A9FED5A2A1DBFBEEE001A70EEF4
:107C4000E10A30EE420AB6EE001A08BF70EEA10A51
:107C500000E040E008BF30EE020AB0EE682A01EE14
:107C6000482A08EE818AC2EE081A15E011F0004F8A
:107C700004BF9FED4C0AF0EE400AD1D010F0004F47
:107C800019BFDFED490A9FED490ADFED490A9FED73
:107C9000490AC5E7C8EE881A21EEA11A9FED462AC7
:107CA000DFED462A41EE022A9FED452A01EE222A07
:107CB000DFED442A41EE022A9FED432ABDEC048BFE
:107CC00001EE222A21EE811A01EE020A30EE210A8B
:107CD00030EE200A70BD4FF07F42B2EB400F28BF5C
:107CE000B2EB410F09D2F0EE480AB0EE680ABDECE3
:107CF000048BBDE8704001F096BE40EA01035B00D2
:107D000008BF41F0FF410BD0B2EB400F08BFB2EB10
:107D1000410F08D120F0804008EE900A21F0804108
:107D200008EE101A18E7B2EB400F12BF5FEA4103EA
:107D300040F0FF4001F000413FF40EAFB2EB410FC5
:107D400012BF5FEA400200F0004041F0FF413FF403
:107D500003AF4A0092EA40033FF5FEAE002AACBFF3
:107D60009FED1A0A9FED1A0A68EE808A28EE008AB3
:107D700018EE900A18EE101AEEE60000DB0FC9BFED
:107D8000DB0FC93FDB0F4940DB0F49C00000C9BF13
:107D900022AAFDB90000C93F22AAFD390060ED3ECC
:107DA000C30ACE3700000000000049C022AA7DBAF5
:107DB0000000494022AA7D3A2DAD65BD8FB8D53D62
:107DC0000FB511BE61C84C3EA8AAAABE0000804FE4
:107DD0000000802F10B54FF00E412DED028BB0EE5C
:107DE000408A18EE100A01EB4001B1F1145F5CD239
:107DF0004FF0FE41B1EB400F24BF9FED400AF0EE83
:107E0000400A12D210F0004F19BFDFED3D0A9FED7E
:107E10003D0ADFED3D0A9FED3D0AFFEE001A81EEBF
:107E2000881AB0EE418A18EE100A4FF0FC41B1EB0F
:107E3000400F1BD210F0004FDFED351A9FED352AB1
:107E40001DBFBEEE001A70EEE10A30EE420AB6EE39
:107E5000001A04BF70EEA10A30EE020A38EE412A81
:107E6000F7EE001A48EE011A82EE218ADFED2A1A97
:107E70009FED2A2A28EE081A01EE212ADFED281AA2
:107E800041EE021A9FED272A01EE212ADFED261A84
:107E900041EE021A28EE011A01EE210A30EE080A1C
:107EA000BDEC028B30EE200A10BD4FF0E441B1EB87
:107EB000400F0CD918EE100AFFF70FFB042808BF7B
:107EC00001F0BCFDB0EE480ABDEC028B10BD4FF0D6
:107ED0007F41B1EB400F07D2B0EE480ABDEC028BF8
:107EE000BDE8104001F09CBD10F0004F14BF9FEDA5
:107EF0000F0A9FED0F0ABDEC028B10BD00000000C1
:107F00000000C9BF22AAFDB90000C93F22AAFD395D
:107F10000060ED3EC30ACE372DAD65BD8FB8D53DAF
:107F20000FB511BE61C84C3EA8AAAABEDB0FC9BFDF
:107F3000DB0FC93F0000000010B52F499FED2C1B3F
:107F40002DED020B84B0059820F000408842D8BF88
:107F50009DED040B2DDD2949884209D1049840B9D3
:107F60004FF00100F8F7DCFB01F02AFD06B010BD70
:107F700005DB9DED040B01F00FFD06B010BD68465A
:107F80009DED040B01F008F910F0030004BF9DED16
:107F9000021B9DED000B0CD001280ED09DED021BA5
:107FA0009DED000B022817D0012001F045FC06B022
:107FB00010BD01F00DFB06B010BD9DED021B9DED47
:107FC000000B012001F038FC51EC100B07F01EFBF8
:107FD00006B041EC100B10BD01F0FAFA51EC100B99
:107FE00007F014FB06B041EC100B10BD00000000C0
:107FF0000000000000000000FB21E93F0000F07FCE
:1080000070B5D94B00242DED020B2DED108BDDE961
:108010001010984205DA20F000429A4201D809D1A6
:1080200041B19DED100BBDEC108B02B0BDE870406E
:1080300001F0B2BCB0F5801F26DA11430BD0002846
:1080400013DA0120F8F76CFBBDEC108B02B0BDE831
:10805000704001F0B5BC0220F8F762FB01F084FC2F
:1080600051EC100B07F0D2FA9EE06FF035049FED53
:10807000C00B53EC102B9DED100B51EC100B08F0C6
:1080800043F8CDE91001084604EB2051C0F3130476
:10809000B948A1F2FF31204400F4801080F07F62E3
:1080A00082F04052224301EB20559FEDB50B119217
:1080B00053EC102B9DED100B51EC100B08F020FB36
:1080C00041EC180BA01CC0F313009FEDAFDB9FED3C
:1080D000B0EBB14E7E4403286CD296ED000B51EC10
:1080E000180B53EC102B07F0FDFE1DD1002D01BF26
:1080F00096ED000BBDEC108B02B070BD284607F06A
:108100008FFF41EC180B53EC1D2B07F0FDFF41ECEA
:10811000190B53EC1E2B51EC180B07F0F5FF53EC29
:10812000192B07F0E1FB3FE09FED9D0B51EC180B85
:1081300053EC102B07F0E8FF9FED9B1B53EC112B2A
:1081400008F0B2F941EC190B53EC182B51EC180B59
:1081500007F0DAFF53EC192B07F0D6FF41EC190BAF
:10816000002D04BF53EC192B51EC180B1AD02846E4
:1081700007F056FF41EC1A0B53EC1D2B07F0C4FF20
:1081800053EC192B08F090F953EC182B08F0B8FABF
:1081900041EC180B53EC1E2B51EC1A0B07F0B4FFFB
:1081A00053EC182B08F0ACFABDEC108B02B041EC8C
:1081B000100B70BD9FED7E0B51EC180B53EC102B88
:1081C00007F092FB41EC100B51EC180B53EC102B09
:1081D00007F0CAFC41EC190B284607F021FF41ECDF
:1081E0001B0B53EC192B51EC190B07F08DFF41ECD5
:1081F0001A0B714853EC1A2B261851EC1A0B07F086
:1082000083FF41EC1F0B6D48C4F1510404F5D724E2
:10821000B0EE4F0AF0EE6F0A0321784401F090FAB5
:1082200053EC1F2B51EC100B07F06EFF41EC1C0BB5
:108230006348B0EE4F0AF0EE6F0A0421784401F073
:108240007FFA53EC1A2B51EC100B07F05DFF34430F
:1082500053EC1C2B07F048FB41EC1C0B002C4CDDB5
:108260009FED510B51EC180B53EC102B07F04CFF0A
:1082700053EC182B07F048FF41EC1A0B55B353ECA5
:108280001D2B51EC1B0B07F03FFF41EC1D0B53EC7A
:108290001C2B51EC1A0B07F027FB53EC192B07F0A2
:1082A00033FF53EC1D2B07F01FFB53EC1A2B08F088
:1082B000FBF853EC182B08F023FA41EC180B53ECA5
:1082C0001E2B51EC1B0B07F01FFF53EC182B08F073
:1082D00017FA69E753EC1C2B51EC1A0B07F004FB5F
:1082E00053EC192B07F010FF53EC1A2B08F0DCF8B5
:1082F00053EC182B08F0D8F856E735B353EC1D2B88
:1083000051EC1B0B07F000FF41EC1A0B53EC1C2B3C
:1083100051EC180B08F0F4F953EC192B07F0F4FEAC
:1083200053EC1A2B08F0ECF953EC182B08F0E8F991
:1083300041EC180B53EC1E2B51EC1B0B07F0E4FE29
:1083400053EC182B08F0DCF92EE753EC1C2B51EC06
:10835000180B08F0D5F953EC192B07F0D5FE53ECA8
:10836000182B08F0A1F81FE70000F07F00000000C4
:108370000000000000005043645F0900000000009E
:10838000000000000000F03F763C7935EF39EA3D0F
:108390000000E0FE422EE63F68A200000000000060
:1083A000555555555555D53F000000000000E03F9C
:1083B000000000000000004086EBF9FF32A0000042
:1083C00028A00000000000002DE9F04D2DED040B69
:1083D0002DED0E8B96B0DDE92550279CDDF890A0A1
:1083E00025F0004624F00048BAF1000F14BF012127
:1083F000002101EB4502FC4953184A1093422AD34D
:10840000002814BF0123002303EB44030B44F74966
:108410008B4220D358EA00019FEDF59B76D0DFF820
:10842000D8B35D4503D1BAF1000F05D188E0BAF1A8
:10843000000F08BF002100D0012101EB450111F51B
:10844000001F08D8002814BF0121002101EB4401BE
:1084500011F5001F0BD99DED261B9DED240B16B0C9
:10846000BDEC0E8B04B0BDE8F04D01F09FBA0027C3
:10847000002DBCBFE149884521DAE1498845A8BF04
:1084800002271CDAC3451ADCDE4901EB2851142906
:1084900008DDC1F1340220FA02F101FA02F282424F
:1084A0000DD108E058B9C1F1140228FA02F101FA1D
:1084B00002F2424503D101F00101C1F1020756EA7F
:1084C0000A0124D1002C22DA002D18BF022F01D07E
:1084D000012F0AD00220F8F723F916B0BDEC0E8B5D
:1084E00004B0BDE8F04D01F03FBA0220F8F718F9EA
:1084F00001F03AFA51EC100B07F088F841EC100B40
:1085000016B0BDEC0E8B04B0BDE8F08D18E09FED09
:10851000BEAB9FEDBF8B002871D1B848804522D1FA
:1085200005F1804010F5801008BFBAF1000F07D0A8
:10853000B3450ADC002CA8BF9DED260BE0DA0DE068
:10854000B0EE490AF0EE690ADAE7002C06DA9DED92
:10855000260B51EC100B07F059F86FE0AE48784449
:1085600090ED000BCCE7D8454DD1002C48DA2EB168
:1085700086423AD1BAF1000F42D126E0BAF1000F9B
:1085800013D00220F8F7CCF801F02AFA8DED020B97
:108590009DED240B8DED000B10EE900A039961F315
:1085A0001E0003909DED020BAAE78DED02AB9DED41
:1085B000240B1AEE901A10EE900A8DED000B61F369
:1085C0001E0003909DED020B9AE78DED028B9DED51
:1085D000240B18EE901A10EE900A8DED000B61F34B
:1085E0001E0003909DED020B8AE709DA9DED240B36
:1085F00051EC190B53EC102B07F0B6FA1EE020E0FB
:108600009DED240B7CE786421BDAB4F1804F0DD040
:10861000A4F10050B0F1FF5013D1002D11DB9DEDFE
:10862000240B51EC100B05F02BFE07E09DED240B05
:1086300053EC102B51EC100B00F0C2BC41EC100BB2
:108640005EE79DED240B51EC100B03F001FABAF13B
:10865000000FCDE90E0142D19FED710B46B3A6F19B
:10866000E040B0F17F600CD05E4538D1002D00DADB
:10867000A7B3022F0CBF01204FF0FF3007F0D0FC52
:10868000DCE7002D01DD002C0DDA002D01DD002CD2
:108690001FDB002D16DA002C14DB012F08BF9FED25
:1086A000620B3FF42DAFB0EE4A0AF0EE6A0A27E7FC
:1086B000022F18BF002D0CD0012F0AD1002DFFF67C
:1086C0001FAF06E0002DB8BF002C08DA012F3FF4E1
:1086D00017AFB0EE480AF0EE680A11E71BE0012080
:1086E00000EBE57050EA070115D0791EB0EE498A1B
:1086F000F0EE698A084308BF9FED4D8B4E48002578
:10870000804570DD4D494E48884514DDB0420DDB93
:10871000002C19DB2FE00120F8F702F816B0BDECB1
:108720000E8B04B0BDE8F04D01F04AB9B34502DC50
:10873000002C09DC1FE0864202DA002C1BDA03E081
:108740005E452BDD002C16DD0220F7F7E9FF01F076
:1087500047F98DED020B53EC1A2B51EC180B07F077
:10876000D3FCCDE900010399019861F31E00039049
:108770009DED020BC4E60220F7F7D2FF01F040F9AD
:1087800010EE901A18EE900A8DED020B8DED008B15
:1087900061F31E0003909DED020BB1E69DED0E0B03
:1087A00053EC192B51EC100B07F0AAFF9FED260B91
:1087B000CDE9080153EC102B9DED080B51EC100B8B
:1087C00007F0A2FC9FED221B53EC112B07F06CFE6F
:1087D0009DED081B53EC112B07F096FC9FED1E1B23
:1087E00053EC112B3CE08CE0FFFF1F00FFFF0F005C
:1087F000000000000000F03F0000F03F0000F07FAC
:108800000000404301FCFFFF000000000000F07F7B
:108810000000000000000000DE9D000000000000DD
:108820000000000000000080000000000000F0FFD9
:10883000000000000000F0BF0000E0410000F04335
:10884000FFFFEF3F00000000000000000000D03FED
:10885000555555555555D53F000000000000E03FE7
:1088600007F022FE9DED080B41EC1A0B53EC102B88
:1088700051EC100B07F048FC53EC1A2B07F044FCAA
:1088800041EC1A0B9FEDFE0B53EC102B9DED080BEA
:1088900051EC100B07F038FC41EC1B0B9FEDFA0B71
:1088A00051EC1A0B53EC102B07F02EFC41EC1A0B79
:1088B0009FEDF70B53EC102B9DED080B51EC100BBB
:1088C00007F022FC53EC1A2B07F01AFF41EC1A0BAD
:1088D00051EC1B0B53EC1A2B07F006F80690CDE970
:1088E00006519DED060B53EC1B2B51EC100B07F0C2
:1088F00007FF53EC1A2B07F0D7FD41EC100B00F0EB
:10890000A1B90020B6F5801F0EDA9FEDE30B53EC02
:10891000102B9DED0E0B51EC100B07F0F5FBCDE984
:108920000E016FF034000E4600EB2650A0F2FF3728
:10893000C6F31300DA4940F07F6646F0405688429D
:10894000D8BF002408DDD7498142C8BF012403DC19
:108950000024A6F580167F1CD348784400EBC400A1
:108960000F9690ED00CB9DED0E0B53EC1C2B51ECB4
:10897000100B07F0C5FE9DED0E0B41EC1B0B53ECED
:108980001C2B51EC100B06F0AFFF41EC100B51EC1F
:10899000190B53EC102B07F0E7F841EC1D0B51ECD1
:1089A0001B0B53EC1D2B07F0AFFB41EC1A0BBF4820
:1089B0008DED10AB7844109590ED000B4FF000500A
:1089C00040EA660000EB84408DED080B00F50020C6
:1089D00009909DED080B53EC1C2B51EC100B07F08C
:1089E0008FFE9DED0E1B53EC112B07F05DFD41EC4E
:1089F000100B53EC102B9DED100B51EC100B07F0EE
:108A000083FB9DED080B41EC1C0B53EC102B9DEDF3
:108A1000100B51EC100B07F077FB53EC1B2B07F0FE
:108A200043FD53EC1C2B07F06BFE53EC1D2B07F0A2
:108A30006BFB41EC1C0B53EC1A2B51EC1A0B07F09F
:108A400063FB41EC1B0B9A480621B0EE4B0AF0EE9B
:108A50006B0A784400F074FEB0EE401AF0EE601A33
:108A6000B0EE41DAF0EE61DA53EC1B2B51EC1B0B4C
:108A700007F04AFB53EC1D2B07F046FB9DED100B56
:108A800041EC1B0B53EC1A2B51EC100B06F02CFF96
:108A900053EC1C2B07F038FB53EC1B2B06F024FF88
:108AA0009DED100B41EC1B0B53EC102B51EC100BFC
:108AB00007F02AFB41EC1D0B9FED7FEB53EC1E2BC7
:108AC00006F012FF53EC1B2B06F00EFF0890CDE9C9
:108AD00008519DED080B53EC1E2B51EC100B07F0C9
:108AE0000FFE53EC1D2B07F00BFE53EC1B2B07F076
:108AF000DBFC9DED080B41EC1D0B53EC102B9DEDA9
:108B0000100B51EC100B07F0FFFA41EC1B0B53EC70
:108B10001A2B51EC1D0B07F0F7FA9DED080B41ECF9
:108B20001A0B53EC102B51EC1C0B07F0EDFA53EC25
:108B30001A2B06F0D9FE41EC1A0B51EC1B0B53EC2F
:108B40001A2B06F0D1FE0C90CDE90C519DED0C0BCB
:108B500053EC1B2B51EC100B07F0D2FD53EC1A2BEE
:108B600007F0A2FC41EC1B0B9FED550B53EC102BB7
:108B70009DED0C0B51EC100B07F0C6FA41EC1A0BF3
:108B80009FED510B51EC1B0B53EC102B07F0BCFA73
:108B900041EC1B0B9FED4E0B53EC102B9DED0C0B82
:108BA00051EC100B07F0B0FA53EC1B2B06F09CFEB7
:108BB00041EC100B4848784400EBC40090ED001BDA
:108BC00051EC100B53EC112B06F08EFE41EC1B0BFD
:108BD000384607F025FACDE9080153EC1B2B51EC80
:108BE0001A0B06F081FE41EC100B3C48784400EB78
:108BF000C40090ED00CB51EC100B53EC1C2B06F095
:108C000073FE9DED081B53EC112B06F06DFE0690D4
:108C1000CDE906519DED080B53EC102B9DED060B95
:108C200051EC100B07F06CFD53EC1C2B07F068FDAA
:108C300053EC1A2B07F064FD53EC1B2B07F034FCAC
:108C400041EC100B9DED261B53EC102B8DED001B02
:108C500000959DED260B51EC100B07F055FA9DED9C
:108C6000000B41EC1A0B53EC102B9DED260B51EC35
:108C7000100B07F045FD9DED061B53EC112B2FE06B
:108C8000000000604715F73FFE822B654715F73F50
:108C900044DF5DF80BAE543E00000000000040438E
:108CA0008E9803007AB60B002A990000889900007C
:108CB0006298000000000000000000000000084072
:108CC000000000E009C7EE3FFD033ADC09C7EE3FB4
:108CD000F5015B14E02F3EBEEE960000A896000062
:108CE00007F012FA53EC1A2B06F0FEFD9DED060B71
:108CF00041EC1A0B53EC102B9DED000B51EC100BBB
:108D000007F002FACDE90C019DED0C0B51EC1A0BAA
:108D100053EC102B06F0E8FDCDE902010C46AA4900
:108D20008C422FDB611A084318D19DED0C0B53ECDC
:108D3000102B9DED020B51EC100B07F0E1FC41EC08
:108D40001B0B9FEDA30B51EC1A0B53EC102B06F0F1
:108D5000CBFD53EC1B2B07F076FB2DD20220F7F74F
:108D6000DFFC00F03DFE10EE901A18EE900A8DED3B
:108D7000020B8DED008B61F31E0003909DED020B45
:108D8000FFF7BEBB944A24F00041914214D39349AB
:108D9000214408437FF4EFAC9DED0C0B53EC102BFA
:108DA0009DED020B51EC100B07F0AAFC53EC1A2BB3
:108DB00007F049FB7FF6DFAC24F000408849894A80
:108DC000002601EB205182422BDA481C4FF480111F
:108DD00021FA00F02044844AC0F30A517A44A1F2F7
:108DE000FF3192ED000B814A8DED080BCA4020EA5D
:108DF0000202C0F3130040F48010C1F1140120FA04
:108E000001F60992002CB8BF76429DED080B53EC99
:108E1000102B9DED0C0B51EC100B07F071FCCDE904
:108E20000C019DED0C0B51EC1A0B53EC102B06F0C2
:108E30005BFD9FED6F0B0890CDE9085153EC102BB3
:108E40009DED080B51EC100B07F05EF941EC1B0B8C
:108E50009FED690B53EC102B9DED080B51EC100BA3
:108E600007F052F99DED0C0B41EC1C0B53EC102B51
:108E70009DED080B51EC100B07F042FC53EC1A2B44
:108E800007F012FB9FED5E1B53EC112B07F03CF932
:108E900053EC1C2B06F028FD41EC1A0B51EC1B0B7C
:108EA00053EC1A2B06F020FDCDE902019DED020BDB
:108EB00053EC1B2B51EC100B07F022FC53EC1A2B3C
:108EC00007F0F2FA9DED020B41EC1A0B53EC102B5C
:108ED00051EC100B07F018F9CDE908014A489DED57
:108EE000080B0521784400F02BFC9DED081B51EC8C
:108EF000100B53EC112B07F007F99DED021B53ECFF
:108F0000112B07F0D1FACDE906019DED020B53ECD0
:108F10001A2B51EC100B07F0F7F853EC1A2B06F054
:108F2000E3FC9FED3B0B41EC1A0B53EC102B9DED3A
:108F3000060B51EC100B07F0E3FB9DED060B41EC2B
:108F40001B0B53EC102B9DED020B51EC100B07F09B
:108F5000DBF853EC1B2B06F007FE53EC1A2B07F043
:108F6000CFFB9DED021B53EC112B07F0C9FB53EC1B
:108F7000192B07F099FACDE9020101EB0650011512
:108F80000029C8BF039015DC9DED020B324651EC61
:108F9000100B08F06FF8FEF788FA042808BF00F0FD
:108FA0002FFD32469DED020B51EC100B08F062F8DC
:108FB000CDE902019DED020B51EC180B53EC102B87
:108FC00007F0A2F8FFF73ABB000090400000000055
:108FD000FE822B654715973C00CC904000346F3FD4
:108FE00001FCFFFF0000E03F60950000FFFF0F0065
:108FF00000000000432EE63F396CA80C615C20BEE7
:10900000EF39FAFE422EE63F009400000000000017
:10901000000000000000004010B52F499FED2C1B00
:109020002DED020B84B0059820F000408842DCBF93
:1090300000209DED040B32DD2849884209D10498B7
:1090400040B94FF00100F7F76BFB00F0B9FC06B038
:1090500010BD05DB9DED040B00F09EFC06B010BDBD
:1090600068469DED040B00F097F810F0030011D056
:10907000012818D09DED021B9DED000B02281AD08F
:1090800000F0A6FA51EC100B06F0C0FA06B041EC65
:10909000100B10BD9DED021B9DED000B012000F09B
:1090A000CBFB06B010BD9DED021B9DED000B00F04B
:1090B0008FFA06B010BD012000F0BEFB51EC100B82
:1090C00006F0A4FA06B041EC100B10BD0000000041
:1090D0000000000000000000FB21E93F0000F07FDD
:1090E00000B52DED048BB0EE409AF0EE609A83B09F
:1090F00051EC190B07F000FA41EC180B18EE100AAE
:1091000018EE901A8DED008B002818BF012008433F
:1091100020F00040C0F17F6000F1E040C00F14D0AB
:1091200019EE101A19EE900A8DED009B002918BF58
:109130000121084320F00040C0F17F6000F1E040D1
:10914000C00F04BF0120F7F7EBFAB0EE480A03B0F6
:10915000F0EE680ABDEC048B00BD10B52DED028B5E
:10916000B1EEC08A18EE100A20F00040C0F1FF40B6
:10917000C00F0AD010EE100A20F00040C0F1FF40EE
:10918000C00F04BF0120F7F7CBFAB0EE480ABDECE0
:10919000028B10BD000000002DE9F14F04462DEDBB
:1091A000020B2DED088B8AB09FEDE70B80ED020BD3
:1091B000139EE74826F0004585420ADC9DED120B20
:1091C000002084ED000B0AB0BDEC088B03B0BDE8B5
:1091D000F08FE0489FEDE0AB9FEDE1BBA84247DD9B
:1091E000E14F9FEDE39B9FEDE48B9DED120B53EC64
:1091F0001A2B51EC100B002E1CDD07F081FA41EC0C
:10920000100BBD4208D053EC1B2B51EC100B07F098
:1092100077FAC4E900010BE053EC192B51EC100B69
:1092200007F06EFA53EC182B07F06AFAC4E9000154
:109230000120C8E706F058FB41EC100BBD4208D0F6
:1092400053EC1B2B51EC100B06F04EFBC4E9000154
:109250000BE053EC192B51EC100B06F045FB53ECD3
:10926000182B06F041FBC4E900014FF0FF30AAE7DC
:10927000C348A84279DB9DED120B51EC100B02F0B4
:10928000E7FB41EC180B9FEDC00B53EC102B06F0E5
:109290003BFF9FEDBF1B53EC112B06F025FB06F0A7
:1092A0005BFE074606F0BCFE41EC190B53EC1A2B93
:1092B00006F02AFF53EC182B07F0F6F841EC180BD8
:1092C00053EC1B2B51EC190B06F01EFFDFF8C8A264
:1092D00041EC100B4FEA15580125FA4453EC102BC2
:1092E00051EC180B07F00CFA032DC4E900013DD036
:1092F000C1F30A5005EB4511A8EB0000113981427A
:1093000034DA0AEB051BB0EE48AA9BED000BF0EE39
:1093100068AA53EC102B51EC190B06F0F5FE41EC4A
:109320001B0B51EC1A0B53EC1B2B07F0E9F941EC2A
:10933000180B51EC1A0B53EC182B07F0E1F953EC16
:109340001B2B07F0DDF99BED020B41EC1A0B53ECE4
:10935000102B51EC190B06F0D7FE53EC1A2B07F02B
:10936000CFF941EC100B6D1CB8E70EE0002EA8BF42
:109370003846BFF628AF94ED000B51EC100B06F009
:1093800045F9C4E9000178421DE7C6F3130040F433
:10939000801EC6F30A50A0F2F530471100F01F05F9
:1093A000C5F12000DDF848B0089000200690079035
:1093B0000520EC467949002D07EB0002794408BFEF
:1093C00051F8221009D051F8223001EB8201AB4054
:1093D0004A68089922FA01F11943A1FB0E26A1FB64
:1093E0000B131A449A4234BF0123002303EB0608EF
:1093F0000CEB8003D3E901A60E448E4234BF012159
:10940000002192448A4411B1924502D903E0924569
:1094100001D2012100E00021C3E901A641444CF83A
:109420002010011EA0F10100C4DC029800F10050E0
:10943000850F0298DDE903678000DDF8148006F0EF
:10944000EFFD41EC1A0B304606F00EFE9FED541B6B
:1094500053EC112B06F058FE41EC1B0B384606F07E
:1094600003FE9FED511B53EC112B06F04DFE41EC1A
:10947000180B404606F0F8FD9FED4D1B53EC112BE9
:1094800006F042FE41EC190B51EC180B53EC192B72
:1094900006F02AFA53EC1B2B06F026FA53EC1A2B93
:1094A00006F022FACDE90801002008909DED080B96
:1094B00053EC1A2B51EC100B07F022F953EC1B2B39
:1094C00007F01EF953EC182B07F01AF953EC192B7F
:1094D00006F0EAFF9FED381B53EC112B06F014FE4B
:1094E0009FED370B41EC180B53EC102B9DED080B47
:1094F00051EC100B06F008FE53EC182B06F0F4F9B3
:109500009FED310B41EC180B53EC102B9DED080B2C
:1095100051EC100B06F0F8FD53EC182B06F0E4F9B3
:1095200041EC100B139810F0004F06D06D4251EC37
:10953000100B06F06BF841EC100B284684ED000B85
:1095400041E60000000000000000000000000000F4
:10955000FB21E93F7CD9024000004054FB21F93F48
:109560003163621A61B4D03DFB21F93F0000000075
:109570000000601A61B4D03D7370032E8A19A33BBA
:10958000FB2139410000000083C8C96D305FE43F12
:10959000000000000000E03F6A900000B88F00006B
:1095A000000000000000103E000000000000103C21
:1095B000000000000000103A182D4454FB21F93D32
:1095C0003326A611460B113C00000054FB21F93D47
:1095D00010B52DED040B2DED088B82B0B0EE419A45
:1095E000F0EE619A0B9820F000449FED4BABB4F184
:1095F000795F11DA9DED0A0B51EC100B06F0ACFC13
:10960000002801BFB0EE4A0AF0EE6A0A02B0BDECD3
:10961000088B04BF04B010BD9DED0A0B53EC102B5A
:1096200051EC100B06F070FD41EC180B3C48062184
:10963000B0EE480AF0EE680A784400F081F853EC86
:10964000182B51EC100B06F05FFD9DED0A0B41EC61
:109650001B0B53EC192B51EC100B06F055FD41EC94
:10966000190B53EC1B2B51EC180B06F04DFD53EC72
:10967000192B07F045F89FED2C0B41EC190B53EC1F
:10968000102B51EC180B06F03FFD41EC100B284855
:10969000844210DA53EC192B51EC100B07F030F820
:1096A00053EC1A2B06F000FF41EC100B02B0BDEC9E
:1096B000088B04B010BD1F48A042BCBF9FED1E1B0D
:1096C0008DED001B06DBA4F500100190002000903A
:1096D0009DED001B51EC100B53EC112B07F010F813
:1096E0009DED000B41EC180B53EC102B51EC1A0BB9
:1096F00007F006F841EC1A0B53EC192B51EC180B40
:1097000006F0FEFF53EC1A2B06F0CEFE41EC100BD8
:10971000CCE7000000000000000000000000F03F67
:10972000D48C000000000000000000000000E03FBA
:109730003333D33F0000E93F000000000000D23F78
:1097400070B504462DED028B4D1E00EBC500B0EE4A
:10975000408AF0EE608A90ED000B35F0060017D0DD
:1097600053EC182B51EC100B06F0CEFC41EC100B17
:109770006D1E04EBC50090ED001B51EC100B53EC7B
:10978000112B06F0B1F841EC100B35F00600E7D1D3
:10979000022D36D0042D1CD0062D1CBFBDEC028B33
:1097A00070BD53EC182B51EC100B06F0ADFC94ED92
:1097B0000A1B53EC112B06F097F853EC182B06F00C
:1097C000A3FC94ED081B53EC112B06F08DF841EC33
:1097D000100B53EC182B51EC100B06F095FC94ED8C
:1097E000061B53EC112B06F07FF853EC182B06F0F8
:1097F0008BFC94ED040B53EC102B06F075F841EC48
:10980000100B53EC182B51EC100B06F07DFC94ED73
:10981000021B53EC112B06F067F853EC182B06F0E3
:1098200073FC94ED001B53EC112B06F05DF8BDECBE
:10983000028B41EC100B70BD31B504462DED040BCD
:109840002DED0A8BB0EE41BAF0EE61BA0B989DEDAA
:109850000A0B20F00040B0F1795F0DDA51EC100BEB
:10986000FDF723FE042808BF00F0CAF89DED0A0B9F
:10987000BDEC0A8B05B030BD53EC102B51EC100B36
:1098800006F042FC41EC180B9DED0A0B53EC182B33
:1098900051EC100B06F038FC41EC190B2C48B0EEE3
:1098A000480AF0EE680A05217844FFF749FF9FED6A
:1098B0002ACBB0EE40AAF0EE60AA9CB353EC1C2B6E
:1098C00051EC190B06F020FC41EC1C0B53EC1A2B4D
:1098D00051EC190B06F018FC9FED210B41EC190B14
:1098E00053EC102B51EC1B0B06F00EFC53EC192B18
:1098F00006F006FF53EC182B06F006FC53EC1B2B6E
:1099000006F0FEFE53EC1C2B06F0FAFE9DED0A1B42
:1099100053EC112B06F0C8FDBDEC0A8B05B041ECF1
:10992000100B30BDFFE753EC1A2B51EC180B06F06F
:10993000EBFB53EC1C2B05F0D7FF53EC192B06F077
:10994000E3FB9DED0A1B53EC112B05F0CDFFE3E784
:10995000648B000000000000495555555555C5BFA2
:10996000000000000000E03F9FED070B10B553EC36
:10997000102B9FED070B51EC100B06F0F5F841ECA6
:10998000100B10BD000000000000000000000000EF
:10999000000000000000F03F10B553EC102B51EC1C
:1099A000100B05F0A1FF41EC100B10BD10B553ECEE
:1099B000112B51EC100B05F097FF41EC100B10BD73
:1099C0009FED050B10B553EC102B51EC100B06F06E
:1099D000CBF841EC100B10BD0000000000000000AF
:1099E0009FED050B10B553EC102B51EC100B06F04E
:1099F0008BFB41EC100B10BD00000000000000705C
:109A00009FED050B10B553EC102B51EC100B06F02D
:109A10007BFB41EC100B10BD0000000000000010AB
:109A200030EE000A704730EE200A7047DFED020A80
:109A300080EEA00A70470000000000009FED020ABF
:109A400020EE000A7047000000000010D0ED000A70
:109A5000F4EEC00AF1EE10FA06DCB1EE400AF4EEC4
:109A6000C00AF1EE10FA01D280ED000A7047000042
:109A700070B52DED028B8AB005460C4616460DB129
:109A800004B11EB90AB0BDEC028B70BD94ED000AA2
:109A9000B5EEC00AF1EE10FA0DD194ED010AB5EE63
:109AA000C00AF1EE10FA06D194ED020AB5EEC00A32
:109AB000F1EE10FA7DD09FED600AB0EE408A0020F2
:109AC0000790089009900490059006905B4A07CA99
:109AD00001AB07C395ED010AD5ED030A20EE200A7C
:109AE000D5ED000A95ED021A00EEC10AF0EE000A6B
:109AF00020EE200A8DED070A95ED000AD5ED010A4A
:109B000020EE200AD5ED020A95ED031A00EE810A37
:109B1000F0EE000A20EE200A8DED080A95ED000A0D
:109B200020EE000AD5ED030A95ED031A00EE810A36
:109B3000F7EE000AB0EE001A51EE000ACDED090A68
:109B400001AB22463146284600F07AF8D4ED000AEF
:109B500060EEA00A94ED011AD4ED011A41EE210A3B
:109B600094ED021AD4ED021A41EE210AB0EE600A19
:109B7000F7F7BEF8B0EE408A94ED000A20EE080A2E
:109B800084ED000A94ED010A20EE080A84ED010A32
:109B900094ED020A20EE080A84ED020A94ED010A0F
:109BA000DDED090A20EE200AD4ED020A9DED081A27
:109BB00000E03EE000EEC10A8DED040A94ED020AD9
:109BC000DDED070A20EE200AD4ED000A9DED091A0A
:109BD00000EEC10A8DED050A94ED000ADDED080ADC
:109BE00020EE200AD4ED010A9DED071A00EEC10A0D
:109BF0008DED060A96ED000ADDED010A9DED041AD1
:109C000000EE810A86ED000A96ED010ADDED020AFA
:109C10009DED051A00EE810A86ED010A96ED020A15
:109C2000DDED030A9DED061A00EE810A86ED020ABB
:109C300000BF00BF26E7000000000000A8190108CF
:109C40002DE9F0412DED048B07460D4614461E46C6
:109C50009FED580AB0EE409A9FED560AB0EE408A4A
:109C60009FED540AF0EE408AD4ED000A60EEA00A9F
:109C700094ED011AD4ED011A41EE210A94ED021A75
:109C8000D4ED021A41EE210AB0EE600AF7F730F87F
:109C9000F7EE000A80EE801AB0EE419AD5ED000A88
:109CA000B0EE600AF6F7B6FEF0EE409AD5ED010A86
:109CB000B0EE600AF6F7AEFE79EE809AD5ED020AB4
:109CC000B0EE600AF6F7A6FE39EE800AF0EE408AA2
:109CD0003948D0ED000A79EE600AB0EE600AF6F776
:109CE00099FEB0EE408A9FED350AB4EEC08AF1EEDF
:109CF00010FA06DC9FED320AF4EEC08AF1EE10FA9B
:109D000053DD9FED2C2AB0EE420A9FED2A2AF0EE99
:109D1000421AB7EE002AF0EE420A9FED262AB0EE74
:109D2000421AB5EEC08AF1EE10FA05DD9FED232A46
:109D3000C2EE082AB0EE620A9FED222AB4EEC20AF1
:109D4000F1EE10FA03D29FED1B2AB0EE420AF5EEB7
:109D5000C08AF1EE10FA05DD9FED192AC2EE282A1D
:109D6000F0EE621AB7EE002AB4EEC20AF1EE10FA73
:109D700003D220EE802AF0EE420AB7EE002AF4EE7B
:109D8000C21AF1EE10FA03D220EEA12AF0EE420A36
:109D90009FED0D2A20EE822AB0EE421A86ED001ABF
:109DA00086ED011A86ED021A00BFBDEC048BBDE8FA
:109DB000F08100000000000034020020CDCCCC3D3A
:109DC0008FC2F53D9A99993ECDCC4C3E10B50446D4
:109DD00000F04EFBD4F8110000EE100AB5EEC00AF8
:109DE000F1EE10FA27D1D4F8150000EE100AB5EE06
:109DF000C00AF1EE10FA1ED1D4F8190000EE100AD4
:109E0000B5EEC00AF1EE10FA15D1D4F81D0000EE3F
:109E1000100AB5EEC00AF1EE10FA0CD1206890EDF0
:109E2000010A84ED250A90ED020A84ED260A90EDE0
:109E3000000A84ED240A10BD70B504462DED068B92
:109E4000F7F7BEFC002894F8400002D040F0010073
:109E500001E020F0010084F84000D4F81110D4EDA6
:109E6000200A00EE101AB4EE600AF1EE10FA01D0EA
:109E7000032200E004226273C4F88010D4F81510A5
:109E8000C4F88410227B8749022A01D14B781BB188
:109E90004B78012B06D009E040F0020084F8400026
:109EA000012005E020F0020084F840000AB90020FB
:109EB000487020680168C4F8491090ED010AB1EEBD
:109EC000400A10EE101AC4F845108068C4F841002A
:109ED0001C2104F13F0000F039FC73491C2201F100
:109EE0005D00F6F74DFBD4F83100D4F82D5000EEAC
:109EF000100AD4F835006D4900EE900A30EE200AC1
:109F0000F6EE000A20EE208A00EE105AB0EEC00AEB
:109F100010EE100A884202DD9FED658A23E000EE14
:109F2000105A6449B0EEC00A10EE100A88421ADDD9
:109F3000D4F81D0000EE905A00EE100A94ED1B1AA2
:109F40005D4A00EE810AB0EEC00A10EE101A91428E
:109F500009DD00EE100ADFED590A30EE600A10EE5E
:109F6000100AC4F81D00D4F82100D4ED1B8A00EEBD
:109F7000100A20EE280A10EE100A06F0C3FE41EC8B
:109F8000190BD4F81D0000EE905A00EE100A00EEF6
:109F9000A80A10EE100A06F0B5FE41EC100BFDF712
:109FA000CBFFB0EE40AAF0EE60AA18EE100A06F061
:109FB000A9FE53EC1A2B06F0A7F841EC1A0BD4F8C3
:109FC000110006F09FFE53EC1A2B06F099FB53ECA0
:109FD000192B05F089FC05F025FB2067D4F8250036
:109FE000D4ED1B8A00EE100A20EE280A10EE100AAB
:109FF00006F088FE41EC190BD4F81D0000EE100AA3
:10A00000D4F82D0000EE900A00EEA80A10EE100A17
:10A0100006F078FE41EC100BFEF7FEFFB0EE40AA12
:10A02000F0EE60AA18EE100A06F06CFE53EC1A2B44
:10A0300006F06AF841EC180BD4F8150006F062FE41
:10A0400053EC182B06F05CFB53EC192B05F04CFC81
:10A0500005F0E8FA00EE100A84ED1D0AD4ED1C0AA2
:10A0600020EE000A60EEA00A30EE800AFFF775F8D5
:10A07000D4F81900DFED121A00EE900AD4F8390076
:10A0800001EE100A41EE610A94ED1B1A03F0A6F9E5
:10A09000DFED0C0A30EE200A84ED1F0ABDEC068BC2
:10A0A00070BD0000D0010020CB7F00200000C04028
:10A0B0000000000000009040DB0F493FDB0FC93F6C
:10A0C000CDCCCC3DCDCCCCBD70B5644D04462DED92
:10A0D0000E8B686F06F016FE41EC100B9FED609B37
:10A0E000B0EE491AF0EE691AFEF76EF9B0EE408A4A
:10A0F000F0EE608A286F06F005FE41EC100BB0EE22
:10A10000491AF0EE691AFEF75FF9B0EE402AF0EE58
:10A11000602A53EC182B51EC120B05F0E5FB41ECD7
:10A12000100BFEF7DDFF51EC100B05F07BFA0AEE89
:10A13000900AD5F8250006F0E5FD41EC100BB0EED5
:10A14000491AF0EE691AFEF73FF9B0EE408AF0EED8
:10A15000608AD5F8210006F0D5FD41EC100BB0EE79
:10A16000491AF0EE691AFEF72FF953EC182B51EC4F
:10A17000100B05F0B9FB41EC100BFEF7B1FF51ECF1
:10A18000100B05F04FFAB3EE0AEAF7EE008ACAEEBA
:10A190008E9A9FED350AB0EE688A0AEE100A9FED9E
:10A1A00033DBDFED34EA344E002509EE808A29EEF8
:10A1B0008A9A00BFC4ED009A19EE100A06F0A2FDBB
:10A1C00041EC1C0B1AEE900A06F09CFD41EC1B0BB7
:10A1D00018EE100A06F096FD41EC100BFDF710FF8B
:10A1E00053EC1D2B51EC100B05F08EFF53EC1B2B89
:10A1F00006F086FA53EC1C2B06F082FA05F012FAF0
:10A2000000EE100AB0EE681A84ED020AD4ED000ADE
:10A2100000EEAE1ACEEE011A31EECA1A84ED031A20
:10A22000C0EE011A30EEE10A84ED010A70EE600A18
:10A23000F0EEE00A10EE900AB04209DDDFED0F0A01
:10A2400030EE200ADFED0E0A30EE200A84ED040A1B
:10A250006D1C322DAEDBBDEC0E8B70BD8C7F0020F3
:10A2600000000000000000400B176941000000C022
:10A27000348EFC3F84F23E3DACC527370AD7233DE0
:10A280000AD723BD10B50446017F3C48012903D0FD
:10A29000002900D1018110BD0189491C0904090C64
:10A2A0000181F8D060683649D0ED250AE06890ED6C
:10A2B000010A30EEC01AB0EEC11A11EE100A88423F
:10A2C00002DAC4ED3F0A01E084ED3F0A94ED401A42
:10A2D000D4ED3F0A94ED0F0A04F5087001F040FD3B
:10A2E00084ED410AF0EE400A94ED400A04F5EC706A
:10A2F000FBF742F884ED4D0A60682249D0ED240A4C
:10A30000E06890ED000A30EEC01AB0EEC11A11EE0E
:10A31000100A884204DAC4ED270AB0EE600A01E0B0
:10A3200084ED270A9FED181ADFED180A02F050FDA0
:10A3300084ED270AE068F0EE400ADFED151A90ED93
:10A34000000AE06FB0F9020001EE100A04F5267071
:10A35000B8EEC11A01EE610A94ED281A01F000FD71
:10A3600084ED290AF0EE400A94ED280A04F51470F1
:10A37000FBF702F884ED350A10BD00002001002033
:10A38000DB0F493FDB0FC93EDB0F4940DB0F49C004
:10A390006F12033A10B5044601F00EFC206001F084
:10A3A000BDFC606001F00CFCA06001221A491B4852
:10A3B000F9F792FF18481C21401F81703021C170AD
:10A3C0005A2084F83F00F7F7FBF9002894F8400082
:10A3D00002D040F0010001E020F0010020F0FC007C
:10A3E00040F0020084F840001C2104F13F0000F01E
:10A3F000ADF90B491C2201F15D00F6F7C1F80849DF
:10A400001C225D310548F9F799FF14F8400F20F040
:10A410000200207010BD0000D50100203C0C00207F
:10A42000CB7F002001490873704700008C7F00201B
:10A4300020EE000A10B500EEA00A2DED028BB0EE62
:10A44000418A10EE100A06F05DFC41EC100BFEF79D
:10A4500047FE51EC100B05F0E5F800EE900A88EE8F
:10A46000200ABDEC028BBDE81040FDF7B3BC000034
:10A4700010B504462DED028B90ED1F1AD0ED1D0A8C
:10A4800090ED1C0A00F074F8F0EE400A94ED1F1AEB
:10A49000B0EE608AD4ED1D0A94ED1C0AFFF7C8FFE8
:10A4A000DFED050A78EE200AC4ED240A84ED250AC2
:10A4B000BDEC028B10BD0000A69B44BB70B5012211
:10A4C00018491948F9F708FF164C1849641F002568
:10A4D000207850B1012810D002280DD13021134826
:10A4E00004F00EFB012815D01AE06079A52803D1ED
:10A4F000012222700870227170BD6279A52A0FD0E6
:10A5000020790A54401CC0B220713028F4D10220B6
:10A51000207070BD05493022A1F1A900F6F730F88E
:10A52000257070BDD50100203C0C00204480002027
:10A530004FF47A7004F0A6F90B48FFF72BFF0A4C92
:10A540005C342046FFF7C0FD0748FFF775FC06485E
:10A55000FFF73CFC04491C229C310448F9F7EEFE4D
:10A56000282004F08FF9ECE78C7F00203C0C0020C1
:10A5700010B52DED028BB0EE608AF0EE408A88EEC9
:10A58000280A10EE100A06F0BDFB41EC100BFDF797
:10A590005FF851EC100B05F045F800EE100ADFED06
:10A5A0000F0AF5EEC08AF1EE10FA09D2B5EEC08AB4
:10A5B000F1EE10FA04DD30EE200ABDEC028B10BD86
:10A5C000F5EEC08AF1EE10FAF7D2B5EEC08AF1EEE0
:10A5D00010FAF2D230EE600AEFE70000DB0F4940DC
:10A5E00010B52DED048B86B00446B0EE408AF0EE37
:10A5F000608AB0EE419A002003900490059000908C
:10A6000001900290B0EE000AC8EE000AF0EE609AE7
:10A61000B0EE690AF6F7FCF98DED030AB0EE000A18
:10A62000C8EE800AF0EE609AB0EE690AF6F7F0F92B
:10A630008DED040AB0EE000AC9EE000AF0EE609A51
:10A64000B0EE690AF6F7E4F98DED050AB0EE000AFE
:10A65000C8EE000AF0EE609AB0EE690AF6F752FB17
:10A660008DED000AB0EE000AC8EE800AF0EE609AA6
:10A67000B0EE690AF6F746FB8DED010AB0EE000A6E
:10A68000C9EE000AF0EE609AB0EE690AF6F73AFBFE
:10A690008DED020A9DED050ADDED040A20EE200A8B
:10A6A000DDED030A20EE200ADDED020A9DED011A20
:10A6B00060EE810A9DED001A00EE810A84ED000A29
:10A6C0009DED020ADDED040A20EE200ADDED030A0D
:10A6D00020EE200ADDED050A9DED011A60EE810AEB
:10A6E0009DED001A00EEC10A84ED010A9DED050AF8
:10A6F000DDED010A20EE200ADDED030A20EE200A3E
:10A70000DDED020A9DED041A60EE810A9DED001A4E
:10A7100000EE810A84ED020A9DED050ADDED040AD2
:10A7200020EE200ADDED000A20EE200ADDED020A0F
:10A730009DED011A60EE810A9DED031A00EEC10A3B
:10A7400084ED030A06B0BDEC048B10BD30B50C4699
:10A7500005000CD0022C0AD90548A11E0288284603
:10A7600001F006FA291901F8020D000A487030BDFF
:10A77000F801002010B541EC100BFCF769FF51EC1B
:10A78000100B10BDF8B500208DF800000446F6F758
:10A7900061FB8020F6F7D4FC5520F6F7D1FC55205C
:10A7A000F6F7CEFC8DF80000F6F74CFB9620F6F796
:10A7B000B2FBF6F74FFB8020F6F7C2FC5520F6F708
:10A7C000BFFC5520F6F7BCFC8DF80000F6F73AFB0D
:10A7D0009620F6F7A0FBF6F73DFBB6217E20F6F7B4
:10A7E000D6FCF6F72FFB5020F6F793FBF6F732FB7B
:10A7F0008020F6F7A5FC5520F6F7A2FC5520F6F7C9
:10A800009FFC8DF80000F6F71DFB9620F6F783FB02
:10A81000F6F720FB8020F6F793FC5520F6F790FC26
:10A820005520F6F78DFC8DF80000F6F70BFB96200F
:10A83000F6F771FB9DF800001E2801D0FF20F8BD3F
:10A84000194D00BFF6F706FB04EB44067719A85D27
:10A850007978F6F79CFCF6F7F5FA9620F6F75BFBAD
:10A86000F6F7F8FAA85D40F08000F6F769FC55208D
:10A87000F6F766FC5520F6F763FC8DF80000F6F756
:10A88000E1FA9620F6F747FB78789DF800108842A9
:10A8900004D004EB440028448078F8BD641CE4B282
:10A8A000062CCFD30020F8BD04020020F0B587B0FD
:10A8B0000020019002908DF800000546F6F7CAFAD4
:10A8C0008020F6F73DFC5520F6F73AFC5520F6F7C8
:10A8D00037FC8DF80000F6F7B5FA9620F6F71BFB6B
:10A8E000F6F7B8FA8020F6F72BFC5520F6F728FC8F
:10A8F0005520F6F725FC8DF80000F6F7A3FA962010
:10A90000F6F709FBF6F7A6FAB6217E20F6F73FFC2C
:10A91000F6F798FA5020F6F7FCFAF6F79BFA802043
:10A92000F6F70EFC5520F6F70BFC5520F6F708FC61
:10A930008DF80000F6F786FA9620F6F7ECFAF6F7AF
:10A9400089FA8020F6F7FCFB5520F6F7F9FB552035
:10A95000F6F7F6FB8DF80000F6F774FA9620F6F796
:10A96000DAFA9DF800001E2802D0FF2007B0F0BDE3
:10A970007D4C00BFF6F76EFA05EB45063719A05D72
:10A980007978F6F704FCF6F75DFA9620F6F7C3FA45
:10A99000F6F760FAA05D40F08000F6F7D1FB552095
:10A9A000F6F7CEFB5520F6F7CBFB8DF80000F6F757
:10A9B00049FA9620F6F7AFFA78789DF800108842A9
:10A9C00004D005EB450020448078CFE75020F6F70F
:10A9D000A0FA6D1CEDB2042DCCD30025F6F73AFA9F
:10A9E00005EB45073E19717B307BF6F7D0FBF6F798
:10A9F00029FA9620F6F78FFAF6F72CFA307B40F01A
:10AA00008000F6F79DFB5520F6F79AFB5520F6F7E8
:10AA100097FB8DF80000F6F715FA9620F6F77BFA0B
:10AA2000707B9DF80010884204D005EB450020445F
:10AA3000807B9BE75020F6F76CFAF6F70BFA922032
:10AA4000F6F77EFB062201A91220F6F75BFBF6F76C
:10AA5000F9F99DF805009DF804106D1C41EA0020ED
:10AA600003A9EDB221F817009DF807009DF8062014
:10AA700001EB470142EA002048809DF809009DF85B
:10AA80000820022D42EA00208880A7D3F6F7E2F9D9
:10AA900000216D20F6F77BFBF6F7D4F99620F6F748
:10AAA0003AFAF6F7D7F9ED20F6F74AFB5520F6F714
:10AAB00047FB5520F6F744FB8DF80000F6F7C2F986
:10AAC0009620F6F728FA9DF8000008B104204DE71B
:10AAD000F6F7C0F9B6217E20F6F759FBF6F7B2F982
:10AAE0005020F6F716FABDF90C00BDF91210411A04
:10AAF00040F2555081420EDBBDF90E10BDF9142015
:10AB0000891A814207DBBDF91000BDF91610401A01
:10AB1000B0F52A7F01DA802028E7F6F79BF980203C
:10AB2000F6F70EFB5520F6F70BFB5520F6F708FB62
:10AB30008DF80000F6F786F99620F6F7ECF9F6F7AF
:10AB400089F98020F6F7FCFA5520F6F7F9FA552036
:10AB5000F6F7F6FA8DF80000F6F774F99620F6F796
:10AB6000DAF9002002E7000094190108F8B5002482
:10AB70008DF80040F6F780F969460020F6F7D4FA20
:10AB8000F6F772F99620F6F7C6F9F6F775F9694601
:10AB90000020F6F7C9FAF6F767F99620F6F7BBF941
:10ABA000F6F76AF9B6211420F6F7F1FAF6F75CF930
:10ABB0005020F6F7AEF9F6F75FF969460020F6F790
:10ABC000B3FAF6F751F99620F6F7A5F9F6F754F926
:10ABD00069460020F6F7A8FAF6F746F99620F6F748
:10ABE0009AF99DF800000F2801D0FF20F8BD154DFF
:10ABF000F6F742F904EB44067719A85D7978F6F781
:10AC0000C6FAF6F731F99620F6F785F9F6F734F932
:10AC1000A85D6946F6F788FAF6F726F99620F6F762
:10AC20007AF978789DF80010884204D004EB44004B
:10AC300028448078F8BD641CE4B2062CD8D30020E8
:10AC4000F8BD00001602002038B500208DF8000085
:10AC50000446F6F711F969460020F6F765FAF6F7AB
:10AC600003F99620F6F757F9F6F706F9694600203A
:10AC7000F6F75AFAF6F7F8F89620F6F74CF9F6F7E1
:10AC8000FBF8B6211420F6F782FAF6F7EDF850201B
:10AC9000F6F73FF9F6F7F0F869460020F6F744FAC0
:10ACA000F6F7E2F89620F6F736F9F6F7E5F8694692
:10ACB0000020F6F739FAF6F7D7F89620F6F72BF9D1
:10ACC000F6F7DAF801213C20F6F761FAF6F7CCF84E
:10ACD0005020F6F71EF900BFF6F7CEF869463C2083
:10ACE000F6F722FAF6F7C0F89620F6F714F9641C86
:10ACF0009DF80000E4B2800701D40A2CECD30A2CA2
:10AD000003D09DF80000400701D5402038BD002049
:10AD100038BD000000B58BB000200121CDE906014F
:10AD2000089100900190029003900590049069466C
:10AD30000C48F6F7E3FE0B48F7F7F6FA022109484C
:10AD4000F6F75CFE0E200990059069460648F6F776
:10AD5000D5FE0548F7F7E8FA02210348F6F74EFE5C
:10AD60000BB000BDE0080020080900202DE9F041EB
:10AD700004006AD004F5AF65204695EC030A04F59B
:10AD8000806500F01DFD05F5BC75204695EC030AB5
:10AD900000F0A8FB5FF0000505EBC50004EB8007A1
:10ADA00004EBC006D7ED1E0A97ED1D0A06F1F80068
:10ADB000FAF7E2FAC5EBC50087ED1F0A00EB0510B4
:10ADC00004EB800705EB450004EB001097ED981AA3
:10ADD000D7ED920A97ED8C0A00F5956003F0A6FA7C
:10ADE00087ED8F0AF0EE400A97ED980A06F562703B
:10ADF000FAF7C2FA6D1C87ED9B0A042DCCDB2046C6
:10AE000000F084FA5FF0000000EBC00104EB810168
:10AE100091ED1F0ABDEEC00A10EE102AA1F88020A5
:10AE2000C0EBC00101EB001104EB8101401C91ED6E
:10AE30009B0A0428BDEEC00A10EE102AA1F8702269
:10AE4000E2DB94F8680584F86905BDE8F08100004C
:10AE500010B500284FD000219FED2F1A9FED2F0A2B
:10AE600001EBC10300EB830200EBC303946EB4F962
:10AE7000024000EE904AF8EEE00A60EE810AC2ED70
:10AE80001D0AD3ED4A0A60EE800AC2ED1B0AC1EB2F
:10AE9000C10202EB011200EB8202491CD2F8183207
:10AEA000C9B20429B3F9024000EE904AF8EEE00A74
:10AEB000C2ED980A1B8800EE903AF8EE600AC2EDE7
:10AEC0008C0ACDD3002180F86A1500BFC1EBC10206
:10AED00002EB011200EB8202D2F8182292795AB1E9
:10AEE00001EBC10200EB8202926E92797AB1491CA9
:10AEF000C9B20429EAD310BD01EBC10100EB810105
:10AF0000896E897909B1022102E0032100E0012163
:10AF100080F86A1510BD00003B672E380000FA4328
:10AF200070B505002DED068B6CD0002085F8680506
:10AF300000F0F8FE286000F0EDFE686000F0BCFE56
:10AF4000DFED328A9FED329A9FED328ADFED329A41
:10AF50009FED32AADFED32AA0024A860204600F05F
:10AF6000AFFE04EBC40605EB86018866201DC0B267
:10AF700000F0C0FEC4EBC40101EB041105EB81013C
:10AF800005EBC606C1F8180206F1F800F0EE680AF3
:10AF9000B0EE490A234A0021FAF782FA04EB440092
:10AFA000F0EE481AF0EE4A2AB0EE6A3A05EB0010CD
:10AFB000B0EE612AB0EE691AF0EE620AB0EE430A12
:10AFC00000F5956003F0F2F9164A06F56270F0EEAE
:10AFD000620AB0EE430A0C320021FAF761FA641CEF
:10AFE000E4B2042CBAD3F0EE480ABDEC068B05F1AE
:10AFF00020000C4ABDE8704018329FED0B0A00217A
:10B00000FAF74EBABDEC068B70BD00000000FA44A2
:10B0100000007A4600000000CDCCCC3E00409C45AC
:10B020000060EA46EC12010800401C4670B5044678
:10B0300090F86805964D07287DD008287BD0062813
:10B040002068B0F9060077D000EB8000800000EEA9
:10B05000100A6FF01301B8EEC01A85ED041A2068CB
:10B06000808810FB01F000EE100AF8EEC00AC5ED72
:10B07000050A2068007D00F0010100EE101AF8EECC
:10B08000401A9FED840AC0F3400002EE100A61EE00
:10B09000801AB8EE422A42EE401A31EE811A85ED4E
:10B0A000041A2068007DC0F3C001494201EE101A65
:10B0B000C0F3800001EE900AB8EEC11AF8EE611AF2
:10B0C00021EE001A01EE801A31EE200A85ED050A04
:10B0D0002068007DC0060DD5D5ED040AB0EE080A43
:10B0E00060EE800AC5ED040AD5ED050A20EE800A5F
:10B0F00085ED050A606890ED180ADFED670A20EE1D
:10B10000200ADFED660A20EE200A84ED070AC06FF0
:10B11000B0F9020000EE900AF8EEE00A9FED601A26
:10B1200000EE810ADFED5F0A30EE600A84ED070A67
:10B13000B1EE400A01E02BE032E0F5F715F985EDBC
:10B14000020A94ED070AB1EE400AF5F749F985EDD8
:10B15000030AD5ED021A95ED041AD5ED050A04F59A
:10B16000806621EE812A00EE202A61EEA00A40EEE0
:10B17000410A86ED5E2AC6ED5F0A94F868159FEDD8
:10B180004A0A04F1200001294DD002294BD051E098
:10B19000A06890ED060A85ED040A90ED070A95E790
:10B1A00000EB4000400000EE100AF8EEC00AC5EDCA
:10B1B000040A2068B0F90400A0EB8000400000EE13
:10B1C000100AB8EEC01A85ED051A2068007D00F05F
:10B1D000010100EE101AC0F3400002EE100AF8EE72
:10B1E000401A9FED320AB8EE422A61EE801A42EE12
:10B1F000401A71EEA00AC5ED040A2068007DC0F374
:10B20000C001494200EE901AC0F3800001EE900A9E
:10B21000F8EEE00AF8EE611A60EE800A41EE800A6C
:10B2200030EE810A52E76168D1ED180AFAF7A4F806
:10B2300086ED600A94F86805062816D120689FED0F
:10B240001C0A007D800614D51A4AD6F88001012117
:10B25000904201DD2A784AB1174A904205D92878F0
:10B26000002802D186ED600A297070BD9FED130A97
:10B27000F8E7D6ED600A1249F0EEE00A10EE900A07
:10B28000884202DA86ED600A70BD0020287070BD29
:10B29000D000002000002F450000343D35FA8E3CE0
:10B2A000A69B443CDB0F49BF0000000000803B45EB
:10B2B00000606A460AD7233C0AD723BC00606AC6EE
:10B2C00000606A46016800F580606FF01303B1F911
:10B2D000062002EB8202920000EE102AB8EEC00AAD
:10B2E00080ED5E0A8A8812FB03F200EE102AB8EEA7
:10B2F000C00A80ED5F0A098811FB03F100EE101A05
:10B30000B8EEC00A80ED600A7047000010B5044630
:10B310002DED028B82B09FED528A8DED008A8DED6E
:10B32000018A00F003FD022819D00C2817D0B0B113
:10B3300001A9684600F0D0FCDDED010A494910EE94
:10B34000900A9FED490A884211DA10EE900A4749A7
:10B35000884207DDDFED461A80EEA11A04E09FED7A
:10B36000450A22E09FED441A21EE000A1DE0DDEDC2
:10B37000000A424910EE900A884214DD10EE900A4D
:10B380003F49884208DA9FED3F1ADFED3F1A31EE60
:10B39000601AC1EE210A01E0F0EE480A9FED3B1A67
:10B3A00000EE810A01E09FED3A0A002000EBC001A7
:10B3B00004EB8101D1ED1F0AC0EBC00101EB0011CC
:10B3C00004EB8101F0EEE00A91ED9B1A70EE880A21
:10B3D000401CB0EEC11AC0B231EE208A0428E5D379
:10B3E000B4EEC08AF1EE10FA35DDC0EE080A94ED35
:10B3F0001F0A20EE200A84ED1F0A94ED280A20EE91
:10B40000200A84ED280A94ED310A20EE200A84ED0A
:10B41000310A94ED3A0A20EE200A84ED3A0AB0EEA1
:10B42000040A94ED9B1A20EE800A61EE000AC4ED36
:10B430009B0AD4EDB20A60EE800AC4EDB20AD4EDE4
:10B44000C90A60EE800AC4EDC90AD4EDE00A20EE14
:10B45000800A84EDE00A02B0BDEC028B10BD000052
:10B46000000000000000484200007A460000A040B2
:10B470000000484200007A47CDCCCC3D000020427D
:10B480000000A0420000A0420000204200409C4674
:10B4900000A00C4710B50446FFF7C8FD9FED030A56
:10B4A00004F5806484ED600A10BD00000000000017
:10B4B000002815D090F8681503290DD001290DD06A
:10B4C00002290BD0072905D0062907D0082905D065
:10B4D000042905D1FFF7DEBFFFF7F4BEFFF7A6BDD5
:10B4E0007047000010B504462DED0C8BF0EE408A3D
:10B4F000B6EE000AB0EE608A21EE00CAB0EE481A3D
:10B50000DFED84CA0CEE2C1A11EE100AF0EE41AAFF
:10B5100005F0F8FBB0EE682A41EC190B0CEE6C2A32
:10B5200012EE100AB0EE42AA05F0ECFB41EC100B53
:10B53000B0EE491AF0EE691AFCF7F6F99FED769B2A
:10B5400051EC100B53EC192B04F0DEFD9FED74BB96
:10B5500053EC1B2B04F008FB53EC192B04F0C4F93B
:10B5600004F060F8B0EE6A1AC4F8340211EE100A62
:10B5700005F0C8FB4CEE2C8A41EC1D0B18EE900A2E
:10B5800005F0C0FB41EC100BB0EE4D1AF0EE6D1A59
:10B59000FCF7CAF953EC192B51EC100B04F0B4FD75
:10B5A00053EC1B2B04F0E0FA53EC192B04F09CF93C
:10B5B00004F038F80CEE6C8AC4F8900218EE100A09
:10B5C00005F0A0FB41EC1C0BB0EE4A2A12EE100A6B
:10B5D00005F098FB41EC100BB0EE4C1AF0EE6C1A33
:10B5E000FCF7A2F953EC192B51EC100B04F08CFD75
:10B5F00053EC1B2B04F0B8FA53EC192B04F074F93C
:10B6000004F010F8C4F8EC0218EE100A05F07AFB0A
:10B6100041EC1A0B18EE900A05F074FB41EC100B8C
:10B62000B0EE4A1AF0EE6A1AFCF77EF953EC192BC9
:10B6300051EC100B04F068FD53EC1B2B04F094FA52
:10B6400053EC192B04F050F903F0ECFFC4F8480355
:10B6500094ED8C0A94ED8D1ADFED330ABDEEC00A2D
:10B66000002210EE100A9FED310A01B201EE200A0D
:10B67000BDEEC00A10EE100A00B201F025FC84ED08
:10B68000920A94EDA30A94EDA41A0122BDEEC00A19
:10B6900010EE100A9FED260A01B201EE200ABDEE5F
:10B6A000C00A10EE100A00B201F00EFC84EDA90AE7
:10B6B00094EDBA0A94EDBB1A0222BDEEC00A10EE58
:10B6C000100A9FED1C0A01B201EE200ABDEEC00A6D
:10B6D00010EE100A00B201F0F7FB84EDC00A94ED01
:10B6E000D10A94EDD21A0322BDEEC00A10EE100A60
:10B6F0009FED110A01B201EE200ABDEEC00A10EE64
:10B70000100A00B201F0E0FB84EDD70ABDEC0C8B0F
:10B7100010BD0000F704353F0000000000806640C7
:10B7200000000060FB210940610BB64100C0FB44F2
:10B730000090E94500B893450080EB451E48FFF7AF
:10B74000EFFB1D4C1D4D6068C07F84F868051A48EA
:10B75000FFF77EFB1848FFF7ABFE1748FFF706FB25
:10B7600094F86805E0B1B4F9EC30B4F9C820B4F944
:10B77000A410B4F98000F5F721FDB4F98433B4F9CD
:10B780002823B4F9CC12B4F9700200BFF5F73AFDE2
:10B79000052003F077F8002002F048FF6860D2E748
:10B7A00000231A4619461846F5F708FD00231A46E5
:10B7B00019461846EAE70000E4720020D000002095
:10B7C00070B504462DED0E8BF0EE608AF0EE40DA97
:10B7D0009FED829BB6EE000AB0EE6D8A61EE00AA84
:10B7E0009FED80DA0AEECD8A18EE100A05F08AFA8B
:10B7F00041EC100B9FED7CCBB0EE4C1AF0EE6C1AC6
:10B80000FCF7E2FDB0EE68AAB0EE40BA0AEE8DAAEF
:10B81000F0EE60BA1AEE100A05F074FA41EC100B63
:10B82000B0EE4C1AF0EE6C1AFCF7CEFD53EC1B2B6D
:10B8300051EC100B04F058F841EC100BFDF750FCE4
:10B840006B4DB0EE40BAF0EE60BAB5F9000004F00E
:10B85000E7FB53EC1B2B04F057FC53EC192B04F0C3
:10B8600053FC03F0DFFE44F8780F18EE100A05F0E1
:10B8700049FA41EC100BB0EE4C1AF0EE6C1AFCF7E2
:10B88000A3FDB0EE68EAB0EE40BA0AEECDEAF0EE03
:10B8900060BA1EEE100A05F035FA41EC100BB0EE5E
:10B8A0004C1AF0EE6C1AFCF78FFD53EC1B2B51EC8D
:10B8B000100B04F019F841EC100BFDF711FCB0EE81
:10B8C000408AF0EE608AB5F9020004F0A9FB53EC5F
:10B8D000182B04F019FC53EC192B04F015FC03F0A1
:10B8E000A1FE4AEE8DDA60621DEE900A05F00AFABA
:10B8F00041EC100BB0EE4C1AF0EE6C1AFCF764FD44
:10B90000B0EE408AF0EE608A1EEE100A05F0FAF9F9
:10B9100041EC100BB0EE4C1AF0EE6C1AFCF754FD33
:10B9200053EC182B51EC100B03F0DEFF41EC100B25
:10B93000FDF7D6FBB0EE408AF0EE608AB5F9040060
:10B9400004F06EFB53EC182B04F0DEFB53EC192BC8
:10B9500004F0DAFB03F066FEA0641DEE900A05F029
:10B96000D1F941EC100BB0EE4C1AF0EE6C1AFCF76A
:10B970002BFDB0EE408AF0EE608A1AEE100A05F058
:10B98000C1F941EC100BB0EE4C1AF0EE6C1AFCF75A
:10B990001BFDB0EE401AF0EE601A53EC182B51EC80
:10B9A000110B03F0A1FF41EC100BFDF799FBB0EE7A
:10B9B000408AF0EE608AB5F9060004F031FB53ECE2
:10B9C000182B04F0A1FB53EC192B04F09DFB03F0A2
:10B9D00029FEE066BDEC0E8B70BD0000000000A0EB
:10B9E00061D2003FF704353F000000000000004036
:10B9F000E8000020064801680648B1FBF0F206485E
:10BA000002704FF47A72B1FBF2F1416070470000AE
:10BA10002C00002040420F00A400002070B54FF021
:10BA2000E024002265690949A36909784843A169AE
:10BA30009942FCD002D2A3EB010302E0A5EB010680
:10BA400033441A440B468242F1D370BDA400002057
:10BA500082B0CDE9000121F0004001909DED000B86
:10BA600002B051EC100B7047EFF3108172B64368CF
:10BA700002699A4201D90268026112F8013B02612F
:10BA80008268521C8260C268521E81F31088C260B4
:10BA9000184670478B185B1E0160C0E90132002216
:10BAA000C0E903214161104670472DE9F0475FEA84
:10BAB00001080546EFF3108672B62FD0AC686CB360
:10BAC00069686869884201D928686861944200DD24
:10BAD00014460F1A7F1CA74206DB22464146F4F7A4
:10BAE0004FFD686920440DE0A4EB07093A46414642
:10BAF000F4F746FD08EB07014A462868F4F740FDD5
:10BB0000286848446861A868001BA860E868204469
:10BB1000E860204686F31088BDE8F08786F3108839
:10BB20004FF0FF30F8E7C0687047000070B5064678
:10BB30005FF0000404EB840000EBC40006EB80051A
:10BB400004EBC40006EBC000D5ED610A95ED600A78
:10BB500000F5A460F9F710FC85ED630ABDEEC00A9C
:10BB6000641C022C10EE100AA5F8A001E2DB70BDE7
:10BB700010B558B1084C491E0BD310F8013B534087
:10BB8000DBB234F8133083EA1222F4E74FF6FF7089
:10BB900010BD104610BD00008817010810B5054CF7
:10BBA00004E000BF10F8013B5340E25C491EF9D2AB
:10BBB000104610BD8816010800487047C87E002056
:10BBC00000487047B87E0020004870478C7F0020F6
:10BBD0002DE9F04104460D4616461F4614B10DB13D
:10BBE00006B10FB9BDE8F081D4ED010A94ED031A56
:10BBF00060EE810A94ED001AD4ED021A41EE610A5A
:10BC0000B8EE001A60EE810AB0EE600AF4F7FCFEAE
:10BC100086ED000A94ED001A21EE011AD4ED011A06
:10BC200094ED012A01EE821AF7EE001AB0EE002A16
:10BC300052EE011AF0EE610A94ED001AD4ED031AE7
:10BC400021EE211AD4ED011A94ED022A01EE821A96
:10BC5000F0EE001A21EE211AB0EE410AF4F7D6FEFA
:10BC600085ED000A94ED001A21EE011AD4ED031AB5
:10BC700094ED032A01EE821AF7EE001AB0EE002AC4
:10BC800052EE011AF0EE610A94ED001AD4ED011A99
:10BC900021EE211AD4ED021A94ED032A01EE821A44
:10BCA000F0EE001A21EE211AB0EE410AF4F7AEFED2
:10BCB00087ED000A00BF95E70048704774800020B8
:10BCC000024900EB800001EB40007047E471002066
:10BCD00000487047E4720020054A536803601089E9
:10BCE00000EE100AB8EE400A81ED000A704700002D
:10BCF00093780020024900EB800001EB4000704780
:10BD0000E4710020024900EB800001EB4000704725
:10BD10003472002000487047C07800200048704707
:10BD2000947E0020004870474C7100200148007844
:10BD30007047000084780020034A1289028002487C
:10BD40000F3040890880704784780020034900EB59
:10BD5000800001EB40001430704700003472002076
:10BD600010B5040036D084ED040A30EEC00AC4EDEC
:10BD7000030A04F1240084ED050AD4ED000A60EE04
:10BD8000800AC4ED080AD4ED090AD4ED011A41EE87
:10BD9000800AC4ED090A94ED020A20EE010A84ED3E
:10BDA0000A0A94ED070AFDF751FE94ED080AD4ED56
:10BDB000090A04F12C0030EE200AD4ED0A0A30EE14
:10BDC000200A84ED0B0A94ED060AFDF73FFE94ED80
:10BDD0000B0A10BD9FED010A10BD0000000000001D
:10BDE00000280BD080EC031A9FED051A80ED051A90
:10BDF00080ED041AC0ED070A80ED060A70470000C6
:10BE00000000000010B50446C07F01280ED00228B3
:10BE10000CD007280AD0062804D0082802D004280D
:10BE200004D014E0204600F093FD02E0204600F02C
:10BE300065FDE07F062807D0022805D0042803D03E
:10BE4000072801D0082802D1207F01280FD19FEDBB
:10BE5000290A84ED230A84ED3B0AD4ED100AC4EDCF
:10BE60000C0AD4ED0F0AC4ED0D0A84ED110AE07F2F
:10BE700001280CD003280AD006280CD002280AD0AA
:10BE8000042808D0072806D0082804D006E0204659
:10BE900000F032F802E0204600F07AFA204601F085
:10BEA0005BFA204602F099FA2046FFF73FFE204653
:10BEB000FEF7E8F994ED4D0ABDEEC00A10EE100A47
:10BEC000A4F8380194ED350ABDEEC00A10EE100A50
:10BED000A4F8D80094F826000B2802D00A2803D032
:10BEE00004E000F06DFF01E000F062FFE07F84F805
:10BEF000200010BD0000000010B590ED1D0ADFED20
:10BF0000170A044630EE200A80ED270AD0ED260AF3
:10BF1000BDEEC00AFDEEE00A10EE900A01B210EE8E
:10BF2000100A00B200F0B1FF84ED2C0AF0EE400AD6
:10BF300094ED321A94ED260A04F56270FFF710FFB3
:10BF400084ED290AF0EE400A94ED320A04F55070AF
:10BF5000F9F712FA84ED350A10BD000000D016453D
:10BF600010B504002DED028B7DD0E06890ED020A43
:10BF700084ED0E0A90ED010A84ED0F0A90ED000A9F
:10BF8000E06FB0F9020000EE900AF8EEE00A9FEDD3
:10BF90003D1A04F1300000EEC10A84ED100A00F0F1
:10BFA000C5F9E06FB0F9021000EE101AB8EEC00A41
:10BFB00084ED320A008800EE100AB8EE400A84EDE3
:10BFC000260AD4F8DC00B0F9021000EE101AB8EE20
:10BFD000C00A84ED4A0A008800EE100AB8EE400A52
:10BFE00084ED3E0AD4F83C01B0F9021000EE101ABC
:10BFF000B8EEC00A84ED530A008800EE100A002053
:10C00000B8EE400A84ED590A00EB800101EBC00153
:10C0100004EB8101401CD1F870210228B2F90230F2
:10C0200000EE103AB8EEC00A81ED600A128800EE08
:10C03000102AB8EE400A81ED660AE5DB207FFEF7A4
:10C04000F1F96068407B607794ED3C0AF4F78CF975
:10C050002069D0ED020A20EE208A94ED3C0AF4F724
:10C06000BFF9206900E009E0D0ED000A00EE608A27
:10C0700084ED288A90ED010A84ED400ABDEC028B24
:10C0800010BD00006F12033A70B504002DED088B4F
:10C090007ED002F073F89FED978A002084ED188A15
:10C0A00084ED198AA4F854009FED930A934984ED16
:10C0B0003D0A0978012900D10220E077092084F89F
:10C0C00028000A2084F82600072084F82500042090
:10C0D00084F824000120A077FFF76EFDE060FFF7F1
:10C0E0001DFE2061FFF770FD6060FFF71BFE206002
:10C0F000FFF7E2FDA0600020FFF704FEE0670120EB
:10C10000FFF700FEC4F8DC000020FFF71FFEC4F8B4
:10C110003C010120FFF71AFEC4F870010220FFF76E
:10C1200015FEB0EE482AF0EE481AB3EE0C1ADFED19
:10C13000749AF0EE690A9FED73BAC4F8A40104F58D
:10C140000870B0EE4B0AFFF74BFE9FED6F9AF0EED2
:10C15000490A9FED6EAA6E4A0021B0EE4A0A04F524
:10C16000EC70F9F79DF9B0EE482AF0EE481AB2EEFD
:10C170000E1AF3EE0E0AB0EE4B0A04F52670FFF726
:10C180002FFEF0EE490ADFED63AAB0EE6A0A00E086
:10C19000ACE05F4A00210C3204F51470F9F780F925
:10C1A000B0EE482AF0EE481AB2EE0C1AF3EE0E0A80
:10C1B000B0EE4B0A04F54470FFF712FE544AF0EE5D
:10C1C000490AB0EE6A0A1832002104F53270F9F714
:10C1D00067F9B0EE482AF0EE481AB3EE091AF0EE0D
:10C1E000690AB0EE6A0A04F56270FFF7F9FDF0EE35
:10C1F000490ADFED498A464A0021B0EE680A243236
:10C2000004F55070F9F74CF9B0EE482AF0EE481AF0
:10C21000B3EE091AF0EE490AB0EE6A0A04F580603E
:10C22000FFF7DEFD3A4AF0EE490A9FED3C0A303254
:10C23000002104F56E70F9F733F9B0EE482AF0EEFC
:10C24000481AB3EE091AF0EE690AB0EE4B0A04F58B
:10C250008F60FFF7C5FD2E4AF0EE490AB0EE4A0A9C
:10C260003C32002104F58660F9F71AF9B0EE482A4D
:10C27000F0EE481AB3EE041AF0EE690A9FED280AB0
:10C2800004F59E60FFF7ACFD214ADFED260AB0EE13
:10C29000680A4832002104F59560F9F701F9002594
:10C2A00005EBC5001A4A04EBC000F0EE490AB0EEF7
:10C2B000680A5432002100F5A460F9F7F1F86D1C0A
:10C2C000022DEDDB00F060FB94ED100ADFED160AA5
:10C2D00030EE200A84ED0C0A94ED0F0A84ED0D0A6D
:10C2E000BDEC088BBDE8704000F05CBDBDEC088B78
:10C2F00070BD000000000000008089452001002082
:10C3000000004842007C924800007A4400409C466D
:10C31000101301080060EA4600401C460000FA4580
:10C3200000803B4500409C45DB0F494090ED040AEE
:10C33000DFED130A144A30EE200A80ED040A9FED67
:10C34000110AD0ED050A90ED041A03E031EE001A4F
:10C3500080ED041A70EEC11A11EE901A9142F5DCCC
:10C360000A4A00BF70EEC11A11EE901A914204D928
:10C3700031EE401A80ED041AF4E780ED051A70479B
:10C38000DB0F4940DB0FC940DB0F4940DB0F49C0E1
:10C3900010B50446007F002823D194ED230AD4ED84
:10C3A0001D0A9FED101A04F5447000EE810A84ED19
:10C3B000230AD4ED0C0A70EE800AC4ED270A94ED2E
:10C3C000281A94ED100AFFF7CBFC84ED290AF0EE51
:10C3D000400A94ED280A04F53270F8F7CDFF84ED99
:10C3E000350A10BDBD37063690ED001AB4EEC01AFE
:10C3F000F1EE10FA02DD80ED000A7047B4EEE01AAB
:10C40000F1EE10FAF9D2C0ED000A704700286FD0A3
:10C41000C27F9AB3017F01293AD0072A40D0082A67
:10C420003ED00168FBEE0B0AB0EE081AB1F90C30F1
:10C4300000EE103AB1F90030B8EEC00A20EE200A42
:10C4400000EE903AF8EEE00A00EEC10AF3EE0B0AB5
:10C4500080ED1D0AB1F902209FED300A01EE102A8D
:10C46000B1F90E10B8EEC11A21EE000A01EE101A51
:10C47000B8EEC11A01EE600A80ED1E0A90F826207F
:10C4800027499FED280A0B2A12D00A2A19D01EE04C
:10C49000416891ED240A80ED1D0A91ED250AEBE734
:10C4A000816891ED010A80ED1D0A91ED020AE3E732
:10C4B000DFED1D0AC1ED610ADFED1C0AC1ED6E0A58
:10C4C00005E081ED610A81ED6E0A81ED540A90F874
:10C4D000251031B1DFED160A01290AD0032908D051
:10C4E0000BE090F826200B2A07D19FED120A04E0FA
:10C4F00012E090F826200B2A09D080ED550A00BFE3
:10C5000090F8262000F5A873273001F053BEC0ED47
:10C51000550A90ED550AF3E7704700009A99D93F04
:10C52000C07800200000000000C0DA4500C0DAC575
:10C530000000A042000002432DE9F05F040071D02A
:10C5400020680025817A022900D1E577DFF8EC82A6
:10C5500002274FF0040A98F800104FF0060B4FF036
:10C560000709012631BB817A022906D001290FD0A3
:10C57000032918D001290ED029E0C17A032902D05D
:10C58000012903D023E084F81F9020E0082118E05F
:10C59000C17A022905D0C17A012914D0032915D006
:10C5A00015E0E67713E0C17A022904D0032904D00C
:10C5B000012905D00BE0032103E084F81FA006E069
:10C5C0000521E17703E084F81FB000E0E777407DC4
:10C5D000010601D588F80050400701D5F6F790FC18
:10C5E00098F800104046012924D121684A7D12079D
:10C5F00000D5E5774A7DD20601D584F81FA0097DD4
:10C600004A060BD5E27F062A02D0022A04D005E0B2
:10C61000C2781AB9E77708E0C27822B1C278012A55
:10C6200005D007E007E184F81FB0C67002E04906B4
:10C6300000D4C5702168DFF808C24FF00B0EB1F9C5
:10C64000082000EE102A0A22B8EEC00A84ED0B0A78
:10C65000E37F43B194F82630DFF8E8810A2B09D054
:10C660000B2B1BD027E084F8262084F8282084F8A0
:10C67000259020E094F82830092B1CD110EE103AB8
:10C68000434518D383885B1C9BB28380642B2AD3D9
:10C6900084F826E084F828E0858032E094F8283099
:10C6A000092B08D110EE103A434504D384F8262014
:10C6B00084F8282017E0B5EEC00AF1EE10FA02DD8A
:10C6C000F0EE400A01E0F1EE400A10EE903A6345C8
:10C6D00002DA092384F8283094F826300A2B02D095
:10C6E0000B2B0ED015E08A7C012A12D18288521CB5
:10C6F0001204120C82800CD084F826E084F828E022
:10C7000007E00B7D1B0604D584F8262084F828203A
:10C710008580CA7C012A02D1627F032A08D025774E
:10C720004A7DD20700D027778A7A012A02D007E013
:10C730002677F5E7CA7A012A02D1627F032A0AD056
:10C7400025774A7DD20700D027774A7D920710D5FA
:10C75000C28812B10EE02677F3E794F82420042A69
:10C7600003D084F824A0C68004E0052284F82420A5
:10C77000F9E7C5804A7D52060DD5427862B994F832
:10C780002420062A02D084F824B002E0052284F88E
:10C790002420467000E0457010EE102A2A4B1A44FF
:10C7A0002A4B9A421BD310EE102A294B9A4213DCD3
:10C7B0008A7C012A1AD1D4ED600AF0EEE00A10EE6C
:10C7C000902A624512DD94F82420042A07D0052A15
:10C7D00002D0062A0CD105E084F8256008E084F830
:10C7E000255005E0032284F8252001E084F82590F7
:10C7F000497D89060BD5817851B9A17F012901D0E6
:10C8000011B102E0A57700E0A677867000E08570A0
:10C8100010EE100A0F49884203DD94F826000A281A
:10C8200005D0A07F18B1BDE8F05F00F09FB8BDE86B
:10C83000F05F00F0B5B8BDE8F09F000020010020D7
:10C84000000020410000C8C3FFFFB7BCFFFF9800F5
:10C850000000E1430000C843084910B5881CFFF7F9
:10C860006BFA06494888002804D009882338814299
:10C8700001DB012010BD002010BD0000D801002008
:10C880004FF4FA7001F0FEFF1A48FFF7FDFB194C58
:10C89000194D1848FFF750FE1648FFF761FB154881
:10C8A000FFF7B4FD1348FFF7ADFAE07FA8B1B4F984
:10C8B0003811B4F9D800F4F7C9FCB4F9D421B4F9AB
:10C8C000A011B4F96C01F4F7E3FC012001F0DAFFE8
:10C8D000002001F0ABFEE860DBE700210846F4F73A
:10C8E000B5FC002211461046F4F7D2FC00F052F8D5
:10C8F000EBE70000C078002020010020D0ED260AE0
:10C900009FED110A30EEC00AB5EEC00AF1EE10FA42
:10C9100002D190ED1A0A01E080ED1A0A10EE101A09
:10C92000DFED0A0AB1F18B4F02DD30EE600A06E05E
:10C9300010EE101A11F16A5F03D930EE200A80ED73
:10C940001A0A80ED180A704700D01645000000460C
:10C9500090ED260ADFED040A30EE600A80ED1A0A37
:10C9600080ED180A7047000000D0164510B5002170
:10C970000448F7F763FA034940F2A4600968486382
:10C9800010BD0000BC0A002000210148F7F756BA8C
:10C99000BC0A002000210148F7F772BABC0A002047
:10C9A00010B500210448F7F749FA03494FF42F70F6
:10C9B0000968486310BD0000BC0A00202DE9F04F53
:10C9C000DFF8DCC0DFF8DCA00CF12408099F0024AC
:10C9D0000AF1180B08F124090AF1340E04EB44069D
:10C9E0000CEB860593ED050AD5ED000A95ED011ACD
:10C9F00020EE200AD3ED060A00EE810AD3ED070AE5
:10CA000095ED021A0AEB840500EE810AD5ED000AC5
:10CA100000EB840530EE200A85ED000A08EB860560
:10CA200093ED010AD5ED000A95ED011A20EE200ADA
:10CA3000D3ED020A00EE810AD3ED030A95ED021A46
:10CA40000BEB840500EE810AD5ED000A01EB8405AD
:10CA500030EE200A85ED000A09EB860597ED010A04
:10CA6000D5ED000A95ED011A20EE200AD7ED020A55
:10CA700000EE810AD7ED030A95ED021A0EEB84054C
:10CA800000EE810AD5ED000A02EB8405641CE4B2D5
:10CA9000032C30EE200A85ED000A9FD3BDE8F08F0D
:10CAA00064010020047F002070B55020EFF3118452
:10CAB00080F31188BFF34F8FBFF36F8F3949087828
:10CAC000C5073948D0E9122320D010680068C00794
:10CAD0001CD118680068C00718D14878800715D4A1
:10CAE0008878800712D4087820F001000870087850
:10CAF00040F002000870002201212C48F5F7C4FE26
:10CB0000284908222031A1F1080021E04878C50712
:10CB1000274820D015682D68ED071CD11D682D68A9
:10CB2000ED0718D10D78AD0715D48D78AD0712D467
:10CB30004A7822F001024A704A7842F002024A70B2
:10CB400000221021F5F7A0FE1648092219492830C5
:10CB5000F8F732FD22E08D78ED071FD012681268D9
:10CB6000D2071BD11A681268D20717D10A78920728
:10CB700014D44A78920711D48A7822F001028A707C
:10CB80008A7842F002028A7000221021F5F77CFEBA
:10CB9000044904221431A1F10D00D9E784F311886E
:10CBA00070BD000030010020A409002000040240F4
:10CBB00000000240D47E00200149096848637047A4
:10CBC000FC0B002010B51848184C8179A9B1DFED95
:10CBD000180A2046F8F7D0FB94ED080AB5EEC00A13
:10CBE000F1EE10FA03D29FED130A84ED080ABCEEB1
:10CBF000C00A10EE100A80B212E010EE101A0E4AAF
:10CC000091420BDD4179491CC9B24171C82905D94E
:10CC100001219FED0A0A817184ED0A0A41F28730F1
:10CC2000BDE81040FFF7C8BF30010020447F00205E
:10CC300000003442000000000000344200401C4567
:10CC400070B5194D00241C21C5F81640AC76C5F806
:10CC50001B40EC772C81AC722C701448F3F70FFD5D
:10CC6000C5F80E40C5F81240A5F80B400F486C738C
:10CC7000AC800F211C30F3F702FD0C480E212B3045
:10CC8000F3F7FDFC094810213930F3F7F8FC6C701C
:10CC9000EC80AC702C620548AC84EC7040F8494FD5
:10CCA0004460846070BD0000F800002068780020B7
:10CCB000704700001FB56423012203A98DE80E0010
:10CCC000134602461C210348F5F7A4FE9DF80C000C
:10CCD00004B010BD3009002003B583B064230122E5
:10CCE00004A98DE80E00134602461C210248F5F700
:10CCF0008DFF05B000BD0000300900200122402159
:10CD00000148F5F7C1BD0000001802400022402193
:10CD10000148F5F7B9BD000000180240704700F067
:10CD2000D5BA00002DE9F0410024FFF7C1FFFFF75D
:10CD3000F5FFFFF7EBFF3220FFF7F1FFFFF7DEFF14
:10CD40003220FFF7ECFF0020FFF7B4FF102802D0DD
:10CD50004020BDE8F0810120FFF7E1FF104D00BF4A
:10CD600004EB44067719A85D7978FFF7B5FF012039
:10CD7000FFF7D5FFA85DFFF79DFF06460120FFF7EF
:10CD8000CEFF7878B04204D004EB44002844807889
:10CD9000DFE7641CE4B2042CE2D30020D9E70000F2
:10CDA0008819010808210148F7F748B8FC0A002053
:10CDB000024900200968C86370470000FC0A00208F
:10CDC000024942F2CF000968C8637047FC0A00209C
:10CDD000B4EEE01AF1EE10FA0FD371EE601AB4EE71
:10CDE000C10AF1EE10FA03DC08E000BF30EE610A80
:10CDF000B4EEC10AF1EE10FAF8DC7047B4EEE00AC6
:10CE0000F1EE10FA02D3704730EE210AB4EEE00AD8
:10CE1000F1EE10FAF8D37047F5F7DCFFF9F700FEF2
:10CE2000F7F72AFFF7F78CFEF7F746FEF7F766FEEF
:10CE3000F8F732F8F8F73AF9F8F784F9F8F72EFA34
:10CE4000F8F7DCF9F7F7ECFFF8F70AF8F8F7E2F88B
:10CE5000F8F746F8F7F7CCFDF7F7FCFDF8F702FA1C
:10CE6000F8F73CFAF8F76EF8FDF754FFFEF7C2FD4D
:10CE700001F094F8F7F7AAFE00F02FFAFEE701465A
:10CE80000020842900D0C81C7047B0F5005F02DB89
:10CE9000A0F5005003E0002802DA00F5005000B2CF
:10CEA000091A09B2B1F5805F02DD00F5005004E017
:10CEB00011F5805F02DAA0F5005000B200EE100A12
:10CEC000B8EEC00A7047000010B5B0F5005F02DB95
:10CED000A0F5005003E0002802DA00F5005000B28F
:10CEE000091A0CB20F494C80203131F9123008393F
:10CEF000B4F5006F04DB00F5805006E063420AE001
:10CF000014F5006F07DAA0F5805031F9124000B235
:10CF10009C42F3D001E021F8123000EE100AB8EE86
:10CF2000C00A10BDD000002086B04FF47A7000F027
:10CF3000CDF9FAF7CFF90F21D548F3F7C2FBD44862
:10CF40000F210F30F3F79BFBD1480F211E30F3F771
:10CF500096FBCF480F212D30F3F791FBCC480F21E2
:10CF60003C30F3F7AEFBCA480F214B30F3F787FB99
:10CF700040F2663140F2C71640F2DE300291CDE950
:10CF80000360C44C05960227A088CDE90007C0487D
:10CF900009230122C0A13C30F7F7EAFCBC4D05F1A2
:10CFA0003C01B5F84800ADF8000095F84A008DF84E
:10CFB00002000EC90120FAF7FDF8642000F086F99E
:10CFC00040F2A23040F24F19CDE90209CDE9040642
:10CFD000A088CDE9000709230122B0A105F14B008B
:10CFE000F7F7C6FCB5F85700ADF8000095F8590002
:10CFF0008DF802000F2205F14B0101A8F3F7C0FAEA
:10D000000DF1040C01209CE80E00FAF7D3F864201F
:10D0100000F05CF9218802AA4FF0050A019782E826
:10D02000420460880090092301229DA105F12D0092
:10D03000F4F752F9B5F83900ADF8000095F83B0067
:10D040008DF802000F2205F12D0101A8F3F798FADF
:10D050000DF1040C01209CE80E00FAF7ABF86420F7
:10D0600000F034F901214FF0500BCDE9021B782775
:10D070004FF4617608209FED8E0ACDE90001CDE9DD
:10D0800004760A4609238BA12846F4F731FBA889C8
:10D09000ADF80000A87B8DF8020095E80E00012095
:10D0A000FAF788F8642000F011F9FEF73BFE5C35D2
:10D0B0002860FEF72FFE29464860FEF709FE294644
:10D0C000D0464FF00109B2468860714D7D495C350C
:10D0D000A868D0F88005884202DDA4F800A008E026
:10D0E0007949884202D94FF47F7001E04FF47070A3
:10D0F00020800227218802A840F2C716019780E805
:10D10000420160880090624809233A4664A12D30AC
:10D11000F4F7E2F8686890F826100B297ED0A4F89E
:10D12000049000BF40F2A230CDE9040640F24F1156
:10D13000CDE90201A088CDE9000755480923022264
:10D1400056A14B30F7F714FC6868807F002866D042
:10D15000A4F8049040F2663140F2DE300291CDE94D
:10D1600003600596A088CDE90007494809230222FB
:10D1700049A13C30F7F7FCFBA86890F86A05022843
:10D180007FD001287FD0032872D00820E080782249
:10D19000CDE9042ACDE9029BE188CDE90019B7EE7B
:10D1A000000A0923022243A13948F4F7A1FA384DB5
:10D1B0000F2205F12D01B5F83900ADF8000095F802
:10D1C0003B008DF8020001A8F3F7DAF90DF1040C29
:10D1D00001209CE80E00F9F7EDFF0A2000F076F838
:10D1E000B5F84800ADF8000095F84A008DF8020047
:10D1F00005F13C0101200EC9F9F7DCFF0A2000F01F
:10D2000065F8B5F85700ADF8000095F859008DF8AD
:10D2100002000F2205F14B0101A801E01BE02DE007
:10D22000F3F7AEF90DF1040C01209CE80E00F9F7BC
:10D23000C1FF0A2000F04AF8A889ADF80000A87BD9
:10D240008DF8020095E80E000120F9F7B3FF0A20DF
:10D2500000F03CF839E790F82400042809D00528AC
:10D2600009D006287FF45EAF072005E009E00AE058
:10D270000CE0062000E00420A08053E70720A080F7
:10D2800068E7032082E7A4F8068080E704207DE7B2
:10D29000248A0020F00100207800000079000000BE
:10D2A000636861737369735F6D6F6465000000008C
:10D2B00000000000436861737369735F7374656590
:10D2C0007200000000401C4600401CC610B500B9AA
:10D2D000012001F0D7FA002010BD10B501F096FB37
:10D2E000002010BD7FB50D4604464169B0F9080025
:10D2F00081B1A16971B1FFF7C2FDD4E905128DE8D2
:10D300000700D4E900102B46226901F04EFF03907C
:10D3100004B070BDFFF7B3FD03A9CDE90001208A79
:10D320002B4682B2D4E9001001F012FF012801D08F
:10D330000020EDE70398EBE708B90648006808B15C
:10D3400034307047502080F31188BFF34F8FBFF304
:10D350006F8FFEE73000002010B50446007F0028E4
:10D3600038D1D4F8FC00B0F17C5F05DB10F1834FBD
:10D3700002D394ED3B0A09E094ED3B0AD4ED1E0A7A
:10D380009FED151A00EE810A84ED3B0AD4ED0D0ADB
:10D3900004F1FC0030EE200AFDEE000A84ED3F0AA5
:10D3A000B6EE000AFFF720F894ED401AD4ED3F0ADC
:10D3B00094ED0F0A04F58F60FEF7D2FC84ED410A6C
:10D3C000F0EE400A94ED400A04F58660F7F7D4FFCA
:10D3D00084ED4D0A10BD0000A97BAE359FED080A13
:10D3E00021EE000A20EE010AB6EE001A20EE011A24
:10D3F000B0EE600ADFED030A01EE200A704700007C
:10D4000066881C41CDCC4C3E2DE9F0411A4C0F46AC
:10D41000054666692168002081F852002068001DD9
:10D4200001F0F0F838B9206890F82C1001208840FD
:10D43000A1698143A161681C07D137B12168BDE8AA
:10D44000F0410E48091D01F03DB920683544B54250
:10D450004560216805D2A068BDE8F041091D01F0D2
:10D4600019B96068091D01F015F9206B854200D2D9
:10D470002563BDE8F0810000300000202810002066
:10D480002DE9F041054601F029F92E4C2069401C98
:10D49000206120682C4F10B1E06940B32DE0256079
:10D4A0002069012829D1002606EB860007EB8000C1
:10D4B00001F0E2F8761C072EF6D323488C3001F0F9
:10D4C000DBF82148A03001F0D7F81F48B43001F054
:10D4D000D3F81D48C83001F0CFF81B48DC3001F00C
:10D4E000CBF819488C3060601430A06005E02068EB
:10D4F000E96AC06A884200D82560E06A401CE062A0
:10D50000E96A0120A26988401043A06101EB810013
:10D5100007EB8000291D01F0D5F801F0FFF8E06964
:10D5200000280CD02068E96AC06A884207D20749FF
:10D530004FF080500860BFF34F8FBFF36F8FBDE88F
:10D54000F0810000300000204C0F002004ED00E0CE
:10D5500038B501F0C3F8104CA068C8B90F4801F005
:10D560008BF80E48143001F087F80C482060143016
:10D5700060600A4B00202833009003F1480210211C
:10D580000A2001F07FFBA06010B105A101F044F971
:10D59000BDE8384001F0C2B86C0000203C1000200B
:10D5A000546D72510000000030B4026C0B46002A2A
:10D5B0000BD0C1681144C1604468A14201D3016825
:10D5C000C16030BC1846F2F7DBBF30BC70472DE9B4
:10D5D000F041856B174604460026026C82B1C7B144
:10D5E000E068F2F7CDFFE168206C091AE16022687B
:10D5F000914202D26168081AE060022F16D017E04B
:10D600002068A8B9606801F0B5FE06460020606099
:10D610000EE0A068F2F7B4FF216CA0680844A06097
:10D620006168884204D32068A06001E005B16D1EE6
:10D630006D1CA5633046BDE8F08110B5044690F836
:10D64000510058B101280CD002280FD0502080F38F
:10D650001188BFF34F8FBFF36F8FFEE7206B01F090
:10D6600071F82046BDE8104001F06CB810BD000014
:10D6700010484FF4C041420706D0C01D0D4920F0AC
:10D680000700411AC1F5C0410B4A00230144C2E919
:10D6900000030839103A21F0070111604B600B605C
:10D6A0000B1AC0E9001393604FF000405360D06044
:10D6B000704700004C11002090000020144E154CC3
:10D6C000A6F1C8074FF08058DFF84C9012E000BF79
:10D6D00001F004F8F068C568281D00F093FF206988
:10D6E000401E2061E068401EE06001F017F8284607
:10D6F000FFF7A3FFE0680028EAD138680128F9D9CC
:10D70000C9F80080BFF34F8FBFF36F8FF2E70000BF
:10D71000141000203000002004ED00E003460098C3
:10D7200029B10260C0E90F31012101F0DFBA0060C8
:10D73000F8E72DE9F0470E46DDE9098417468246F1
:10D7400091009946089DA522206BF2F790FF6FF09B
:10D750000301206B01EB8701084420F007077807DD
:10D7600007D0502080F31188BFF34F8FBFF36F8F26
:10D77000FEE72218315C82F83410315C11B1401C94
:10D780001028F6D3002684F84360072D00D3062521
:10D79000E562C4E91156201D00F079FF04F118007C
:10D7A00000F075FF2461C5F107006462A061E664C2
:10D7B00084F8506084F852604A465146384600F07A
:10D7C00067FA2060B8F1000F01D0C8F80040BDE84A
:10D7D000F087000030B5114900E011460A68824226
:10D7E000FBD34B685C18844203D1406818444860FE
:10D7F000084643681C18944209D1084C103C246820
:10D80000A24209D052681A4442600A681268026053
:10D81000814200D0086030BD0460F9E7900000202C
:10D8200070B5002441600B4D0061914206D8D11AB9
:10D830008269914206D2011D686807E09A4203D2CC
:10D84000994201D3012403E0011D286800F022FF62
:10D85000204670BD6C00002010B5044600F03EFF6D
:10D86000A06B28B15FF0000400F058FF204610BD07
:10D870000124F9E730B589B0304D55E0049800280F
:10D8800006DADDE90601059A9047049800284BDB8B
:10D89000069C606910B1201D00F0B4FE02A800F0E3
:10D8A000B9F8024604980A283ED2DFE800F00505E0
:10D8B000053D263705053D260598A1690346014427
:10D8C0002046FFF7ADFF00B3616A20468847E06954
:10D8D000012829D1002000900598A1690023421851
:10D8E0001946204601F05EFE78B9502080F3118879
:10D8F000BFF34F8FBFF36F8FFEE70598A06128B18C
:10D90000811813462046FFF78BFF0DE0502080F36F
:10D910001188BFF34F8FBFF36F8FFEE794F8280095
:10D9200010B9204600F00EFF002204A9A86801F0FB
:10D930002FFB0028A2D109B030BD00006C000020F0
:10D940002DE9FC410F46054601F0A4F801A800F0BE
:10D9500061F80446019818B101F092FDBDE8FC8120
:10D96000224EAFB170680068A8B30027291B3A4661
:10D97000B06800F065FF01F083FD0028EED11C497E
:10D980004FF080500860BFF34F8FBFF36F8FE5E714
:10D99000A542EBD801F074FD30682746C068C46822
:10D9A000201D00F02FFEE069012810D1A0692B4650
:10D9B00041193A462046FFF733FF40B100200346A5
:10D9C000014600902A46204601F0ECFD20B1616A34
:10D9D00020468847C2E707E0502080F31188BFF354
:10D9E0004F8FBFF36F8FFEE70127BFE76C0000206A
:10D9F00004ED00E006484168096829B14168C9683A
:10DA0000C9684968016370474FF0FF31FAE70000C9
:10DA10003000002070B5054601F042FC064E044679
:10DA20003069844203D200F035F8012000E0002084
:10DA300028602046346170BD6C000020F0B502689B
:10DA400000240AB3426800F1080552684260AA4205
:10DA500001D1536843604268D668426852684260A8
:10DA6000AA4201D15368436042680023D26811F88A
:10DA700003C0D71897F83470BC4503D137B15B1C8D
:10DA8000102BF4D3B242E8D12046F0BD141EFBD1D6
:10DA9000F8E70000F8B5194D1FE0C068C4680668D3
:10DAA000201D00F0AFFD616A20468847E06901282B
:10DAB00013D1A0693044B04206D924616060211DB1
:10DAC000286800F0E7FD08E00020034601460090CA
:10DAD0003246204601F066FD38B128680168002909
:10DAE000DBD16968C5E90010F8BD502080F31188CA
:10DAF000BFF34F8FBFF36F8FFEE700006C00002075
:10DB000008484068401C4FF0500080F3118804D052
:10DB1000BFF34F8FBFF36F8FFEE7BFF34F8FBFF39E
:10DB20006F8FFEE798000020074C2068016841B124
:10DB3000C0680021D0F80000FFF702FFFFF79AFE4F
:10DB4000F3E701210020F7E76C0000202DE9F04108
:10DB5000044600F0C3FD94F9455004F1240609E0A1
:10DB6000606A48B1304601F051FC08B100F0B8FEDF
:10DB70006D1E6DB2002DF3DC4FF0FF3684F845606A
:10DB800000F0CCFD00F0AAFD94F9445004F1100718
:10DB900009E0206948B1384601F038FC08B100F0CE
:10DBA0009FFE6D1E6DB2002DF3DC84F84460BDE86D
:10DBB000F04100F0B3BD00002DE9F041054600271B
:10DBC00000F068FF314E306808B9FFF751FDF0688A
:10DBD00005424BD1C5B3083568070ED005F00700E4
:10DBE000C0F108000544680707D0502080F3118871
:10DBF000BFF34F8FBFF36F8FFEE72DB37068854281
:10DC000034D82248103001460C6801E020460C460A
:10DC10006168A94202D221680029F7D131688C429B
:10DC200024D007682168016060680837411B10290B
:10DC30000FD96019420708D0502080F31188BFF334
:10DC40004F8FBFF36F8FFEE710E041606560FFF715
:10DC5000C1FD61687068401A7060B268904200D27D
:10DC6000B060F06801430020C4E9000101F008FC45
:10DC7000780707D0502080F31188BFF34F8FBFF390
:10DC80006F8FFEE73846BDE8F0810000800000207D
:10DC900010B5031F4FF080741C601B1F21F00101A1
:10DCA0001960191F044B0B6014390A60091F6FF0CB
:10DCB000020244380A6010BD01DB000810B52DEDEA
:10DCC000028B04469FED1D0AB0EE408AD4ED000A97
:10DCD00060EEA00A94ED011AD4ED011A41EE210A7A
:10DCE00094ED021AD4ED021A41EE210A94ED031AC2
:10DCF000D4ED031A41EE210AB0EE600AF2F7F8FF04
:10DD0000B0EE408A94ED000A20EE080A84ED000A85
:10DD100094ED010A20EE080A84ED010A94ED020A4E
:10DD200020EE080A84ED020A94ED030A20EE080AA8
:10DD300084ED030ABDEC028B10BD00000000000062
:10DD400018B40021ADF800104449026840F20224E2
:10DD5000C1F8162002798A76B0F80520ADF80020C7
:10DD600092B2A2F20223A2425CD01FDCB2F5817F04
:10DD700048D00FDC012A37D0022A3BD0032A3CD0FE
:10DD8000A2F58072013A03D1D0F80700C1F80E0065
:10DD900018BC7047A2F58072033A38D0012A3DD0F2
:10DDA000FE2AF5D1C11D0F222D4844E0042B48D096
:10DDB00009DC012B3BD0022B40D0032BE8D1B0F87B
:10DDC0000700C880E4E7052B3ED0062B42D0FF2B8E
:10DDD000DED1234950F8072F1C3941F8492F4268FA
:10DDE0004A6080688860D3E7B0F807200A81407AEB
:10DDF0008872CDE7C0790870CAE7C11D18481C2297
:10DE00001C3818E0D0F80700C1F81200C0E7B0F8DD
:10DE10000720A1F80B20407A4873B9E7B0F8070053
:10DE20008880B5E7C11D0E480E220F3003E0C11DEA
:10DE30000B4810221D3018BCF2F7A2BBC079487005
:10DE4000A6E7C0798870A3E750F8072F0A62808898
:10DE500088849DE7C079C8709AE70000F800002028
:10DE60008478002070B5A5263D4C002571E03D4822
:10DE7000FDF7FAFD94F8861006294BD2DFE801F091
:10DE800003131D2D384DB0420AD1012184F88610AC
:10DE9000B4F88710A31D4A1CA4F88720C85458E082
:10DEA000A4F8875055E0A080B4F88710A31D4A1C41
:10DEB000A4F88720C854022017E0A188A31D41EAD6
:10DEC0000021A180B4F887104A1CA4F88720C85408
:10DED000A08877281ED2032007E0B4F88710A31D7E
:10DEE0004A1CA4F88720C854042084F8860030E037
:10DEF000B4F88710A31D4A1CA4F88720C854B4F8AE
:10DF00008700052825D10521A01D00F017FE08B1C6
:10DF10000520EAE784F88650C2E7A288B4F88710A3
:10DF20000932914204D2A31D4A1CA4F88720C85488
:10DF3000A188B4F88700093188420AD384F8865052
:10DF4000A4F88750A01D00F0DBFD10B1A01DFFF765
:10DF5000F7FE0448FDF7E7FD002888D170BD0000FA
:10DF6000B088002098840020FEF76AFE09494FF42B
:10DF70008062A1F11800FDF78DFD07494FF4007292
:10DF8000A1F5007000F0E2FAFFF76CFF0A20FFF73E
:10DF90009DF9F9E7B08400209882002002492422EC
:10DFA000A1F12400F7F7AABAC07100202DE9F047CB
:10DFB0000C4600287ED0002C7CD00178427841EAC3
:10DFC0000221C1F30A01218041788278C90841EA1F
:10DFD0004211C1F30A0161808178C278890941EA5E
:10DFE0008201027941EA8221C1F30A01A18001790B
:10DFF0004279490841EAC211C1F30A01E18041793D
:10E00000C1F30111A17241798909E1728179C27963
:10E0100041EA0221A181017A427A41EA0221E181A9
:10E02000817AC27A41EA02212182017BA174417B7B
:10E03000E174017C427C41EA02212181017BA174CF
:10E04000417BE174817BC07B41EA0020A082207D7E
:10E050004FF00001820602D56269A26100E0A16171
:10E06000C00602D56069E06100E0E1610021E58A57
:10E07000B4F86690638BE28BB4F86A70B4F86E60A3
:10E0800001204FF6FF7A03E004292DD005292BD07B
:10E09000054210D019EA000F0DD103420DD1024202
:10E0A00017D104EB010C9CF8208008F101088CF8D2
:10E0B000208018E03DE0034209D0074207D104EB7D
:10E0C000010C9CF8308008F101088CF83080024285
:10E0D00009D0064207D104EB010C9CF8408008F1FE
:10E0E00001088CF84080D446491C89B20CEA4000F3
:10E0F0001029C9D35022214604F15000F2F740FA0A
:10E100002088A0F5806020806088A0F58060608015
:10E11000A088A0F58060A080E088A0F58060E08005
:10E120002089A0F5806020812046BDE8F047F7F700
:10E130001ABABDE8F08700000168DFED0E0A0A8810
:10E1400000EE102AB8EE400A80ED0A0A20EE200AFE
:10E15000DFED090A20EE200A80ED130A0A7880F824
:10E160005020B1F9021000EE101AB8EEC00A80ED8E
:10E17000040A7047000000390000B44310B50020C5
:10E18000FDF7E4FD0749DFED080A9FED080A086086
:10E19000C1ED120A03480021BDE81040044A9C303A
:10E1A000F7F77EB93C8900200000000000401C46C3
:10E1B0007C1601082DE9F0411E462DED028B8046AC
:10E1C000B0EE408A13460F462948FFF7B5FF9FED92
:10E1D000290A2748F7F7A0F8254D274C072F03D029
:10E1E0000B2B01D1207818B1207801280FD011E035
:10E1F000FEF732FB08B1032F07D195ED120ADFEDD0
:10E200001F0A30EE200A85ED120A01202070608876
:10E21000401C6080608800EE100AB8EE400AB4EE40
:10E22000C80AF1EE10FA02DB002020706080286836
:10E23000D5ED040AB0F9040000EE100A0C48B8EE5F
:10E24000C00A483000F0E6F885F8E4000848D5ED4B
:10E25000120A95ED0E0A9C30F7F78EF886ED000A4B
:10E2600095F8E41088F80010BDEC028BBDE8F08151
:10E270003C8900200000B443E40100200000B444C5
:10E2800000B52DED048B83B041EC190B02F034F98D
:10E2900041EC180B18EE100A18EE901A8DED008B59
:10E2A000002818BF0120084320F00040C0F17F6023
:10E2B00000F1E040C00F14D019EE101A19EE900AC8
:10E2C0008DED009B002918BF0121084320F000407C
:10E2D000C0F17F6000F1E040C00F04BF0120F2F701
:10E2E0001FFA51EC180B03B0BDEC048B00BD10B548
:10E2F00000EE100A2DED028BB1EEC08A18EE100A66
:10E3000020F00040C0F1FF40C00F0AD010EE100A0C
:10E3100020F00040C0F1FF40C00F04BF0120F2F721
:10E32000FFF918EE100ABDEC028B10BD10B5040009
:10E3300036D084ED040A30EEC00AC4ED030A04F1BD
:10E34000240084ED050AD4ED000A60EE800AC4EDD5
:10E35000080AD4ED090AD4ED011A41EE800AC4ED91
:10E36000090A94ED020A20EE010A84ED0A0A94EDEE
:10E37000070AFBF76BFB94ED080AD4ED090A04F1D8
:10E380002C0030EE200AD4ED0A0A30EE200A84ED8B
:10E390000B0A94ED060AFBF759FB94ED0B0A10BD2E
:10E3A0009FED010A10BD00000000000000280BD006
:10E3B00080EC031A9FED051A80ED051A80ED041A12
:10E3C000C0ED070A80ED060A70470000000000005B
:10E3D00010B50120FEF77AFFFBE710B590ED580A63
:10E3E000D0ED540A0446B8EE400A30EE200ABCEEE6
:10E3F000C00A80ED580A90ED530A00F59560F6F7D3
:10E40000BBFF84ED560ABDEEC00A10EE100AA4F858
:10E410006C0110BD10EE101A0F4A91420BDDF5EEA3
:10E42000C00AF1EE10FA06DD90ED000ADFED0B0AEE
:10E4300030EE600A0AE010EE101A094A914209D93A
:10E4400090ED000ADFED070A30EE200A80ED000AA9
:10E45000002070470120704700D00446000034457A
:10E4600000D004C60000B44470B50C46064600F067
:10E4700035F9154D2868C06C80B92968012081F8EC
:10E4800050005CB101212046FEF7BEFF0F494FF05E
:10E4900080500860BFF34F8FBFF36F8F00F03EF9DD
:10E4A00000F01CF92868C46C002034B116B129684A
:10E4B000C86402E02A68611ED164296881F85000AE
:10E4C00000F02CF9204670BD3000002004ED00E083
:10E4D00091ED000AB1EE400A80ED010A91ED010ACA
:10E4E000B1EE400A80ED020A91ED020AB1EE400A57
:10E4F00080ED030A91ED000A80ED040A91ED020A15
:10E5000080ED060A91ED010AB1EE400A80ED070A9E
:10E5100091ED010A80ED080A91ED020AB1EE400A80
:10E5200080ED090A91ED000A80ED0B0A91ED020AD7
:10E5300080ED0C0A91ED010A80ED0D0A91ED000AC3
:10E54000B1EE400A80ED0E0A70470000F0B5274B8F
:10E550001C68656945F0400565611C68656945F0A2
:10E56000800565611B68DC6844F01004DC60204BAA
:10E570001C68256825F0010525601C682568ED07E5
:10E58000F7D11C4FFD14BC4202D91A4E4C3E04E098
:10E59000194EB44203D9174E503E356008E0164F6D
:10E5A000154E603FB83EBC4201D9F56000E0B56051
:10E5B000124DA5601C68E06018680161186842602F
:10E5C0001868016841F4802101601868016841F011
:10E5D000010101600A4801680A6822F001020A602C
:10E5E00001680A68D207F7D18D60F0BDBC0C00202D
:10E5F000BC0D002058640240B86002400414014081
:10E600001C0E0020D0E9013201699A60D0E9012393
:10E610005A604A68824201D182684A6000220261DF
:10E620000868401E086008687047000008B906487E
:10E6300000680021006B01E0401C491C0278A52AFB
:10E64000FAD0C1F38F00704730000020034B036005
:10E6500003F15400086080201060704738020020E9
:10E66000044B036003F1540008604FF480701060A5
:10E67000704700008C04002000F108014FF0FF32C9
:10E68000C0E90112C16001610021016070470021F1
:10E690000161704730B50B685A1C02D000F10802C6
:10E6A00002E0026904E02246546825689D42FAD9D6
:10E6B00053684B6099608A60516008610168491C29
:10E6C000016030BD42684A6093688B60936859600E
:10E6D000916008610168491C01607047502080F317
:10E6E0001188BFF34F8FBFF36F8F0A494868401CF2
:10E6F000486001280CD10848006810F0FF0F07D0CF
:10E70000502080F31188BFF34F8FBFF36F8FFEE768
:10E71000704700009800002004ED00E008494868B8
:10E7200028B1401E486001D180F311887047502005
:10E7300080F31188BFF34F8FBFF36F8FFEE70000A8
:10E740009800002070B5002827D0144DA0F10804CF
:10E750006168E868014207D1502080F31188BFF357
:10E760004F8FBFF36F8FFEE722683AB1502080F3DE
:10E770001188BFF34F8FBFF36F8FFEE78143616056
:10E7800000F088F960686968084468602046FFF70F
:10E7900021F8BDE8704000F073BE70BD800000201D
:10E7A0004FF0E02000210161816105494FF47A7248
:10E7B0000968B1FBF2F1491E41610721016170470F
:10E7C0002C00002010B5F1F7ABFD114910280ED335
:10E7D00000F1E02090F8F0030A78904207D2502030
:10E7E00080F31188BFF34F8FBFF36F8FFEE70948A7
:10E7F0000068896800F4E060884207D9502080F3FF
:10E800001188BFF34F8FBFF36F8FFEE710BD00007D
:10E81000980000200CED00E010B5084B002200BF6E
:10E8200053F832401CB1521C082AF9D310BD43F8EA
:10E83000321003EBC201486010BD00000C0F002035
:10E8400070B515460E460446FFF748FF94F944108C
:10E850000020491C01D184F8440094F94510491C5A
:10E8600001D184F84500FFF759FFA06B28B92A466B
:10E87000314604F1240000F0ADF82046BDE87040B8
:10E88000FFF764B910B5020014D00F48806B38B19F
:10E89000502080F31188BFF34F8FBFF36F8FFEE7D7
:10E8A00000F0F8F800211046FEF7AEFD00F0E8FD9C
:10E8B000002807D105494FF080500860BFF34F8F03
:10E8C000BFF36F8F10BD00003000002004ED00E0AA
:10E8D00002498A6A0260496941607047300000203D
:10E8E0000149012048627047300000202DE9F041C5
:10E8F0008846040015D0FFF765FF5020EFF311861E
:10E9000080F31188BFF34F8FBFF36F8F94F85000DF
:10E91000022184F85010E16C491CE164012808D000
:10E9200037E0502080F31188BFF34F8FBFF36F8F14
:10E93000FEE7A06A38B1502080F31188BFF34F8FF3
:10E94000BFF36F8FFEE7154DA86B012778B104F177
:10E9500018011348FFF7B6FEE06A2968C96A8842C1
:10E9600017D9B8F1000F13D0C8F8007011E0201DBE
:10E97000FFF748FEE16AAA6907FA01F01043A861AF
:10E9800001EB81000649B43901EB8000211DE1E76C
:10E990006F6286F31188BDE8F0810000300000202E
:10E9A0000010002010B50C4650B109490968183113
:10E9B000FFF770FE2046BDE810400121FEF724BDA0
:10E9C000502080F31188BFF34F8FBFF36F8FFEE7A6
:10E9D0003000002070B514460D4668B10A49096838
:10E9E0001831FFF76FFE0CB14FF0FF352146284676
:10E9F000BDE87040FEF708BD502080F31188BFF3DA
:10EA00004F8FBFF36F8FFEE73000002030B587B027
:10EA10000024039405AA04A903A80494FFF716FE92
:10EA2000DDE903010094CDE90110002315A1174889
:10EA3000059A00F0BAFB164D002868631FD000F05D
:10EA400081FD012809D0401C19D1502080F3118884
:10EA5000BFF34F8FBFF36F8FFEE7502080F3118815
:10EA6000BFF34F8FBFF36F8F4FF0FF30286301204C
:10EA7000E8616C6107B0BDE8304000F073B807B0E2
:10EA800030BD000049444C4500000000BDD60008E0
:10EA9000300000200248816B491C816370470000F0
:10EAA000300000201448816B11B101214162704790
:10EAB000002141628169B1FA81F1C1F11F0101EBCD
:10EAC00081020E4951F822306BB101EB820101F154
:10EAD00008034A6852684A609A4201D152684A6003
:10EAE000D16801607047502080F31188BFF34F8FC9
:10EAF000BFF36F8FFEE70000300000204C0F0020B6
:10EB000030B50C46050014D0022C12D90A48A11EBB
:10EB100002882846FDF72CF82919C2B211F8023CE8
:10EB20009A4206D111F8011CB1EB102F01D101203E
:10EB300030BD002030BD0000F801002030B50C468B
:10EB400005000CD0022C0AD9FF22611EFDF726F821
:10EB5000291911F8011C814201D1012030BD00208A
:10EB600030BD00001CB537480168374A914207D1D3
:10EB7000502080F31188BFF34F8FBFF36F8FFEE7F4
:10EB800000683149491E884207D1502080F311881E
:10EB9000BFF34F8FBFF36F8FFEE72C4908780190CA
:10EBA000FF20087008788DF800009DF800009DF89F
:10EBB000002000F0F000904207D0502080F3118830
:10EBC000BFF34F8FBFF36F8FFEE79DF80000204B20
:10EBD00000F0500018700720986005E09DF80020B4
:10EBE00052008DF80020401E9DF800201206F5D43A
:10EBF0009860032807D0502080F31188BFF34F8F0F
:10EC0000BFF36F8FFEE74FF4407098600198087073
:10EC10000C482030016841F470010160016841F046
:10EC200070410160FFF7BCFD00205860F1F740FB28
:10EC30000848016841F040410160F1F725FB0020E0
:10EC40001CBD000000ED00E071C20F4100E400E0D7
:10EC50009800002034EF00E010B5502080F31188B8
:10EC6000BFF34F8FBFF36F8F00F020FB18B1044943
:10EC70004FF080500860002080F3118810BD000024
:10EC800004ED00E038B5049D18B153B1CAB181B1AB
:10EC900020E0502080F31188BFF34F8FBFF36F8FB8
:10ECA000FEE7502080F31188BFF34F8FBFF36F8FC3
:10ECB000FEE7502080F31188BFF34F8FBFF36F8FB3
:10ECC000FEE739B1502080F31188BFF34F8FBFF3B7
:10ECD0006F8FFEE748241C46012384F846302B46FC
:10ECE0000094FEF71BFD204638BD000070B50D46B0
:10ECF000040025D0FFF7F2FCD4E90F20216802FBC5
:10ED0000001161600021A1632168A1600A46D4E975
:10ED10000F01401E00FB0121E16021464FF0FF3052
:10ED200001F8440F487004F110008DB1FFF7A4FC06
:10ED300004F12400FFF7A0FCFFF7F0FC012070BDF8
:10ED4000502080F31188BFF34F8FBFF36F8FFEE722
:10ED500021690029F0D000F059FB0028ECD00449CB
:10ED60004FF080500860BFF34F8FBFF36F8FE3E722
:10ED700004ED00E02DE9FF4782B01D468A464FF0C2
:10ED80000008040003D0BAF1000F08D011E05020B1
:10ED900080F31188BFF34F8FBFF36F8FFEE7206CB6
:10EDA00038B1502080F31188BFF34F8FBFF36F8FBE
:10EDB000FEE7022D0AD1E06B012807D0502080F336
:10EDC0001188BFF34F8FBFF36F8FFEE700F05AFA41
:10EDD0003F4F4FF000094FF0805648B9049838B1C2
:10EDE000502080F31188BFF34F8FBFF36F8FFEE782
:10EDF000FFF774FCA06BE16B884207D3022D05D0AE
:10EE00000498D0B1B8F1000F1AD01EE02A4651463E
:10EE10002046FEF7DCFB616A19B104F1240000F022
:10EE2000F5FA20B13E60BFF34F8FBFF36F8FFFF74E
:10EE300075FC012006B0BDE8F087FFF76FFC22E00B
:10EE40006846FFF745FD4FF00108FFF767FCFFF745
:10EE500021FEFFF743FC94F94400401C01D184F8E3
:10EE6000449094F94500401C01D184F84590FFF787
:10EE700055FC04A9684600F027F930B12046FEF79A
:10EE800065FE00F0FDFA0020D4E7FFF727FCA06B39
:10EE9000E16B884213D1FFF741FC04F110000499A3
:10EEA000FFF780FD2046FEF751FE00F0E9FA00284A
:10EEB0009ED13E60BFF34F8FBFF36F8F98E7FFF790
:10EEC0002DFC2046FEF742FE00F0DAFA90E7000043
:10EED00004ED00E02DE9F0471F4690468946040006
:10EEE00003D0B9F1000F08D011E0502080F3118851
:10EEF000BFF34F8FBFF36F8FFEE7206C38B1502008
:10EF000080F31188BFF34F8FBFF36F8FFEE7022F9F
:10EF10000AD1E06B012807D0502080F31188BFF39D
:10EF20004F8FBFF36F8FFEE7FFF74CFC5020EFF3DE
:10EF3000118680F31188BFF34F8FBFF36F8FA06BE3
:10EF4000E16B884206D3022F04D0002086F311889B
:10EF5000BDE8F08794F945503A4649462046FEF709
:10EF600036FB681C04D06D1C84F845500120EDE789
:10EF7000606A0028FAD004F1240000F047FA002863
:10EF8000F4D0B8F1000FF1D00121C8F80010EDE77E
:10EF90002DE9F747002683B08A46040003D0BAF172
:10EFA000000F08D011E0502080F31188BFF34F8F7D
:10EFB000BFF36F8FFEE7206C38B1502080F31188CB
:10EFC000BFF34F8FBFF36F8FFEE700F05BF9DFF801
:10EFD000F4804FF000094FF0805748B9059838B1D8
:10EFE000502080F31188BFF34F8FBFF36F8FFEE780
:10EFF000FFF774FBA56BC5B151462046FEF7D4FA66
:10F000006D1EA563206950B104F1100000F0FEF9F7
:10F0100028B1C8F80070BFF34F8FBFF36F8FFFF7B1
:10F020007DFB012006B0BDE8F087059808B11EB150
:10F0300006E0FFF773FB27E06846FFF749FC01266F
:10F04000FFF76CFBFFF726FDFFF748FB94F9440040
:10F05000401C01D184F8449094F94500401C01D132
:10F0600084F84590FFF75AFB05A9684600F02CF894
:10F07000002820460AD0FEF769FD00F001FA20467C
:10F08000FEF7EAFB0028B3D00020CBE7FEF7E4FB55
:10F0900090B104F124000599FFF784FC2046FEF7A7
:10F0A00055FD00F0EDF90028A2D1C8F80070BFF3BB
:10F0B0004F8FBFF36F8F9BE72046FEF747FD00F0B1
:10F0C000DFF995E704ED00E02DE9F0410C4605007D
:10F0D0000FD0B4B1FFF702FB1C4B5A696E68186879
:10F0E000911B002790F8520098B1186880F8527070
:10F0F0001AE0502080F31188BFF34F8FBFF36F8F5A
:10F10000FEE7502080F31188BFF34F8FBFF36F8F5E
:10F11000FEE72068B0F1FF3F08D0D5F800C09B6A39
:10F120009C4509D0964207D8012400E00024FFF74F
:10F13000F5FA2046BDE8F081884205D9401A2060E2
:10F140002846FFF7C5FBF1E72760EDE73000002018
:10F150002DE9FF5F8346DDE90E87994616468A460C
:10F160009000FEF729FD05001CD05420FEF724FD79
:10F17000040014D00020256384F85100CDE902403A
:10F18000CDE900874B46324651465846FEF7D1FA44
:10F190002046FEF775F9012004B0BDE8F09F28462F
:10F1A000FFF7D0FA4FF0FF30F6E7F0B585B0DDE9B4
:10F1B0000B640A9DA6B1DCB1542700972663022692
:10F1C00084F85160002604AFCDE90246CDE900572E
:10F1D000FEF7AFFA2046FEF753F9049805B0F0BDEC
:10F1E000502080F31188BFF34F8FBFF36F8FFEE77E
:10F1F000502080F31188BFF34F8FBFF36F8FFEE76E
:10F200002DE9F04107460725F1F79BF9102807D3B0
:10F21000502080F31188BFF34F8FBFF36F8FFEE74D
:10F22000FFF738FC154E6D1E05EB850006EB8000E0
:10F230003946FEF703FC04001BD1002DF3D1104D1D
:10F2400039466868FEF7FAFB040012D13946A8680F
:10F25000FEF7F4FB04000CD108483946DC30FEF719
:10F26000EDFB040005D105483946C830FEF7E6FB42
:10F27000044600F005F92046BDE8F0814C0F00205F
:10F28000300000200548C16919B1806B18B1002019
:10F2900070470120704702207047000030000020B6
:10F2A0000148406970470000300000202DE9F0411E
:10F2B0002E4C0027A06B40B1206A401C2062606A7F
:10F2C00000B101273846BDE8F0816669761C6661A9
:10F2D00013D16068006838B1502080F31188BFF303
:10F2E0004F8FBFF36F8FFEE76068A1686160A06019
:10F2F000A06A401CA062FEF77DFB206BDFF87080E7
:10F30000864209D36068006880B16068C068C568DB
:10F31000686886420DD220632068C06A00EB8001D5
:10F3200058F821000128CAD90127C8E74FF0FF305B
:10F33000F1E7281DFFF766F9A86A18B105F1180072
:10F34000FFF760F9E86A0121A26981401143A161D8
:10F3500000EB800108EB8100291DFFF7B3F9E86A93
:10F360002168C96A8842CDD30127CBE7300000204D
:10F370004C0F002070B504004FF0000140D0214D2B
:10F380002868844207D0502080F31188BFF34F8F44
:10F39000BFF36F8FFEE7A06C38B1401EA064636CB2
:10F3A000E26A9A422CD040B12AE0502080F31188C2
:10F3B000BFF34F8FBFF36F8FFEE7201DFFF722F9DA
:10F3C000114A012150B9E06A00EB800352F8233062
:10F3D00023B9AB6901FA00F08343AB61606CE06272
:10F3E000C0F10700A061E06AAB6981401943A961DF
:10F3F00000EB800002EB8000211DFFF763F9012183
:10F40000084670BD300000204C0F00202DE9F0416F
:10F41000C068C468ACB104F118000746FFF7F2F801
:10F42000154DA86B0126A0B139461448FFF74AF9DB
:10F43000E06A2968C96A88421CD901206E62BDE869
:10F44000F081502080F31188BFF34F8FBFF36F8F8F
:10F45000FEE7201DFFF7D6F8E16AAA6906FA01F077
:10F460001043A86101EB81000449B43901EB80002D
:10F47000211DDBE70020E2E7300000200010002023
:10F480002DE9F0472C4D00242746A86B38B1FFF733
:10F4900025F9A86B401EA863A86B40B146E0502038
:10F4A00080F31188BFF34F8FBFF36F8FFEE7296999
:10F4B000224E0120D1B3A6F1B40980463068E8B1EC
:10F4C000F068C46804F11800FFF79CF8201DFFF7EE
:10F4D00099F8E06AAA6908FA00F11143A96100EB02
:10F4E000800109EB8100211DFFF7ECF8E06A296833
:10F4F000C96A8842E2D3C5F82480DFE70CB1FEF781
:10F5000079FA2C6A44B14646FFF7D0FE00B16E622C
:10F51000641EF9D100202862686A38B108490127C1
:10F5200038070860BFF34F8FBFF36F8FFFF7F6F810
:10F530003846BDE8F08700003000002000100020B1
:10F5400004ED00E010B586B0FEF702F8114CA0689B
:10F55000B8B100200390049005AA04A903A8FFF7FE
:10F560007FF8DDE9032102208DE8070000230AA1CE
:10F570000B48059AFFF719FEE06010B106B00120B4
:10F5800010BD502080F31188BFF34F8FBFF36F8FF2
:10F59000FEE700006C000020546D7220537663007B
:10F5A00029DB00082DE9FF411E46134602000A9D93
:10F5B0004FF0000016D0144CA768002F0FD0CDE9F3
:10F5C00000130292062917DAFFF75CFE02284FF0BB
:10F5D00000030FD000226946A068FFF7CBFB04B000
:10F5E000BDE8F081502080F31188BFF34F8FBFF347
:10F5F0006F8FFEE72A46EEE700233246694638461B
:10F60000FFF768FCEBE700006C00002081F0004190
:10F61000704780F00040704721F00041704720F0B3
:10F620000040704721F00042A2F16052B2F5801F05
:10F6300001F0004328BFD2F17E6C51D9F1EE10CA1F
:10F640001CF4400F14D15FEAC00C43EAC20202EB83
:10F65000507008BF70475FEA4C0C40F10000DFF8C3
:10F6600080C241F0598228BF20F0010001F054BA55
:10F67000C30001F0004343EAC20202EB507008BF2E
:10F6800070471B4248BF4FEA4C0C1CF4000F08BFE8
:10F69000401CDFF84CC201F03FBAC30001F0004348
:10F6A00043EAC20202EB507204BF104670471B428D
:10F6B00048BF4FEA4C0C1CF4000FDFF824C218BFFF
:10F6C000104641F0298208BF521C12F4000F08BFF7
:10F6D000104601F0218221F0004201F0004330E0A9
:10F6E00050EA410C04BF084670475FEA125CBCF167
:10F6F000FE0F1ED1F1EE10CA1CF4400FCDD15FEA0F
:10F70000C00C9BD05FEA001C4FEAC20C4CEB507C53
:10F7100004BFC2002CEAD27C1CF4000F04BF4CEAE8
:10F720000300DFF8BCC101F0F78121F00042A2F133
:10F730006052B2F5801F4FEA410C2ADB1CF5001F16
:10F7400016D2F1EE10CA1CF4806F06D02CF0005CCB
:10F750004CF0805CA1F140612AE04FF07F40DFF87F
:10F7600084C143EA500001F0D7B9084601F085BBD7
:10F7700070B500F0A9FD00BF000000B988000004CA
:10F78000FFF7F3BF21F0704243EA507040EAC20035
:10F790007047F1EE10CA2CF0805C4CF0005C1CF459
:10F7A000006F25D04B00B3F5001F51D301F140612C
:10F7B0001CF4400F40F07E800CF0405CC3004CF025
:10F7C000880C11D05CF0404C10F0805F0CD00346E8
:10F7D00010F1005041F10001020108BF20F000507B
:10F7E000834218BF2CF0004C00F0604001F0CCBC0C
:10F7F0001CF4400F1AD01B4248BF4FEA4C0C1CF4BB
:10F80000000F13D112F1406248BF22F07F424FEA4D
:10F81000C00CBCF1010F43EAC20242EB50704FF042
:10F82000880228BF42F0804201F02CBB12F14062F6
:10F8300048BF22F07F425FEAC00C43EAC20242EABC
:10F8400050704FF0880218BF42F0404201F01ABBDE
:10F8500001F0004321F00041094214D0B1FA81FCCB
:10F86000ACF10B0CCCF1200201FA0CF120FA02F2FF
:10F8700041EA02014FEA0C5200FA0CF0A1EB02013E
:10F8800081EA03010FE0B0FA80F200FA02F002F11F
:10F8900015024FEAD0214FEA0252A1EB02014FEAD2
:10F8A000405081EA0301F1EE10CA2CF0805C4CF06C
:10F8B000005C7BE762460CF0405CC3004CF0880CB7
:10F8C00092D05CF0404C094248BF520012F4000F45
:10F8D0008AD110F1005041F100012CF0004C83D18D
:10F8E000880000408800001010B5DFF840E211F5F4
:10F8F000801C13F580141EEA4C0F18BF1EEA440F3B
:10F9000000F0C88091EA030F48BF83F0004300F184
:10F910000C87841A71EB030C05D2121943EB0C030C
:10F92000001B61EB0C014FEA1154A4EB135C23EABA
:10F930006E0321EA045143F48013DCF1200E53D30B
:10F9400022FA0CFE10EB0E0023FA0CFE41EB0E0126
:10F95000CCF1200E03FA0EFE10EB0E0051F1000167
:10F96000B1F5801FCCF1200E53D201EB045112FAF5
:10F970000EF2BDE8104008BF7047F1EE10CA1CF44B
:10F98000400F1ED14FF0110C92F0000F4CF0804C44
:10F9900041F1C280401C38BF5FEA420241F0BC80A6
:10F9A000002814BF20F0010041F100014FEA41039B
:10F9B00013F5001F24BF4CF0805CA1F1C04101F0A1
:10F9C000ABB811F0004F54BF1CF4000F1CF4800FB3
:10F9D0004FF0110C4CF0804C41F09E80401CC1F067
:10F9E0009B8041F10001E1E7012A43EB0302ACF106
:10F9F000200CDCF11F0E32BF4FF0000E23FA0CF387
:10FA000010EB030041EB0451B4EB115FAFD0A1EB5D
:10FA1000045101F5801149085FEA300002FA0EF244
:10FA200042EA420201EB04515FEA320213D0BDE820
:10FA30001040F1EE10CA1CF4400F1AD14FF0110C17
:10FA400092F0000F4CF0804CB0D5401C38BF5FEAFC
:10FA50004202ABD1A4E7BDE810404FEA410313F5E1
:10FA6000001F38BF7047DFF8C8C0A1F1C04101F0E6
:10FA700053B811F0004F54BF1CF4000F1CF4800F5A
:10FA80004FF0110C4CF0804C90D1401C8ED341F1C2
:10FA900000018BE74EF4001E3EEA410418BF3EEA27
:10FAA000430439D091EA030F48BF83F0004300F1CB
:10FAB0003787841A71EB030C05D2121943EB0C0340
:10FAC000001B61EB0C0152EA430E4FEA1154A4EB08
:10FAD000135C13D05FEA445E21EA04511CBF23F09B
:10FAE0000043ACF1010C7FF428AFBDE810404FF0AB
:10FAF000110C801841EB030100F0F9BE5FEA445E8F
:10FB0000BDE8104018BF704750EA410C08BF70476D
:10FB10004FF0110C00F0EBBEBDE8104070B500F0E6
:10FB2000D3FB00BF64FBBE3E110000040000C0FF19
:10FB30001100001011F4002F08BF4CF4804C00F0AD
:10FB4000EB870CF04F02482A41F03A8200F0E4BF04
:10FB5000491058BFC1F140415B1058BFC3F1404349
:10FB60008B42EFF3008070472DE9C04130B4DFF8DD
:10FB700064C33CEA111418BF3CEA131400F04B8133
:10FB800081EA03051CEA111444EAD57418BF1CEA83
:10FB9000131500F01D81A4EB05044FF0004545EA64
:10FBA000C12145EAC32341EA505143EA525304F1CB
:10FBB0007F74994204F500344FEAC0204FEAC22214
:10FBC00008BF904200F0D0804FEA13650FF2042680
:10FBD000765D4FEA134506FB05F7C7F1807706FB14
:10FBE00007F74FEAD737A7FB03687642C8F5803896
:10FBF000A7FB06CE38BFA8F1010807FB08E64FF0C7
:10FC0000000EA6FB028CE6FB03CEDCF1000CCEF16D
:10FC1000004E38BFAEF1010EA6FB0C584FF00007A6
:10FC20004FF00005E6FB0E87A1FB08C6A0FB07CE40
:10FC300016EB0E0645F10005E1FB076515F1E04EF8
:10FC40007EBFA4F580345FEA46066D4116F1800759
:10FC5000F1EE10CA45F100054FEA172747EA05679C
:10FC60001CF4400F4FEA152536D14FEA4666A6F13F
:10FC70005E46B6F1085F2FD9B4F1FE6F2CD8384636
:10FC800024F0010C05EBC471BCF1FE6F01EB0C110B
:10FC9000DFF844C202D8F0BCBDE8004140F23C8726
:10FCA00024425CBF01F5801E9EEAC47F02D4F0BCF2
:10FCB000BDE8004140F13087244277D4DFF81CC210
:10FCC00056EA080EA1F1C04118BF4CF0804CF0BCC0
:10FCD000BDE8004100F020BF4FEAD22242EA435281
:10FCE0004FEAD323A7FB02864FEAD02040EA4150D7
:10FCF00007FB03661EEA0E0F4FEAD12105FB0266E1
:10FD000058BFA6EB0056B6EB00564FEA520E4EEA2D
:10FD1000C37E18EB0E0E56EB530E05D518EB0208FA
:10FD20005E417F1C55F1000556EA080E24D01CF4F4
:10FD3000400FA4D014F0010F18BF4FEA4C0C1CF474
:10FD4000000F08D036429AD4B8EB02089E417F1EBD
:10FD500075F1000593E7364291D518EB02085E4134
:10FD60007F1C55F100058AE74FF480154FF000071E
:10FD70004FF000064FF0000824F0010C384605EB68
:10FD8000C471BCF1FE6F01EB0C1102D8F0BCBDE8F0
:10FD900000811CEA0C0F5CBF01F5801E9EEAC47F47
:10FDA00002D4F0BCBDE80081244287D556EA080C95
:10FDB00001F1C0411CBF06F0004C4CF0804C4CF0EF
:10FDC000005CF0BC4CF0140CBDE8004100F0E6BD56
:10FDD00050EA410E0CEA13150BD052EA430E13D031
:10FDE00000F0F3FA641B86EA4606240444EAD6745B
:10FDF000D3E652EA430E00F02680F0BC81EA03010C
:10FE000001F00041BDE80081F0BCBDE80041DFF831
:10FE1000D0C000F081BEF0BCBDE8004170B500F07C
:10FE200053FA00BF097EFC3E1400000400F007B83E
:10FE300081EA03014FF0000001F00041704781EAC0
:10FE4000030100F0FABAF0BCBDE800415FF828C039
:10FE500000F062BEFFFDFBF9F7F5F4F2F0EEEDEB1A
:10FE6000E9E8E6E4E3E1E0DEDDDBDAD8D7D5D4D3B8
:10FE7000D1D0CFCDCCCBCAC8C7C6C5C4C2C1C0BF04
:10FE8000BEBDBCBBBAB9B8B7B6B5B4B3B2B1B0AF0A
:10FE9000AEADACABAAA9A8A8A7A6A5A4A3A3A2A1EE
:10FEA000A09F9F9E9D9C9C9B9A99999897979695A9
:10FEB00095949393929191908F8F8E8E8D8C8C8B45
:10FEC0008B8A8989888887878685858484838382CD
:10FED000828181800000FF071400004014000010A0
:10FEE0001400000851EA030C11D41CF5801F00F126
:10FEF0000680994218BF704708BF9042704711F5BD
:10FF0000801F58BF13F5801F18D4994270471CF505
:10FF1000801F09D550EA410C0EBF52EA430C8B42B8
:10FF2000704708BF824270474FF4001C1CEB410F22
:10FF300038BF1CEB430F01D28B42704770B500F005
:10FF4000C3F900BF92244938190012044FF0005140
:10FF50004FF08053FFF7FCBD4FEA410380B54FEAF5
:10FF60005353A3F58063D3F11E03C8BFD3F1210C13
:10FF70001FDD4FF0004242EAC12242EA505232FAFB
:10FF800003FC62FA03F787EA0C0757EAC0270BD095
:10FF900032FA03FC8CEAE17CACEBE170BDE8804016
:10FFA000DFF874C000F0B8BD8CEAE17CACEBE17026
:10FFB00080BD50EA410C00D180BD102B07DD4FF011
:10FFC0000000BDE88040DFF850C000F0A5BD03F59B
:10FFD000787CBCF1FF3F14D0002B02BF7FEA210CDC
:10FFE0005FEA013C5FEA505C05D100284FF0004019
:10FFF000D4D100D180BDBDE88040DFF820C000F042
:020000040801F1
:100000008BBDBDE8804070B500F05EF9000000BF18
:10001000C800030480B5DFE7C8000240C80002043E
:1000200010F0004248BF4042B0FA80F310FA03F1EA
:100030000AD0C3F11D0303F580634FEA415002EB80
:10004000035202EBD12170474FF000007047B1FA24
:1000500081F201FA02F1C2F11D024FEA415003EBB5
:10006000025303EBD1217047B0FA80F310FA03F189
:100070000AD0C3F11D0303F580634FEA41504FEAF4
:10008000035202EBD12170474FF00000704700008F
:1000900051EA030C11D41CF5801F00F1068099422F
:1000A00018BF704708BF9042704711F5801F58BFB6
:1000B00013F5801F18D4994270471CF5801F09D58D
:1000C00050EA410C0EBF52EA430C8B42704708BF06
:1000D000824270474FF4001C1CEB410F38BF1CEBF1
:1000E000430F01D28B42704770B500F0EDF800BFAE
:1000F0000000003F19001604FFF72ABD4FF0005121
:100100004FF08053FFF724BDDFF8B4C170B51CEA8F
:10011000111E1EBF1CEA13159EEA0C0F95EA0C0F68
:1001200000F0948081EA030421EA4C114EEAD47E67
:1001300023EA4C13AE4441F4801143F48013A1FB35
:10014000024CA0FB0365AEF17F7E361955EB0C0522
:10015000A1FB034C4CF10003A0FB021C16EB0C06A8
:10016000654153F10003094218BF46F0010613F43C
:10017000007F0BD14FEA03314FEA0530340341EAE7
:10018000155140EA16506FF003020AE04FEAC3210E
:100190004FEAC520F40241EA555140EA56506FF04B
:1001A0000202264602EB2E4201EB025585EACE7191
:1001B00027D0F1EE10CA05461CF4400C14D15FEABA
:1001C000440C18BF24F0004450F1000041F100013C
:1001D00020EAD47040F2FD7C624517D2BDE8704041
:1001E000DFF8E0C000F098BC5FEACE7454BF1CF4A6
:1001F000000F1CF4800F08BF10F1010041F1000155
:10020000E8E740F2FE7C624504D270BD08BF11F4FD
:10021000801FE3D0A84214BF4FF080444FF0404409
:10022000002E08BF0024BEF1806FD8BF01F1C0418D
:10023000A8BFA1F1C04144F0130CA8BF4CF0805CF2
:10024000BDE8704040F3AA8300F066BC9EEA0C0F44
:100250000CEA131518BF95EA0C0F19D091EA030F99
:1002600048BF4EF0010E50EA410418BF52EA430461
:1002700009D000F0AAF8641986EA46064FEA044E4F
:100280004EEAD67E5BE74FEACE714FF0000070BDBC
:1002900000F01AF88900013E1300000400F005B8D0
:1002A00000F007B852EA430C06D081EA030100F0DF
:1002B000C4B850EA410CF8D15FF824C000F02CBC5F
:1002C0000000FF07130000400EF1020E2EF0030E97
:1002D00001285EF8086B41EB010414F5001418BF07
:1002E000B4F5801F23D3364208D4012A43EB03051B
:1002F00015F5001518BFB5F5801F18D301EB010CDB
:100300001CF5801F16D2364204D403EB030C1CF5F7
:10031000801F0FD2002C10D14FEAD17C002D0CEBA6
:100320004C0C0CF1020C08BF4CEBD37C07E04FF0F7
:10033000090C04E04FF0080C01E04FEAD37C0CEB11
:100340004C0526FA05F606F00706B6F1040C06D2AF
:100350000EEB860CBDE870404CF0010C6047DFE806
:100360000CF0222413025EF804CC1B2D08D1002CC3
:1003700088BFB4F5801F34BF4CF4804C4CF4004C63
:10038000BDE8704000F0C8BB002C88BFB4F5001F6A
:1003900024BF1946104670BD4FF000004FF00041D9
:1003A000A1F5002170BD19461046012851EB01044A
:1003B00018BFD4F5001484BF5EF804CC2CF0806C18
:1003C000BDE8704000F28783704780B54FF00306A8
:1003D0005C004FEA03334FEA3606640D4FEA1333ED
:1003E00018BF43F480131CD153EA125E04F10104D8
:1003F00002BF13460022203C1B4202BF130B120512
:10040000143CB3FA83FEAEF10B0ECEF1200C03FACE
:100410000EF322FA0CFC02FA0EF2A4EB0E0443EAED
:100420000C030FB416F0010F0CBC03BC18BF25461B
:10043000CED180BD80B50126F3E70808A0F50011F4
:100440004FEA3101704753EA010C11D41CF5801FAB
:1004500000F106808B4218BF704708BF8242704788
:1004600013F5801F58BF11F5801F18D48B427047B9
:100470001CF5801F09D552EA430C0EBF50EA410C0F
:100480009942704708BF904270474FF4001C1CEB24
:10049000430F38BF1CEB410F01D2994270470FB494
:1004A0000CBC03BCFFF720BE10B5DFF848E011F527
:1004B000801C13F580141EEA4C0F18BF1EEA440F6F
:1004C00009D091EA030F81F000413FF522AA83F0A1
:1004D000004300F02AB981EA030180EA020083EABE
:1004E000010382EA000281EA030180EA020000F0CF
:1004F00008BA00BF0000C0FF2DE9F04101F5801CE3
:10050000BCF5001FC0F2DC804FEA115C21EA0C51FF
:1005100041F480110CF1FD0C5FEA5C0C0CF5C07C21
:1005200001D34000494135A4890241EA9051870234
:100530008E0E0A0CA45D04FB04F602FB06F6C6F15F
:100540004046A4FB0662F60D46EA422606FB06F488
:10055000A4FB01235242C3F1404338BF5B1EA6FBFC
:1005600002420024E6FB0324D20B42EA4446A6FBE7
:100570000623A1FB02E2A3FB07E4E3FB6142644222
:10058000C2F1404E38BFAEF1010EA6FB04234FF07E
:100590000002E6FB0E32A2FB03463400E2FB62647B
:1005A000A1FB06E6A4FB07E8E4FB61687642C8F11C
:1005B000405838BFA8F10108A2FB06E4A3FB08E5F8
:1005C000E2FB6854A1FB05E6A7FB04E8E1FB6486B7
:1005D00018F12005F1EE104A56F10006A809B109FC
:1005E00014F4400F40EA866028D1A8F11B0808F0F7
:1005F0001F08B8F10A0F21D9BDE8F04101EB0C51F9
:100600004FF0170C4CF0804C00F086BAFCF5EEE889
:10061000E2DDD8D3CFCBC7C3C0BDB9B6B4B1AEACA1
:10062000A9A7A5A3A19F9D9B9A9896959392908F19
:100630008D8C8B898887868584838281A0FB006866
:1006400000FB01F208EB4208B8EB872858EA0602E3
:1006500015D014F4400F16D118EA080F07D5341836
:1006600058EB0104C8D5401C51F10001C4E7341A0D
:1006700078EB0104C0D4401E71F10001BCE701EB2E
:100680000C51BDE8F08114F4000F0CD118EA080FEA
:10069000B2D5361858EB0108401C51F1000136184C
:1006A00058EB0108F2E718EA080FA5D4361A78EBE0
:1006B0000108401E71F10001361A78EB0108F2E7DB
:1006C0005FEA4C0C5FEA9C5C14D10AD350EA013C0F
:1006D00001D1BDE8F08109420CD4FFF7ABFEA4467E
:1006E00018E7BDE8F04170B5FFF7EEFD6DDBFFBE2A
:1006F00017000004BDE8F0415FF80CC000F00CBA30
:1007000010B5DFF894E211F5801C13F580141EEA91
:100710004C0F18BF1EEA440F00F0F38091EA030F5C
:1007200048BF83F000433FF5F4A8841A71EB030C33
:1007300007D212198CF0004C43EB0C03001B61EB49
:100740000C0152424FEA1154A4EB135C23EAAE03AE
:1007500021EA0451C3EBAE0338BF5B1EDCF1200E6F
:1007600048D322FA0CFE10EB0E0043FA0CFE41EBCC
:100770000E01CCF1200E03FA0EFE10EB0E0051F12B
:100780000001CCF1200E4CD412FA0EF201EB045110
:10079000BDE8104008BF7047F1EE10CA1CF4400FCE
:1007A00014D14FF0120C92F0000F4CF0804C40F13D
:1007B000B381401C18BFB2F1004F40F0AD8100285A
:1007C0000CBF491C20F0010000F0A6B911F0004F49
:1007D00054BF1CF4000F1CF4800F4FF0120C4CF0AF
:1007E000804C40F09981401C40F0968141F100011D
:1007F00000F092B912EB020E43EB030218BF4FF068
:10080000010E4EEA4202ACF1200CDCF11E0E4BD977
:1008100043FA0CFE10EB0E0051F1FF31CCF11E0E2D
:10082000B2D50EF1010E12FA0EFE404141EB01016C
:1008300001EB445C5FEA5C5C06D95FEA0E0201EB07
:100840000451BDE81040A5E73BD24FEAD42C11F586
:10085000001124F400641AD0B1FA81F20B3AA41A00
:10086000A41ED2F12003914030FA03F319439040C3
:1008700001EBCC71002C01EB0451BDE81040A8BF86
:10088000704701F1C0414FF0120C00F087B8B0FA88
:1008900080F310FA03F101D1BDE8104019D0E41A39
:1008A000173C4805C90AE3E701EB0451BDE81040D5
:1008B000401E61F100015FF0FF326BE701EB045174
:1008C00010BD491001EB0451BDE810404FEA300063
:1008D0000BE0F1EE10CA4FF000010CF4400CBCF537
:1008E000000F08BF4FF0004170474FF0120C4A0054
:1008F00008BF0042EDD0B2F5001F28BF704700F0DE
:10090000EAB84EF4001E3EEA410418BF3EEA430432
:1009100034D091EA030F48BF83F000433FF5C9A8E4
:10092000841A71EB030C07D212198CF0004C43EBC4
:100930000C03001B61EB0C0152EA033E4FEA115419
:10094000A4EB135C14D05FEA445E21EA045109D0A1
:1009500023F000435242ACF1010CC3F1000338BF55
:100960005B1EFBE6BDE81040801A61EB0301BCE7AB
:10097000BDE8104050EA410CB7D1AAE7BDE81040ED
:1009800070B5FFF7A1FC00BF40DFF63E1100000488
:1009900083F00041104670470000C0FFF1EE103AAE
:1009A00013F0807F1EBF01F000410020704713F458
:1009B000006F40F0AA80094248BF4CF4803C4FF4DD
:1009C000C0634FEA115203F1010321EA025122F4FC
:1009D00000629A1A48BF6FF0FE0241F48011352A76
:1009E0003CD830D0152A1ED3203A0CD90028C2F1A9
:1009F000200321FA02F001FA03F218BF42F00102CB
:100A00004FF0000130E0C2F1000302F1200201FAD0
:100A100003F120FA02F241EA020100FA03F2084669
:100A20004FF0000120E0C2F1200310B400FA03F4FB
:100A300001FA03F320FA02F021FA02F1224610BC77
:100A400043EA000010E050EA01324FF000004FF09E
:100A500000014FF0004218BF521C05E04FF00102A8
:100A60004FF000014FF000001CF4803F2CF4803C5C
:100A700018BF41F0004112421ED0F1EE103A13F4BB
:100A8000400F20D1520003D30CD0401C41F1000193
:100A9000F1EE103A4CF0804C43F00803E1EE103ACE
:100AA00000F03AB85FEAAC72EFD4F1D1401C41F1EA
:100AB000000120F00100EBE71CF0804F08BF7047F9
:100AC0002CF0004CE4E7094254BF13F4000F13F478
:100AD000800FDDD1D9E7F1EE103A13F0807F1EBF11
:100AE00001F000410020704713F4006F08BF704709
:100AF0002DE9F050FFF79EFC04F5C064A4F1010459
:100B0000314301EB0451BDE8F0504CF0005C4CF077
:100B1000800C00F039BB00001CF0700F08BF0A46C3
:100B20000FB4F1EE101A0CF0405030EA814318BFB8
:100B30004CF0804C4FEA4C0310EA814F4FEAD363EC
:100B400023EA112318BF23F0100341EA030101F047
:100B5000E073E1EE101A4CEA030C0CF00F030A2BC1
:100B60001DBF082B0CF070034CEAC30C4FF400338C
:100B700004BF33EA0C034CF4400C1CF0005F14D1AA
:100B80001CF0805F0BD11CF0804F31D11CF0006F46
:100B900012D111F4807F0FBC62D000F0F5BA11F4CD
:100BA000806F0FBC2BD000F0EFBA11F4006F0FBCB8
:100BB00008BF704700F0E8BA11F4007F0FBC40F0A6
:100BC000E3821CF0400F1EBF4FF0004040F00100D8
:100BD00070471CF0100F14BF81EA030242400CF072
:100BE0000F000A2808BF4FF0FF324FF0000326E045
:100BF00011F4805F0FBC08BF704700F0C5BAF1EE7A
:100C0000103A2CF0805C1CF0800F14BF01F0004201
:100C100000F0004212420CBF12EA336F12EAF35F97
:100C20000DD31CF0100F1DBF30A003C81143314875
:100C300008BF104313F4805F40F0A68270471CF099
:100C4000100F02F000421DBF0FF2940003C81143C1
:100C5000254808BF104313F4805F40F09582704729
:100C60001CF0400F40F028801CF4404F1BD01CF4B7
:100C7000004F1CBF194610460CF4807218BF8CEA56
:100C8000520C1CF0800F0CBF40F4800041F4002196
:100C90008CEADC0313F0100F1CBF2CF00F0C4CF08F
:100CA000080C00F08DB91CF0100F1ABF12A393E8C6
:100CB0000300134800F084B91CF0800F14BF01F04A
:100CC000004200F000421CF0100F1BBF0AA393E883
:100CD00003000B48114308BF104300F071B900BF77
:100CE000000000000000F07F0000807FFFFFFFFF9A
:100CF000FFFFEF7FFFFF7F7F000000000000F87F15
:100D00000000C07F43004FEAD30C4FEA3C0C434045
:100D10001FBF40070CF1605113F0FE4F70471CF0ED
:100D2000006F14D133F0004004BF1946704783EAC6
:100D3000830383EA430303F0070343EACC010CF087
:100D4000004303F15A5303F54013FFF780B90CF049
:100D5000004343EA507010B540EACC0000F00FF8B1
:100D6000000000BA180000044FEA0001FFF765BB5D
:100D70004FEAE0024FEA407042F0E04170470EF166
:100D8000020E2EF0030E4FEA40025EF8084B12F1FD
:100D9000807218BFB2F5000F22D3244207D44FEA65
:100DA000410313F1807318BFB3F5000F18D34FEA56
:100DB000400C1CF5000F16D2244204D44FEA410C1B
:100DC0001CF5000F0FD2002A10D14FEAD07C002B67
:100DD0000CEB4C0C0CF1020C08BF4CEBD17C07E087
:100DE0004FF0090C04E04FF0080C01E04FEAD17C11
:100DF0000CEB4C0324FA03F404F00704B4F1040CE4
:100E000006D20EEB840CBDE810404CF0010C60479C
:100E1000DFE80CF01F2013025EF804CC1B2B08D176
:100E2000002A88BFB2F5000F34BF4CF4804C4CF45C
:100E3000004CBDE81040FFF76FBE002A88BFB2F13A
:100E4000807F28BF084610BD4FF00040A0F580000D
:100E500010BD0846420018BFD2F1807284BF5EF810
:100E6000042C22F08062BDE8104000F28A807047B6
:100E70004FF00000E1EE100A7047FF2141EAD05028
:100E8000C0057047F1EE101A11F0807F1CBF00F012
:100E90000040704711F4006F40F08E8000F0004376
:100EA00043EAD05323F48073C3F1C10323F000411C
:100EB000172941D8C3F1200310FA03F1C3F120032D
:100EC00020F07F4040F4000020FA03F003F00043DC
:100ED00040EA030019D00B46F1EE101A41F0080168
:100EE000E1EE101A11F4400F1CD1590009D318BFBC
:100EF000401C06D17FEAE27398BF401C38BF20F047
:100F0000010042F0804CFFF707BE12F0804F08BF8F
:100F10007047F1EE101A944641F00801E1EE101A04
:100F2000FFF7FABD10F0004F14BF5FEAF1535FEA1C
:100F3000316338BF401CE4E7182903EB912318BF45
:100F40006FF000410131F1EE101A41F00801E1EEBD
:100F5000101A11F4400F18BF03F00040E2D168BF2F
:100F600003F0004009D6400203F0004000F1010008
:100F700004BF12F0004F20F001004FF0804CFFF74B
:100F8000CBBDF1EE101A11F0807F1CBF00F00040C5
:100F9000704711F4006F08BF704700F0004120F067
:100FA0000040B0FA80F3A3F1080341F0C04100FA19
:100FB00003F0A1EBC351084442F0005C00F0E4B838
:100FC0000CF00F03092B08BF082000F0EF800A2B5C
:100FD00032D0082B18BF704708BF1CF0400F31D02B
:100FE0001CF4803F23D11CF0200F11D11CF0100FF6
:100FF0000BBF02460A466FF000406FF0004118BF79
:101000004FF0FF3012F0004F1CBFC043C943704780
:101010001CF0100F0CBF02460A4612F0004F4FF0B2
:10102000FF304FF0FF311CBFC043C94370474FF042
:1010300000004FF0000170471CF0400F18BF4FF048
:10104000004070471CF0100F08D020F0704300F0F3
:101050007F4242EAD3014FEA4370704700F060409C
:1010600021F07F4242EA000201F07F4040EA7270C4
:10107000704700004FF0FF0C4CF4E06C1CEA115379
:101080001CBF9CEA030C9445C2BFDA4201EB02513B
:101090007047002B39D0BCF1000F68D0A1EB035191
:1010A00012F5646F0EDDB2F5646FB8BFD218A2F509
:1010B00000635B1C15DA002AC4BF41EA0251704785
:1010C00012F5C062DFBF01F00041002041F0FE4197
:1010D00041F47801C8BF41EA02514FF01B0CFFF701
:1010E0005DBCA2F5C062A2F500635B1CB1BF41EA22
:1010F000025101F00041002041F0FE41A8BF41F43F
:101100007801DFF880C0FFF707BD50EA013308BF60
:1011100070475FEA013C1BD0BCFA8CF302B50CFAB5
:1011200003FCC3F1140320FA03F14CEA010CBDE8FF
:101130000240C3F114034FEA4C0C00FA03F001F033
:10114000004141EA1C314FEA4000C3F10003A7E728
:10115000B0FA80FC0CF1140300FA0CF041EAD02143
:10116000C3F100034FEA405021F4801198E750EAA0
:1011700001334FF09B0C18BF4CF0806C7EF4DAAC5E
:10118000704700BF9B0000102DE900502DE9005072
:10119000EFF7D4FABDE80050BDE800500CF00F03A3
:1011A00093F0090F18BF7047AFF300801CF4801F45
:1011B00024D01CF4E02F09D010F0080F02D1D0F198
:1011C000020070476FEACC31490070474FF0604130
:1011D00011EA407028BF40F04050F1EE103A23F081
:1011E000704343EA0003E1EE103AEFF3008222F08D
:1011F000704242EA000282F3008870471CEA004015
:1012000018BF01207047000074240108D1E30008D2
:10121000000000000000000080000000000000004E
:10122000000000004824010881C8000802000000F6
:1012300000000000000400000000000000000000AA
:101240006024010831A50008010000000000000032
:10125000000200000000000000000000542401080B
:101260003DB700080100000000000000000400007D
:1012700000000000000000004024010869DF0008B1
:1012800000000000000000008000000000000000DE
:10129000000000003824010829CF0008FEFF0000EC
:1012A000000000000001000000000000000000003D
:1012B0006C2401082547000803000000000000001E
:1012C00000040000000000000000000000061016EE
:1012D00000061016000000000000000001020304D8
:1012E00006070809000000000102030400606A47C5
:1012F00000000000000000000000D84100000000D5
:10130000000000000000004100000000000000009C
:1013100000007A46000000000000000000606A46FD
:10132000000000000050434700A08C460000000071
:1013300000504347CDCC4C3F000000000000F0417E
:1013400066660640000000000000000000007A46CB
:1013500000000000000000000000704100000000DC
:1013600000000000000070410000000000000000CC
:101370000000C844CDCC4C3E00000000005EBCE242
:10138000613FDD83C29C7E20A3FD1F419DC3217F61
:10139000FCA2401E5F01E3BD3E6082DC237D9FC155
:1013A000421CFEA0E1BF5D0380DE3C62BEE0025C49
:1013B000DF81633D7C22C09E1D43A1FF4618FAA435
:1013C00027799BC584DA3866E5BB5907DB85673921
:1013D000BAE406581947A5FB7826C49A653BD98715
:1013E000045AB8E6A7F91B45C6987A24F8A6441A09
:1013F00099C7257B3A6486D85B05E7B98CD2306EF5
:10140000EDB3510F4E10F2AC2F7193CD114FADF3E0
:10141000702ECC92D38D6F31B2EC0E50AFF1134DD4
:10142000CE90722C6D33D18F0C52B0EE326C8ED0C8
:10143000530DEFB1F0AE4C1291CF2D73CA947628B4
:10144000ABF517490856B4EA6937D58B5709EBB5A0
:1014500036688AD495CB2977F4AA4816E9B7550B94
:1014600088D6346A2B7597C94A14F6A8742AC89688
:10147000154BA9F7B6E80A54D7896B3500008911D6
:1014800012239B322446AD573665BF74488CC19DEC
:101490005AAFD3BE6CCAE5DB7EE9F7F881100801CC
:1014A00093331A22A5562C47B7753E64C99C408DCC
:1014B000DBBF52AEEDDA64CBFFF976E802218B3068
:1014C000100299132667AF763444BD554AADC3BCAC
:1014D000588ED19F6EEBE7FA7CC8F5D983310A208C
:1014E00091121803A7772E66B5543C45CBBD42AC8C
:1014F000D99E508FEFFB66EAFDD874C904428D5324
:1015000016619F702004A9153227BB364CCEC5DF6B
:101510005EEDD7FC6888E1997AABF3BA85520C434B
:1015200097711E60A1142805B3373A26CDDE44CF4B
:10153000DFFD56ECE9986089FBBB72AA06638F72E7
:1015400014409D512225AB343006B9174EEFC7FE2B
:101550005CCCD5DD6AA9E3B8788AF19B87730E620B
:1015600095501C41A3352A24B1163807CFFF46EE0B
:10157000DDDC54CDEBB962A8F99A708B08848195B3
:101580001AA793B62CC2A5D33EE1B7F04008C919FB
:10159000522BDB3A644EED5F766DFF7C89940085BB
:1015A0009BB712A6ADD224C3BFF136E0C1184809DB
:1015B000D33B5A2AE55E6C4FF77D7E6C0AA583B457
:1015C000188691972EE3A7F23CC0B5D14229CB38BB
:1015D000500AD91B666FEF7E744CFD5D8BB502A47B
:1015E00099961087AFF326E2BDD034C1C3394A289B
:1015F000D11A580BE77F6E6EF55C7C4D0CC685D713
:101600001EE597F42880A1913AA3B3B2444ACD5B7A
:101610005669DF78600CE91D722FFB3E8DD604C73A
:101620009FF516E4A9902081BBB332A2C55A4C4B5A
:10163000D7795E68E11C680DF33F7A2E0EE787F6D6
:101640001CC495D52AA1A3B03882B193466BCF7A3A
:101650005448DD59622DEB3C700EF91F8FF706E6FA
:101660009DD414C5ABB122A0B9923083C77B4E6A1A
:10167000D5585C49E33D6A2CF11E780F000000410B
:101680000000000000000000005EBCE2613FDD835E
:10169000C29C7E20A3FD1F419DC3217FFCA2401E52
:1016A0005F01E3BD3E6082DC237D9FC1421CFEA042
:1016B000E1BF5D0380DE3C62BEE0025CDF81633D32
:1016C0007C22C09E1D43A1FF4618FAA427799BC522
:1016D00084DA3866E5BB5907DB856739BAE4065812
:1016E0001947A5FB7826C49A653BD987045AB8E602
:1016F000A7F91B45C6987A24F8A6441A99C7257BF2
:101700003A6486D85B05E7B98CD2306EEDB3510FE1
:101710004E10F2AC2F7193CD114FADF3702ECC92D1
:10172000D38D6F31B2EC0E50AFF1134DCE90722CC1
:101730006D33D18F0C52B0EE326C8ED0530DEFB1B1
:10174000F0AE4C1291CF2D73CA947628ABF51749A1
:101750000856B4EA6937D58B5709EBB536688AD491
:1017600095CB2977F4AA4816E9B7550B88D6346A81
:101770002B7597C94A14F6A8742AC896154BA9F771
:10178000B6E80A54D7896B350000891112239B32C1
:101790002446AD573665BF74488CC19D5AAFD3BE41
:1017A0006CCAE5DB7EE9F7F88110080193331A2251
:1017B000A5562C47B7753E64C99C408DDBBF52AE21
:1017C000EDDA64CBFFF976E802218B301002991331
:1017D0002667AF763444BD554AADC3BC588ED19F01
:1017E0006EEBE7FA7CC8F5D983310A209112180311
:1017F000A7772E66B5543C45CBBD42ACD99E508FE1
:10180000EFFB66EAFDD874C904428D5316619F70E0
:101810002004A9153227BB364CCEC5DF5EEDD7FCC0
:101820006888E1997AABF3BA85520C4397711E60D0
:10183000A1142805B3373A26CDDE44CFDFFD56ECA0
:10184000E9986089FBBB72AA06638F7214409D51B0
:101850002225AB343006B9174EEFC7FE5CCCD5DD80
:101860006AA9E3B8788AF19B87730E6295501C4190
:10187000A3352A24B1163807CFFF46EEDDDC54CD60
:10188000EBB962A8F99A708B088481951AA793B670
:101890002CC2A5D33EE1B7F04008C919522BDB3A60
:1018A000644EED5F766DFF7C899400859BB712A630
:1018B000ADD224C3BFF136E0C1184809D33B5A2A40
:1018C000E55E6C4FF77D7E6C0AA583B41886919710
:1018D0002EE3A7F23CC0B5D14229CB38500AD91B20
:1018E000666FEF7E744CFD5D8BB502A499961087F0
:1018F000AFF326E2BDD034C1C3394A28D11A580B00
:10190000E77F6E6EF55C7C4D0CC685D71EE597F4BF
:101910002880A1913AA3B3B2444ACD5B5669DF78DF
:10192000600CE91D722FFB3E8DD604C79FF516E4AF
:10193000A9902081BBB332A2C55A4C4BD7795E68BF
:10194000E11C680DF33F7A2E0EE787F61CC495D58F
:101950002AA1A3B03882B193466BCF7A5448DD599F
:10196000622DEB3C700EF91F8FF706E69DD414C56F
:10197000ABB122A0B9923083C77B4E6AD5585C497F
:10198000E33D6A2CF11E780F0B080141090242C0A9
:10199000030A0B0440AC037D04014103057C0002F3
:1019A0006D0D026D09020000CDCC4C3ECDCC4C3EFD
:1019B000CDCC4C3E00000000920E493CB10AC93C1F
:1019C0002BC3163D2EFB483D752B7B3D04A9963D50
:1019D00080B6AF3D36BDC83D2FBCE13D73B2FA3D88
:1019E00087CF093E8340163EB5AB223EA2102F3E64
:1019F000CF6E3B3EC2C5473E0115543E135C603E70
:101A00007F9A6C3ECCCF783EC07D823E938E883EDE
:101A1000229A8E3E32A0943E86A09A3EE59AA03E3F
:101A2000128FA63ED47CAC3EEF63B23E2A44B83E51
:101A3000491DBE3E15EFC33E53B9C93ECA7BCF3EDA
:101A40004136D53E80E8DA3E4F92E03E7533E63EC1
:101A5000BBCBEB3EEA5AF13ECBE0F63E275DFC3EC7
:101A6000E4E7003F3D9C033F824B063F9BF5083F68
:101A70006B9A0B3FDA390E3FCDD3103F2A68133FE4
:101A8000D9F6153FC07F183FC6021B3FD17F1D3FCF
:101A9000CBF61F3F9967223F25D2243F5636273F7A
:101AA0001594293F4AEB2B3FDE3B2E3FBB85303F51
:101AB000C9C8323FF304353F233A373F4268393FC4
:101AC0003B8F3B3FF9AE3D3F67C73F3F70D8413F3B
:101AD00001E2433F03E4453F65DE473F12D1493F02
:101AE000F8BB4B3F029F4D3F207A4F3F3D4D513F4A
:101AF0004918533F31DB543FE595563F5348583F13
:101B00006AF2593F1A945B3F532D5D3F05BE5E3F1D
:101B10002146603F97C5613F5A3C633F59AA643FE5
:101B2000880F663FD86B673F3CBF683FA7096A3F95
:101B30000C4B6B3F5E836C3F93B26D3F9ED86E3F04
:101B400073F56F3F0809713F5213723F4714733F9B
:101B5000DD0B743F0BFA743FC6DE753F07BA763F64
:101B6000C58B773FF853783F9812793F9DC7793FEF
:101B700002737A3FBE147B3FCDAC7B3F283B7C3F5A
:101B8000C9BF7C3FAC3A7D3FCCAB7D3F23137E3F4A
:101B9000B0707E3F6DC47E3F580E7F3F6D4E7F3FDD
:101BA000AB847F3F0FB17F3F97D37F3F43EC7F3FB5
:101BB00011FB7F3F0000803F11FB7F3F43EC7F3FE5
:101BC00097D37F3F0FB17F3FAB847F3F6D4E7F3F09
:101BD000580E7F3F6DC47E3FB0707E3F23137E3F23
:101BE000CCAB7D3FAC3A7D3FC9BF7C3F283B7C3FBF
:101BF000CDAC7B3FBE147B3F02737A3F9DC7793FDC
:101C00009812793FF853783FC58B773F07BA763FF4
:101C1000C6DE753F0BFA743FDD0B743F4714733F0C
:101C20005213723F0809713F73F56F3F9ED86E3FA4
:101C300093B26D3F5E836C3F0C4B6B3FA7096A3FCD
:101C40003CBF683FD86B673F880F663F59AA643F27
:101C50005A3C633F97C5613F2146603F05BE5E3FEA
:101C6000532D5D3F1A945B3F6AF2593F5348583FEA
:101C7000E595563F31DB543F4918533F3D4D513FA9
:101C8000207A4F3F029F4D3FF8BB4B3F12D1493F57
:101C900065DE473F03E4453F01E2433F70D8413FE3
:101CA00067C73F3FF9AE3D3F3B8F3B3F4268393FFF
:101CB000233A373FF304353FC9C8323FBB85303F35
:101CC000DE3B2E3F4AEB2B3F1594293F5636273FEC
:101CD00025D2243F9967223FCBF61F3FD17F1D3F7E
:101CE000C6021B3FC07F183FD9F6153F2A68133F35
:101CF000CDD3103FDA390E3F6B9A0B3F9BF5083F6F
:101D0000824B063F3D9C033FE4E7003F275DFC3EDE
:101D1000CBE0F63EEA5AF13EBBCBEB3E7533E63EF6
:101D20004F92E03E80E8DA3E4136D53ECA7BCF3E58
:101D300053B9C93E15EFC33E491DBE3E2A44B83EC5
:101D4000EF63B23ED47CAC3E128FA63EE59AA03E35
:101D500086A09A3E32A0943E229A8E3E938E883E72
:101D6000C07D823ECCCF783E7F9A6C3E135C603E55
:101D70000115543EC2C5473ECF6E3B3EA2102F3EDA
:101D8000B5AB223E8340163E87CF093E73B2FA3D83
:101D90002FBCE13D36BDC83D80B6AF3D04A9963DA0
:101DA000752B7B3D2EFB483D2BC3163DB10AC93C2C
:101DB000920E493C00000000920E49BCB10AC9BC19
:101DC0002BC316BD2EFB48BD752B7BBD04A996BD4C
:101DD00080B6AFBD36BDC8BD2FBCE1BD73B2FABD84
:101DE00087CF09BE834016BEB5AB22BEA2102FBE60
:101DF000CF6E3BBEC2C547BE011554BE135C60BE6C
:101E00007F9A6CBECCCF78BEC07D82BE938E88BEDA
:101E1000229A8EBE32A094BE86A09ABEE59AA0BE3B
:101E2000128FA6BED47CACBEEF63B2BE2A44B8BE4D
:101E3000491DBEBE15EFC3BE53B9C9BECA7BCFBED6
:101E40004136D5BE80E8DABE4F92E0BE7533E6BEBD
:101E5000BBCBEBBEEA5AF1BECBE0F6BE275DFCBEC3
:101E6000E4E700BF3D9C03BF824B06BF9BF508BF64
:101E70006B9A0BBFDA390EBFCDD310BF2A6813BFE0
:101E8000D9F615BFC07F18BFC6021BBFD17F1DBFCB
:101E9000CBF61FBF996722BF25D224BF563627BF76
:101EA000159429BF4AEB2BBFDE3B2EBFBB8530BF4D
:101EB000C9C832BFF30435BF233A37BF426839BFC0
:101EC0003B8F3BBFF9AE3DBF67C73FBF70D841BF37
:101ED00001E243BF03E445BF65DE47BF12D149BFFE
:101EE000F8BB4BBF029F4DBF207A4FBF3D4D51BF46
:101EF000491853BF31DB54BFE59556BF534858BF0F
:101F00006AF259BF1A945BBF532D5DBF05BE5EBF19
:101F1000214660BF97C561BF5A3C63BF59AA64BFE1
:101F2000880F66BFD86B67BF3CBF68BFA7096ABF91
:101F30000C4B6BBF5E836CBF93B26DBF9ED86EBF00
:101F400073F56FBF080971BF521372BF471473BF97
:101F5000DD0B74BF0BFA74BFC6DE75BF07BA76BF60
:101F6000C58B77BFF85378BF981279BF9DC779BFEB
:101F700002737ABFBE147BBFCDAC7BBF283B7CBF56
:101F8000C9BF7CBFAC3A7DBFCCAB7DBF23137EBF46
:101F9000B0707EBF6DC47EBF580E7FBF6D4E7FBFD9
:101FA000AB847FBF0FB17FBF97D37FBF43EC7FBFB1
:101FB00011FB7FBF000080BF11FB7FBF43EC7FBFE1
:101FC00097D37FBF0FB17FBFAB847FBF6D4E7FBF05
:101FD000580E7FBF6DC47EBFB0707EBF23137EBF1F
:101FE000CCAB7DBFAC3A7DBFC9BF7CBF283B7CBFBB
:101FF000CDAC7BBFBE147BBF02737ABF9DC779BFD8
:10200000981279BFF85378BFC58B77BF07BA76BFF0
:10201000C6DE75BF0BFA74BFDD0B74BF471473BF08
:10202000521372BF080971BF73F56FBF9ED86EBFA0
:1020300093B26DBF5E836CBF0C4B6BBFA7096ABFC9
:102040003CBF68BFD86B67BF880F66BF59AA64BF23
:102050005A3C63BF97C561BF214660BF05BE5EBFE6
:10206000532D5DBF1A945BBF6AF259BF534858BFE6
:10207000E59556BF31DB54BF491853BF3D4D51BFA5
:10208000207A4FBF029F4DBFF8BB4BBF12D149BF53
:1020900065DE47BF03E445BF01E243BF70D841BFDF
:1020A00067C73FBFF9AE3DBF3B8F3BBF426839BFFB
:1020B000233A37BFF30435BFC9C832BFBB8530BF31
:1020C000DE3B2EBF4AEB2BBF159429BF563627BFE8
:1020D00025D224BF996722BFCBF61FBFD17F1DBF7A
:1020E000C6021BBFC07F18BFD9F615BF2A6813BF31
:1020F000CDD310BFDA390EBF6B9A0BBF9BF508BF6B
:10210000824B06BF3D9C03BFE4E700BF275DFCBEDA
:10211000CBE0F6BEEA5AF1BEBBCBEBBE7533E6BEF2
:102120004F92E0BE80E8DABE4136D5BECA7BCFBE54
:1021300053B9C9BE15EFC3BE491DBEBE2A44B8BEC1
:10214000EF63B2BED47CACBE128FA6BEE59AA0BE31
:1021500086A09ABE32A094BE229A8EBE938E88BE6E
:10216000C07D82BECCCF78BE7F9A6CBE135C60BE51
:10217000011554BEC2C547BECF6E3BBEA2102FBED6
:10218000B5AB22BE834016BE87CF09BE73B2FABD7F
:102190002FBCE1BD36BDC8BD80B6AFBD04A996BD9C
:1021A000752B7BBD2EFB48BD2BC316BDB10AC9BC28
:1021B000920E49BC000000804FBB610567ACDD3F5B
:1021C000182D4454FB21E93F9BF681D20B73EF3F5E
:1021D000182D4454FB21F93FE2652F227F2B7A3CD6
:1021E000075C143326A6813CBDCBF07A8807703C8F
:1021F000075C143326A6913CC4EB98999999C9BF02
:10220000711623FEC671BCBF6D9A74AFF2B0B3BF36
:102210009AFDDE522DDEADBF2F6C6A2C44B4A2BFF6
:102220000D5555555555D53FFF8300922449C23F62
:102230006E204CC5CD45B73F513DD0A0660DB13F96
:10224000EB0D76244B7BA93F11DA22E33AAD903FA8
:1022500004FA97999999D93FAF788E1DC571CC3FF3
:102260009FC678D0099AC33F935555555555E53FBC
:10227000599322942449D23FDE03CB966446C73F4C
:1022800044523EDF12F1C23F000000000000F03F68
:10229000000000000000F83F000000000000000007
:1022A0000000004003B8E23F000000000000000012
:1022B00006D0CF43EBFD4C3E033333333333E33FA0
:1022C000FFAB6FDBB66DDB3F4D268F515555D53FCC
:1022D00001411DA96074D13F65DBC9934A86CD3F9A
:1022E000EF4E454A287ECA3F3E5555555555C53F88
:1022F00093BDBE166CC166BF2CDE25AF6A56113F7A
:10230000F16BD2C541BDBBBED0A4BE726937663E7B
:102310004C5555555555A53F7751C1166CC156BF03
:102320009015CB19A001FA3EAD529C804F7E92BE13
:10233000C4B1B4BD9EEE213ED43888BEE9FAA8BD32
:10234000000000000000000000004054FB21F93FA5
:102350003163621A61B4D03D0000601A61B4D03DAF
:102360007370032E8A19A33B0000002E8A19A33B29
:10237000C14920259A837B3900000000000000003D
:102380006E83F9A22915444ED15727FCC0DD34F5E0
:10239000999562DB4190433CAB6351FE61C5BBDE66
:1023A0003A6E24B7E0D24D42EA2E49061C92D1097A
:1023B0001CEB1DFE3EA729B1F53582E88444BB2EF7
:1023C00026709CE9417E5FB439D69139F439538344
:1023D0008B5F849C3B28F9BDFF97F81F0F9805DEA3
:1023E0008B112FEF1F6D0A5ACF7E366DB709CB27A1
:1023F000663F464F2DEA5F9EC7BA27757BF1E5EB36
:10240000F739073DEA92528AB15FFB6B085D8D1F79
:10241000A6F810111111813FD561C119A0012ABF81
:102420007DFEB157E31DC73EEB9C2B8AE6E55ABE05
:102430007CD5CF5A3AD9E53D4F4C454400000000C9
:10244000524546455245450047696D62616C54618D
:10245000736B0000436861737369735461736B003D
:1024600041696D426F745461736B0000696D7554FE
:1024700061736B0074657374000000009C24010894
:102480000000002038020000C401000818250108DF
:1024900038020020B8C800002002000801203201E4
:1024A0008210036D24F41AAA0101481A01021AFFCE
:1024B0000169080928380115EAA2432A82559915AD
:1024C0005A921089265B803F080212BF791C091DB1
:1024D000246920E93809161001121CC00308D4121F
:1024E000082999100DE7416B3A58A08B3A7D0401F9
:1024F0007C160240AB034110090553080658040737
:102500000F160810820911160A15800B16850C1873
:08251000010D2DCDCC1C41048E
:040000050800018965
:00000001FF
